url,tipo,nome_popular,nome_cientifico,ordem,familia,origem,alimentacao,sociabilidade,ph,ph_min,ph_max,temperatura_ideal,temp_min_c,temp_max_c,expectativa_vida,manutencao,tamanho_adulto,iluminacao,co2,crescimento,posicionamento,companheiros_sugeridos,imagem_principal_url,imagens_galeria,raw_description_snippet
https://www.kauar.com.br/agua-doce/asiaticos/abelhinha-brachygobius-xanthozonus,peixe_ou_camarao,Peixe Abelhinha,Brachygobius doriae,,,,,o peixe Abelhinha,"6,8",6.8,6.8,7 a 8.5,7.0,8.5,,,,,,,,,https://images.tcdn.com.br/img/img_prod/749804/peixe_abelhinha_2_a_3_cm_brachygobius_doriae_205_1_74682e4870656ab35821e9ce645bb0d0.jpg,,"Peixe Abelhinha
|
Brachygobius doriae
(Günther, 1868)
Origem:
o peixe Abelhinha é um peixe ornamental de água doce, ou levemente salobra, encontrado nas regiões da
Ásia: Indonésia, Malásia, Brunei e Cingapura.
Características:
O Abelhinha é um peixinho inigualável
e carismático, queridinho dos aquaristas ao redor do mundo, com um
corpo amarelo e com listras verticais, na cor preta, e seu tamanho reduzido, pois, raramente ultrapassa 4,5cm de comprimento, inspirou o nome peixe Abelhinha. Também pode ser conhecido como Bumblebee Goby, ou por seu nome científico Brachygobius doriae. O peixe Abelhi"
https://www.kauar.com.br/agua-doce/asiaticos/agulhinha-comum-dermogenys-pusilla,peixe_ou_camarao,Agulhinha Comum,Dermogenys pusilla,,,,,,"7,0 a 8,0",7.0,8.0,24ºC  a 28ºC,24.0,28.0,,,,,,,,Agulhinha,https://images.tcdn.com.br/img/img_prod/749804/agulhinha_comum_dermogenys_pusilla_203_1_ef3825e65308fdac1ce79ab1e0643378.png,,"AGULHINHA, ESSE PEIXE DE ÁGUA DOCE E VISUAL SENSACIONAL VAI TE ENCANTAR
O Agulhinha é encontrado em países como Índia, Myanmar, Tailândia, Laos, Camboja, Vietnã, Filipinas, Malásia e Indonésia). T
ambém chamado Agulha Comum, é um peixe asiático de águas salobras, muito tranquilo e que gosta de nadar próximo ao espelho d´água.
O Agulhinha possui dimorfismo sexual, sendo a fêmea maior que o macho (na fase adulta, a fêmea pode atingir até 7cm, enquanto o macho atinge o tamanho médio de 5cm). Além disso, as fêmeas possuem a nadadeira anal em formato de leque. O macho é mais colorido que a fêmea e "
https://www.kauar.com.br/agua-doce/asiaticos/agulhinha-prata-dermogenys-pusilla,peixe_ou_camarao,Agulhinha Prata,Dermogenys pusilla,,,,,,"6,5 a 7,5",6.5,7.5,15 a 20,15.0,20.0,,,,,,,,Agulhinha,https://images.tcdn.com.br/img/img_prod/749804/agulhinha_prata_3_a_4_cm_dermogenys_pusilla_201_2_b22ce03bc8b4226ffb9f62aac15fc28e.jpg,,"Agulhinha Prata
Peixes de Aquário
Peixes Ornamentais
Origem:
Ásia (encontrado em países como Índia, Mianmar, Tailândia, Laos, Camboja, Vietnã, Filipinas, Malásia e Indonésia).
Características:
o Agulhinha Prata, também chamado Agulha Comum, Wrestling Halfbeak ou Needle Gar, é um peixe asiático de águas salobras, muito tranquilo e que gosta de nadar próximo ao espelho d´água. Os Agulhinhas possuem dimorfismo sexual, sendo a fêmea maior que o macho (na fase adulta, a fêmea pode atingir até 7cm, enquanto o macho atinge o tamanho médio de 5cm). Além disso, as fêmeas possuem a nadadeira anal em for"
https://www.kauar.com.br/agua-doce/asiaticos/balashark-balantiocheilos-melanopterus,peixe_ou_camarao,Balashark,Balantiocheilos melanopterus,,,,,,"6,4 a 7,2",6.4,7.2,24 a 28ºC,24.0,28.0,,,,,,,,,https://images.tcdn.com.br/img/img_prod/749804/balashark_balantiocheilos_melanopterus_861_1_45a5647beba85c5220d1aff38f9e5785.jpg,,"Balashark  | Balantiocheilos melanopterus
Peixes de água doce
Peixes Ornamentais
Origem:
encontrado na região do sudeste Asiático
Características:
O Balashark pode chegar a 35 cm e costuma viver em média 10 anos. Também conhecido como Tubarão Bala, esse animal tem um lindo corpo prateado e margens negras em suas nadadeiras dorsal, caudal, anal e pélvica. O formato triangular de sua nadadeira dorsal aliado ao formato de seu corpo dá ao Balashark o ""título"" de tubarão, uma vez que, são características similares aos verdadeiros tubarões. É um nadador ágil e rápido, porém, se assusta facilmente ch"
https://www.kauar.com.br/agua-doce/asiaticos/botia-blue-red-tail-modesta,peixe_ou_camarao,Botia Blue Red Tail,Yasuhikotakia modesta,,,,,,"6,8",6.8,6.8,25 e 30ºC,25.0,30.0,,,,,,,,,https://images.tcdn.com.br/img/img_prod/749804/botia_blue_red_tail_5_a_6_cm_yasuhikotakia_modesta_71_1_03c17011dfec16cf04afad0bd1bea3b1.jpg,,"Botia Red Tail Modesta
Peixes de água doce
Peixes Ornamentais
Origem:
encontradas no sul da Ásia mais propriamente das correntes da Malásia, Tailândia e Vietname.
Características:
A Botia Modesta possui pequenas escamas corporais em um tom de azul cinzento que contrastam com o colorido de suas barbatanas, completando a beleza exótica desse peixe ornamental. O peixinho também possui um espinho eréctil a frente dos olhos e 4 barbilhos em sua sua boca.
Comportamento:
O botia-modesta é um peixe que deve ser mantido em grupos da mesma espécie.  Esse peixe é altamente territorial, e muitas brigas se"
https://www.kauar.com.br/agua-doce/asiaticos/botia-lohachata-yoyo,peixe_ou_camarao,Botia Lohachata Yoyo,Botia almorhae,,,,,,"6,2 à 8,0",6.2,8.0,24º à 30ºC,24.0,30.0,,,,,,,,,https://images.tcdn.com.br/img/img_prod/749804/botia_lohachata_yoyo_69_1_20201211001334.jpg,,"Botia Lohachata Yo Yo
Peixes de água doce
Peixes Ornamentais
Origem:
encontradas nas regiões da Oceania, Bornéu e Sumatra.
Características:
Um dos grandes diferenciais da Botia Lohachata são suas marcações corporais. Também conhecida como Botia Pasquitanesa esse peixe ornamental é uma fofura, dócil e cheio de listras se destaca pelo seus quatro pares de barbilhões e por sua encantadora coloração prateada/dourada com listras pretas.
Comportamento:
sendo uma das espécies de Botia mais pacíficas, a Botia Lohachata pode até mesmo ser mantida em aquários comunitários. É um peixe ornamental muito tr"
https://www.kauar.com.br/agua-doce/asiaticos/goby-dardo-ctenogobius-boleosoma-sensacional,peixe_ou_camarao,Goby Dardo,Ctenogobius boleosoma,,,,,,6.8 a 8.0,6.8,8.0,22 ºC a 28ºC,22.0,28.0,,,,,,,,,https://images.tcdn.com.br/img/img_prod/749804/goby_dardo_2_a_4_cm_ctenogobius_boleosoma_lindo_1_20250911121914_ccd4e0a5d24e.jpg,,"GOBY DARDO É UM PEIXE FANTÁSTICO, E EXÓTICO, QUE VAI SE DESTACAR BASTANTE EM SEU AQUÁRIO DE ÁGUA DOCE
O Gobb Dardo, Ctenogobius boleosoma, é um peixe excepcional, que possui uma adaptação incrível. É um peixe eurialino, ou seja, capaz de viver em vários ambientes com diferentes níveis de salinidade. Por isso a sua distribuição é muito ampla, pode ser encontrado em todo continente americano, desde a Carolina do Norte, EUA, até o Sul do Brasil. Ele possui um corpo alongado, as cores variam do cinza, marrom, dourado, com manchas escuras que distribuídas ao longo do seu corpo. O Nome popular “Dard"
https://www.kauar.com.br/agua-doce/asiaticos/labeo-bicolor,peixe_ou_camarao,Labeo Bicolor,Epalzeorynchos bicolor,,,,,,"6,8",6.8,6.8,26ºC,26.0,26.0,,,,,,,,,https://images.tcdn.com.br/img/img_prod/749804/labeo_bicolor_2_a_3_cm_epalzeorynchos_bicolor_63_1_2baa045fe19730649bc268a216024a85.png,,"Labeo Bicolor
Peixes de água doce
Peixes Ornamentais
Origem:
Tailândia
Características:
o Labeo Bicolor é um peixinho que faz sucesso entre os aquaristas, esse sucesso se deve pela charmosa combinação das suas escamas corporais escuras e sua cauda laranja.
Comportamento:
o Labeo Bicolor é comumente taxado de agressivo e não recomendado para aquários comunitários, mas isso não significa que esse peixinho deve ser mantido sozinho, mas sim com outros peixes que sejam compatíveis. Quando atingem a maturidade esse peixe pode se  tornar territorialista.
Coabitação com outras espécies:
pacífico com o"
https://www.kauar.com.br/agua-doce/asiaticos/labeo-frenatus-albino-g-epalzeorynchos-frenatus,peixe_ou_camarao,Labeo Frenatus Albino,Epalzeorynchos frenatus,,,,,,6.5 a 7.0,6.5,7.0,15 a 20,15.0,20.0,,,,,,,,,https://images.tcdn.com.br/img/img_prod/749804/labeo_frenatus_albino_2_a_3_cm_epalzeorynchos_frenatus_197_1_a8caec8f92bc92f64fa1a1ee97f38fe6.png,,"Labeo Frenatus Albino Grande
Peixes de Água Doce
Peixes de Aquário
Origem:
Ásia
Características:
o Labeu Frenatus Albino, também conhecido como Rainbow Sharkminnow ou Rainbow Shark, é um peixe territorialista, mas bastante sociável também. Raramente ataca os companheiros de aquário e é muito brincalhão. É um espécie muito veloz, com um visual muito bonito. Todas as suas nadadeiras são ligeiramente avermelhadas, em contraste com o corpo na coloração cinza grafite. Para que as suas cores fiquem sempre vibrantes, é muito importante que todos os parâmetros da água estejam sob controle, caso contrá"
https://www.kauar.com.br/agua-doce/asiaticos/labeo-frenatus-g,peixe_ou_camarao,Labeo Frenatus,Epalzeorhynchus Frenatus,,,,,,6.5 a 7.0,6.5,7.0,15 a 20,15.0,20.0,,,,,,,,,https://images.tcdn.com.br/img/img_prod/749804/labeo_frenatus_3_a_5_cm_epalzeorhynchus_frenatus_59_1_04a6b18ee2ec86d663abaff3b91fcae6.png,,"Labeo Frenatus G
Peixes de água doce
Peixes Ornamentais
Origem:
encontrado na Ásia.
Características:
O Labeo Frenatus é um peixe ornamental de água doce famoso por sua velocidade e beleza. Pode alcançar até 14 cm em seu aquário. É um peixe pacífico, apesar de ser conhecido também como ""tubarãozinho"".  Suas nadadeiras vermelhas são o grande charme desse peixe ornamental.
Comportamento:
os Labeo Frenatus são pacíficos com a maioria dos outros peixes, mas se tornam agressivos e territorialistas com membros da espécie ou peixes semelhantes, por isso evita-se manter dois ou mais da mesma espécie no"
https://www.kauar.com.br/agua-doce/asiaticos/labeotropheus-trewavasae-red-top-albino-lago-malawi,peixe_ou_camarao,Trewavasae Red Top Albino,Labeotropheus trewavasae,,,,,,7.8 a 8.6,7.8,8.6,23ºC a 28ºC,23.0,28.0,,,,,,,,Aulonocaras,https://images.tcdn.com.br/img/img_prod/749804/labeotropheus_trewavasae_red_top_albino_4_a_5_cm_415_1_4c27c8670a09ebdd6de9e69edf73b519.png,,"LABEOTROPHEUS TREWAVASAE RED TOP ALBINO, UM CICLÍDEO AFRICANO DO GRUPO MBUNA
Labeotropheus Trewavasae Red Top Albino
é um ciclídeo do Lago Malawi, do grupo dos Mbunas, nome popular que significa “peixe das rochas” (na linguagem do povo africano Tonga, que habita as margens do Lago, pronuncia-se Mmm-boo-nah). Os Mbunas vivem especialmente nas áreas mais rochosas do biótopo, em fendas, cavernas e grutas subaquáticas localizadas próximas às margens do Lago.
É o grupo mais comum de ciclídeos desse lago africano. Este grande volume populacional de Mbunas na natureza também é responsável por parte d"
https://www.kauar.com.br/agua-doce/asiaticos/labeotropheus-trewavasae-red-top-lago-malawi,peixe_ou_camarao,Trewavasae Red Top,Labeotropheus Trewavasae,,,,,,7.8 a 8.6,7.8,8.6,23ºC a 28ºC,23.0,28.0,,,,,,,,Aulonocaras,https://images.tcdn.com.br/img/img_prod/749804/labeotropheus_trewavasae_red_top_4_a_5_cm_413_1_2c23052223f8bc6349b1aeaa1b68b119.jpg,,"LABEOTROPHEUS TREWAVASAE RED TOP, UM CICLÍDEO AFRICANO DO GRUPO MBUNA
Labeotropheus Trewavasae Red Top
é um ciclídeo do Lago Malawi, do grupo dos Mbunas, nome popular que significa “peixe das rochas” (na linguagem do povo africano Tonga, que habita as margens do Lago, pronuncia-se Mmm-boo-nah). Os Mbunas vivem especialmente nas áreas mais rochosas do biótopo, em fendas, cavernas e grutas subaquáticas localizadas próximas às margens do Lago.
É o grupo mais comum de ciclídeos desse lago africano. Este grande volume populacional de Mbunas na natureza também é responsável por parte do seu territor"
https://www.kauar.com.br/agua-doce/asiaticos/melanotaenia-maca-glossolepis-incisus,peixe_ou_camarao,Melanotaenia Maçã,Glossolepis Incisus,,,,,,"7,2 a 8,2",7.2,8.2,26 a 30,26.0,30.0,,,,,,,,,https://images.tcdn.com.br/img/img_prod/749804/peixe_arco_iris_vermelho_melanotaenia_maca_glossolepis_incisus_863_1_873f53b12fe25bf6604878773241c307.jpg,,"PEIXE ARCO-ÍRIS VERMELHO (MELANOTAENIA MAÇÃ): QUE TAL UM PARA CHAMAR DE SEU?
O Peixe Arco-Íris Vermelho (Melanotaenia Maçã) é um peixe ornamental muito pacífico que se destaca pela sua coloração bastante chamativa, daí vem o motivo de seu nome. Apesar de sua distribuição reduzida é um popular peixe de aquário. Na época da reprodução, os machos adquirem um tom vermelho-vivo e as fêmeas são prateadas com laivos amarelos.
O Peixe Arco-Íris Vermelho
(Melanotaenia Maçã)
um peixe muito sociável e de hábitos tranquilos. Espécie bastante sociável, por isso aconselha-se a mantê-lo em grupos de pelo men"
https://www.kauar.com.br/agua-doce/asiaticos/melanotaenia-neon-melanotaenia-praecox,peixe_ou_camarao,Melanotaenia Blue Neon Anã,Melanotaenia praecox,,,,,,"6,6 a 7,4",6.6,7.4,22 a 30,22.0,30.0,,,,,,,,,https://images.tcdn.com.br/img/img_prod/749804/melanotaenia_neon_melanotaenia_praecox_871_1_3b3aaa8d4e4379414f3bcc47e539852e.jpg,,"Melanotaenia Neon | Melanotaenia praecox
Peixe ornamental
Peixe de aquário
Imagens Ilustrativas de um peixe aclimatado: @betta.solutions
Origem:
encontrado nas regiões da Ásia.
Características:
O Melanotaenia Neon  é um peixe ornamental que se destaca pela sua coloração bastante chamativa, daí vem o motivo de seu nome. Apesar de seu tamanho reduzido, o Arco Íris Neon possui um corpo robusto que se destaca.
Comportamento e Coabitação com outras espécies:
é um peixe muito sociável e de hábitos tranquilos. Espécie bastante sociável, por isso aconselha-se a mantê-lo em grupos de pelo menos 6 espéc"
https://www.kauar.com.br/agua-doce/asiaticos/melanotaenia-rainbow-blue-lacustri-melanotaenia-lacustri,peixe_ou_camarao,Melanotaenia Lacustri,Rainbow Blue,,,,,,"6,6 a 7,4",6.6,7.4,22 a 30,22.0,30.0,,,,,,,,,https://images.tcdn.com.br/img/img_prod/749804/melanotaenia_rainbow_blue_lacustri_4_a_6_cm_mel_1_20251031100542_2ed801c4b2aa.jpg,,"Imagens Ilustrativas de um peixe aclimatado
Conheça e se apaixone pela Melanotaenia Lacustri, um perfeito peixe arco-íris, que dará brilho e movimento ao seu aquário
O Melanotaenia Lacustri é um peixe ornamental que se destaca pela sua coloração bastante chamativa. Possui uma base com um brilho metálico, e r
ealces com varias cores, que lembram um arco-íris. Possui um corpo robusto, principalmente os machos, esses também possuem cores mais fortes. As fêmeas são mais alongadas, mas igualmente bonitas. São peixes tranquilos e curiosos, que nadam por todo aquário.
Comportamento e Coabitação com o"
https://www.kauar.com.br/agua-doce/asiaticos/peixe-arco-iris-melanotaenia-papue,peixe_ou_camarao,Melanotaenia Trifasciata Gold,Melanotaenia papue,,,,,,"6,6 a 7,4",6.6,7.4,22 a 30,22.0,30.0,,,,,,,,,https://images.tcdn.com.br/img/img_prod/749804/melanotaenia_trifasciata_gold_melanotaenia_papue_873_2_ea34f82279e3954b246bac57eec0405e.jpg,,"Melanotaenia Trifasciata Gold
Peixe ornamental
Peixe de aquário
Origem:
encontrado nas regiões da Ásia.
Características:
O Arco Íris Melanotaenia papue é um peixe ornamental que se destaca pela sua coloração bastante chamativa daí vem o motivo de seu nome. Apesar de seu tamanho reduzido, esse peixinho possui um corpo robusto que se destaca.
Comportamento e Coabitação com outras espécies:
é um peixe muito sociável e de hábitos tranquilos. Espécie bastante sociável, por isso aconselha-se a mantê-lo em grupos de pelo menos 6 espécimes ou mais, usando como base duas fêmeas para cada macho, assim o"
https://www.kauar.com.br/agua-doce/asiaticos/peixe-lapis-nannostomus-trifasciatus,peixe_ou_camarao,Peixe Lápis,Nannostomus trifasciatus,,,,,,5.,5.0,5.0,24°C a 28°C,24.0,28.0,,,,,,,,,https://images.tcdn.com.br/img/img_prod/749804/peixe_lapis_nannostomus_trifasciatus_9_1_e65a5e12910768303e3ffee22df91db3.jpg,,"Peixe Lápis Dourado, um peixe de água doce para seu aquário
Encontrado na América do Sul, bacia Amazônica na Venezuela, também é conhecido como Zepelim, Peixe Lápis e Torpedinho. São diferentes nomes para uma variedade de espécie. O Peixe Lápis é um clássico do aquarismo amazônico e comunitário. Você vai amar observar um cardume dessas belezas em seu aquário.
Comportamento e convivência com outras espécies
O Peixe Lápis é  uma espécie extremamente pacífica, ideal para aquários comunitários. Eles a
preciam aquário densamente plantado e você pode optar também por um aquário do tipo biótopo, com "
https://www.kauar.com.br/agua-doce/asiaticos/peixe-paraiso-albino-macropodus-opercularis,peixe_ou_camarao,Peixe Paraíso Albino,Macropodus opercularis,,,,,,"6,6 a 7,8",6.6,7.8,22 a 30,22.0,30.0,,,,,,,,,https://images.tcdn.com.br/img/img_prod/749804/peixe_paraiso_albino_3_a_5_cm_macropodus_opercularis_867_1_d97c11fc399360e95aee95c103fc53e4.jpg,,"Peixe Paraíso Albino | Macropodus Opercularis
Peixe ornamental
Peixe de aquário
Origem:
encontrado nas regiões da Ásia.
Características:
o Peixe do Paraíso quando bem adaptado, adquire cores fantásticas, com faixas azuis e vermelhas. Sua coloração deslumbrante de listras azuis brilhantes em um fundo que varia entre o vermelho e azul remete ao seu nome popular ""peixe paraíso"".
Comportamento e Coabitação com outras espécies:
Seu comportamento é bastante variável, espécie territorial, mas não é realmente um peixe tão terrível como falam. Em cardume (5-6 indivíduos) sua agressividade diminui consi"
https://www.kauar.com.br/agua-doce/asiaticos/peixe-paraiso-macropodus-opercularis,peixe_ou_camarao,Peixe Paraíso,Macropodus opercularis,,,,,,"6,6 a 7,8",6.6,7.8,22 a 30,22.0,30.0,,,,,,,,,https://images.tcdn.com.br/img/img_prod/749804/peixe_paraiso_3_a_5_cm_macropodus_opercularis_869_1_aa5ae4f4205e93549d812341bce3abed.jpg,,"Peixe Paraíso | Macropodus opercularis
Peixe ornamental
Peixe de aquário
Origem:
encontrado nas regiões da Ásia.
Características:
o Peixe do Paraíso quando bem adaptado, adquire cores fantásticas, com faixas azuis e vermelhas. Sua coloração deslumbrante de listras azuis brilhantes em um fundo que varia entre o vermelho e azul remete ao seu nome popular ""peixe paraíso"".
Comportamento e Coabitação com outras espécies:
Seu comportamento é bastante variável, espécie territorial, mas não é realmente um peixe tão terrível como falam. Em cardume (5-6 indivíduos) sua agressividade diminui consideravel"
https://www.kauar.com.br/agua-doce/asiaticos/peixe-vidro-indiano-parambassis-ranga,peixe_ou_camarao,Tetra Vidro,Parambassis ranga,,,,,,"6,6 a 8,0",6.6,8.0,22 a 30,22.0,30.0,,,,,,,,,https://images.tcdn.com.br/img/img_prod/749804/peixe_vidro_indiano_parambassis_ranga_865_1_0fe20b4c0af0f0802174c5f4798af420.jpg,,"Tetra Vidro | Parambassis Ranga
Peixe ornamental
Peixe de aquário
Imagens ilustrativas: Frank Greco.
Origem:
encontrado na região sudeste da Ásia.
Características:
o
Tetra Vidro também conhecido como Peixe Vidro Indiano de raio-x possui esse nome devido ao seu corpo transparente que releva seus ossos e órgãos internos. Pacífico e relativamente tímido esse peixinho é uma ótima opção para se ter em aquários comunitários. É conhecido também como Changa Ranga, Glass Perchlet, Glassy Fish, Indian Glass Perch, Indian Glassy Fish, Siamese Glassfish.
Comportamento e Coabitação com outras espécies:
ess"
https://www.kauar.com.br/agua-doce/asiaticos/pseudomugil-lumnatus-pseudomugil-luminatus,peixe_ou_camarao,Pseudomugil  Luminatus,Pseudomugil luminatus,,,,,,6.0 a 7.4,6.0,7.4,22ºC a 28ºC,22.0,28.0,,,,,,,,,https://images.tcdn.com.br/img/img_prod/749804/pseudomugil_luminatus_2_a_3_cm_pseudomugil_lumi_1_20260703103536_89c13312aa5a.jpg,,"PSEUDOMUGIL LUMINATUS, UM PEIXINHO SUPER ANIMADO E COLORIDO, QUE LEVARÁ MAIS CORES, BRILHO E MOVIMENTOS AO SEU AQUÁRIO.
O Pseudomugil
Luminatus é um peixinho super dócil, animado e colorido. Percorre todo aquário sempre com muita energia. Possui cores bem chamativas, que o faz destacar bastante dentro do aquário. Possui um corpo bem colorido, com cores que vão do vermelho ao alaranjado e um brilho metálico. As barbatanas dos machos se destacam bastante, sobretudo em época de acasalamento, que os machos cortejam as fêmeas. As fêmeas possuem um corpo um pouco menos colorido, e um abdômen mais go"
https://www.kauar.com.br/agua-doce/aulonocara-fire-fish-peixes-de-aquario-ciclideos-africanos,peixe_ou_camarao,Aulonocara Fire Fish,,,,,,,"7,0 a 8,6",7.0,8.6,23ºC e 28ºC,23.0,28.0,,,,,,,,,https://images.tcdn.com.br/img/img_prod/749804/aulonocara_fire_fish_macho_colorido_5_a_7_cm_ciclideos_africanos_lago_malawi_355_1_3cb97e1c8601fa4cce9f409b006e9c2f.jpg,,"AULONOCARA FIRE FISH, UM PEIXE DE AQUÁRIO OU LAGO EM QUE O NOME JÁ DIZ TUDO
Com cores que lembram um vulcão em erupção, a Aulonocara Fire Fish
está entre as variedades de Aulonocaras mais amadas e clássicas. Como outros peixes da família, ele alcança um tamanho médio entre 9 cm e 12 cm. Natural do Lago Malawi, é um peixe ornamental mundialmente conhecido e amado.
SAIBA MAIS SOBRE AS AULONOCARAS
As Aulonocaras são tão coloridas que, muitas vezes, são confundidas com peixes marinhos. Na natureza, são encontradas no Lago Malawi, na África. Só ele abriga mais de 400 espécies de ciclídeos como as A"
https://www.kauar.com.br/agua-doce/barbos-e-danios/barbo-five-banded-barbus-pentazona-desmopuntius-pentazona,peixe_ou_camarao,Barbo Five Banded,Barbus Pentazona,,,,,,5.0 a 6.8,5.0,6.8,23ºC a 30ºC,23.0,30.0,,,,,,,,,https://images.tcdn.com.br/img/img_prod/749804/barbo_five_banded_barbus_pentazona_2_a_3_cm_desmopuntius_pentazona_2548_1_65362a0db3b68fd7a35b2948bc560a1c.jpg,,"BARBO FIVE BANDED: MAIS CORES E VIBRAÇÃO PARA SEU AQUÁRIO
O Barbo Five, também conhecido como Barbo Cinco Listras, e Barbus Pentazona, é um peixe de cardume da  família dos ciprinídeos, natural da Península Malaia, até Sumatra, Indonésia. Este peixe deslumbrante é muito famoso por sua coloração vibrante e seu padrão de cores, com as cinco listras escuras, que se destacam em seu corpo mais claro, que pode variar de levemente alaranjado-avermelhado, até o amarelo, criando um contraste visual bem chamativo. Um peixe bem ativo e pacífico, vivem em cardume, ideal manter acima de 6 em seu aquário.
Q"
https://www.kauar.com.br/agua-doce/barbos-e-danios/barbus-cereja,peixe_ou_camarao,Barbo Conchônio Cereja,,,,,,,"6,0 a 8,0",6.0,8.0,23ºC e 27ºC,23.0,27.0,,,,,,,,,https://images.tcdn.com.br/img/img_prod/749804/barbo_conchonio_cereja_pethia_conchonius_maravilhoso_823_1_096c57f59cfbb51567aec12f606c632f.jpg,,"BARBO CONCHONIO CEREJA
O Barbo Conchonio Cereja é um peixe ornamental de aquário de água-doce, pacífico, ideal para aquários plantados e aquários comunitários. É
um peixinho muito tranquilo, ele se destaca pelo seu colorido intenso e seu comportamento ativo. De tamanho reduzido, o Barbus chega a alcançar 5 cm, por isso é muito procurado por aquaristas de aquários plantados.
Quer saber mais sobre o Barbu
Conchonio Cereja
e os cuidados veterinários da Kauar? E como funciona a entrega até a sua casa? Aprender tudo sobre aclimatação de um novo peixe ornamental em seu aquário? Continue com a Kauar!"
https://www.kauar.com.br/agua-doce/barbos-e-danios/barbus-denisoni-gold,peixe_ou_camarao,Barbus Denisoni Gold,,,,,,,"6,6 e 7,6",6.6,7.6,15°C e 28°C,15.0,28.0,,,,,,,,,https://images.tcdn.com.br/img/img_prod/749804/barbus_denisoni_gold_109_1_20201211001321.jpg,,"Barbus Denisoni Gold
Peixes de Água Doce
Peixes Ornamentais
Origem:
Ásia, endêmico do sul da Índia
Características:
da família dos ciprinídeos, o Barbus Denisoni Gold é oriundo do continente Asiático. Seu tamanho pode chegar a  15 cm, sendo comum encontrar peixes desta espécie com tamanhos a partir de 10 cm. Por ser uma espécie que se organiza em cardume, com comportamento gregário, deve ser mantido com pelo menos 6 indivíduos. São peixes com poucas diferenças entre machos e fêmeas, sendo que as fêmeas são ligeiramente maiores e possuem a barriga um pouco mais arredondada. Tem o costume de hab"
https://www.kauar.com.br/agua-doce/barbos-e-danios/barbus-denisoni-sahyadria-denisonii,peixe_ou_camarao,Barbo Denisoni,,,,,,,"6,6 e 7,6",6.6,7.6,15°C e 28°C,15.0,28.0,,,,,,,,,https://images.tcdn.com.br/img/img_prod/749804/barbo_denisoni_2_5_a_4_cm_sahyadria_denisonii_349_1_d2a9dc0f7e36d34c7fb06256e218c01c.jpg,,"BARBO DENISONI, UM DOS PEIXES MAIS LINDOS DO AQUARISMO!
Da família dos ciprinídeos, o Barbus Denisoni, também conhecido como Barbo Denisoni, é oriundo do continente Asiático. Seu tamanho pode chegar a  15 cm, sendo comum encontrar peixes desta espécie com tamanhos a partir de 10 cm. Por ser uma espécie que se organiza em cardume, com comportamento gregário, deve ser mantido com pelo menos 6 indivíduos. São peixes com poucas diferenças entre machos e fêmeas, sendo que as fêmeas são ligeiramente maiores e possuem a barriga um pouco mais arredondada. Tem o costume de habitar o meio e o fundo do a"
https://www.kauar.com.br/agua-doce/barbos-e-danios/barbus-ouro-barbodes-semifasciolatus,peixe_ou_camarao,Barbus Ouro,Barbodes semifasciolatus,,,,,,6.0 a 8.0,6.0,8.0,23ºC e 27ºC,23.0,27.0,,,,,,,,Barbo como o Tetra Amandae e com outros de sua espécie,https://images.tcdn.com.br/img/img_prod/749804/barbus_ouro_barbodes_semifasciolatus_voce_vai_se_apaixonar_825_1_0c794e9be2ad0dc2366d43315dbfe77c.jpg,,"BARBO OURO: UM CARDUME DESSE PEIXE COLORIDO E ATIVO VAI TER SUPREENDER
O Barbo Ouro, também conhecido como
Barbo Ouro, Gold Barb, Golfinned Barb, Golden Barb,
é um peixinho muito tranquilo, ele se destaca pelo seu colorido intenso e seu comportamento ativo. Pacífico e de tamanho reduzido, o Barbo chega a alcançar 5 cm, por isso é muito procurado por aquaristas de aquários plantados.
COMPORTAMENTO DO BARBO OURO
O Barbo é um peixe muito pacífico, por isso é uma ótima opção para quem tem aquário comunitário, porém podem demonstrar algum comportamento competitivo na briga pela hierarquia e em époc"
https://www.kauar.com.br/agua-doce/barbos-e-danios/barbus-sumatra-puntius-tetrazona,peixe_ou_camarao,Barbus Sumatra,,,,,,,6.0 a 8.0,6.0,8.0,23ºC e 27ºC,23.0,27.0,,,,,,,,,https://images.tcdn.com.br/img/img_prod/749804/barbus_sumatra_puntius_tetrazona_lindos_827_4_9a6c7528efc18e93e55bf21b1313b10f.jpg,,"BARBO SUMUTRA: UM PEIXE MAGNÍFICO DO SUDESTE ASIÁTICO
O Barbo Sumatra é um peixe deslumbrante. Ele chega a alcançar 5 cm, vive em cardume, sendo muito procurado por aquaristas de plantados. Uma das características mais famosas desse peixe é a sua queda por ""beliscar"" a barbatana de outros peixes, especialmente, se forem bem longas, como a dos Bettas. No exterior é conhecido como Barbo Tigre, em função de suas cores e marcações.
COMPORTAMENTO
O Barbo é um peixe moderadamente pacífico, sendo indicado para aquário monoespécie ou comunitário. Entretanto, podem demonstrar algum comportamento compet"
https://www.kauar.com.br/agua-doce/barbos-e-danios/barbus-sumatra-verde-puntius-tetrazona,peixe_ou_camarao,Barbus Sumatra Verde,Puntius Tetrazona,,,,,,6.0 a 8.0,6.0,8.0,23ºC e 27ºC,23.0,27.0,,,,,,,,Barbo como o Tetra Amandae e com outros de sua espécie,https://images.tcdn.com.br/img/img_prod/749804/barbus_sumatra_verde_puntius_tetrazona_829_1_1e9afa2ce0bbe91835031699f2ea3046.jpg,,"Barbus Sumatra Verde | Puntius Tetrazona
Peixes de Aquário
Peixes Ornamentais
Origem:
região sudeste da Ásia.
Características:
o Barbo Sumatra Verde é um peixinho muito tranquilo. Pacífico e de tamanho reduzido, o Barbo chega a alcançar 5 cm, por isso é muito procurado por aquaristas de aquários plantados. Uma das características mais famosas desse peixe é a sua queda por ""beliscar"" a barbatana de outros peixes, barbatanas longas são as suas favoritas, por isso Bandeiras e Bettas são suas vítimas prediletas.
Comportamento e convivência com outras espécies:
o Barbo é um peixe muito pacífico, po"
https://www.kauar.com.br/agua-doce/barbos-e-danios/barbus-titteya-albino-puntius-tetrazona,peixe_ou_camarao,Barbo Titeia Albino Super Red,Puntius Titteya,,,,,,6.0 a 8.0,6.0,8.0,23ºC e 27ºC,23.0,27.0,,,,,,,,Barbo como o Tetra Amandae e com outros de sua espécie,https://images.tcdn.com.br/img/img_prod/749804/barbo_titeia_albino_super_red_puntius_titteya_833_1_315b88066c293f568e7f1527721a5118.jpg,,"Barbo Titeia Albino | Puntius Titteya
Peixes de Aquário
Peixes Ornamentais
Origem:
região sudeste da Ásia.
Características:
o Barbo Titeia é um peixinho muito tranquilo. Pacífico e de tamanho reduzido, o Barbo chega a alcançar 5 cm, por isso é muito procurado por aquaristas de aquários plantados.
Comportamento e convivência com outras espécies:
o Barbo é um peixe muito pacífico, por isso é uma ótima opção para quem tem aquário comunitário, porém podem demonstrar algum comportamento competitivo na briga pela hierarquia e em época de reprodução. Aqui na
Kauar
você encontra várias espécies de
pei"
https://www.kauar.com.br/agua-doce/barbos-e-danios/barbus-titteya-puntius-titteya,peixe_ou_camarao,Barbo Titeia Super Red,,,,,,,6.0 a 8.0,6.0,8.0,23ºC e 27ºC,23.0,27.0,,,,,,,,,https://images.tcdn.com.br/img/img_prod/749804/barbo_titeia_super_red_puntius_titteya_super_vermelho_e_super_lindo_831_1_e6022d8c1daae7c02dedcdff61a25866.jpg,,"BARBO TITEIA SUPER REDE: OLHA QUE PEIXE DE ÁGUA DOCE MAIS LINDO!
O Barbo Titteya é um peixinho muito tranquilo, ele se destaca pelo seu colorido intenso e seu comportamento ativo. Pacífico e de tamanho reduzido, o Barbo chega a alcançar 5 cm, por isso é muito procurado por aquaristas de aquários plantados.
COMPORTAMENTO E CONVIVÊNCIA COM OUTRAS ESPÉCIES
O Barbo é um peixe muito pacífico, por isso é uma ótima opção para quem tem aquário comunitário, porém podem demonstrar algum comportamento competitivo na briga pela hierarquia e em época de reprodução.
AMBIENTAÇÃO DO AQUÁRIO
Apesar de pequeno,"
https://www.kauar.com.br/agua-doce/camaroes/camarao-anao-potimirim-potimirim,peixe_ou_camarao,Nano Camarão Filtrador,Camarão Anão,,,,,,"6,4 a 7",6.4,7.0,18ºC a 26ºC,18.0,26.0,,,,,,,,,https://images.tcdn.com.br/img/img_prod/749804/camaro_ano_05_a_1_cm_potimirim_potimirim_1_20260821120355_4a1aaf10729a.png,,"Você já ouviu falar do Nano Camarão Filtrador, também conhecido como Potimirim? Venha conhecer e se encantar por esse camarão minúsculo nativo do Brasil, encontrado na Mata Atlântica. Venha descobrir um pouco mais sobre ele.
O Nano Camarão Filtrador é um daqueles animais que vivem muito perto da civilização, mas muitas vezes são ignorados. O Nano Camarão Filtrador, que também pode ser chamado de camarão anão brasileiro, ou Potimirim, atinge no máximo de 2,5 cm, para as fêmeas, e 1,5 para os machos. Pode ser facilmente confundido com os seus primos asiáticos, os Neocaridinas, mas são espécies t"
https://www.kauar.com.br/agua-doce/camaroes/camarao-black-sakura-chocolate-neocaridina-heteropoda,peixe_ou_camarao,Camarão Black Sakura,Neocaridina davidi,,,,,,"6,5",6.5,6.5,21ºC e 27ºC,21.0,27.0,,,,,,,,,https://images.tcdn.com.br/img/img_prod/749804/camarao_black_sakura_1_a_2_cm_neocaridina_davidi_883_1_a0fb36f128155c9b509411d2d697b206.jpg,,"CAMARÃO BLACK SAKURA
As neocaridinas, como o Camarão Black Sakura, recebem diversos nomes populares dependendo da cor. As variedades coloridas foram criadas em cativeiro pois, no habitat de origem, as neocaridinas possuem cores mais neutras e menos vibrantes. Elas medem cerca de 2,5 cm até 3 cm com expectativa de vida de até 2 anos. As cores dos camarões neocaridinas se tornam mais intensas em condições ideais no aquário, parâmetros da água e exposição à luz equilibrados, além de alimentação adequada. Quando atingem a maturidade sexual, suas cores também ficam mais realçadas.
O Camarão Black S"
https://www.kauar.com.br/agua-doce/camaroes/camarao-blue-fantasy-dream-neocaridina-heteropoda,peixe_ou_camarao,Camarão Blue Fantasy Dream,Neocaridina davidi,,,,,,"6,5",6.5,6.5,21ºC e 27ºC,21.0,27.0,,,,,,,,,https://images.tcdn.com.br/img/img_prod/749804/camarao_blue_fantasy_dream_1_a_2_cm_neocaridina_davidi_881_1_a68b4a9b9f1ffdcd86a13c42a977248f.jpg,,"CAMARÃO BLUE FANTASY DREAM
As neocaridinas, como o Camarão Blue Fantasy Dream, recebem diversos nomes populares dependendo da cor. As variedades coloridas foram criadas em cativeiro pois, no habitat de origem, as neocaridinas possuem cores mais neutras e menos vibrantes. Elas medem cerca de 2,5 cm até 3 cm com expectativa de vida de até 2 anos. As cores dos camarões neocaridinas se tornam mais intensas em condições ideais no aquário, parâmetros da água e exposição à luz equilibrados, além de alimentação adequada. Quando atingem a maturidade sexual, suas cores também ficam mais realçadas.
O Cam"
https://www.kauar.com.br/agua-doce/camaroes/camarao-orange-sakura-neocaridina-heteropoda,peixe_ou_camarao,Camarão Orange Sakura,Neocaridina davidi,,,,,,"6,5",6.5,6.5,21ºC e 27ºC,21.0,27.0,,,,,,,,,https://images.tcdn.com.br/img/img_prod/749804/camarao_orange_sakura_1_a_2_cm_neocaridina_davidi_879_1_03f07b7e71c1df15fee917b27340fce1.jpg,,"CAMARÃO orange sakura
AS NEOCARIDINAS, COMO O CAMARÃO orange sakura, RECEBEM DIVERSOS NOMES POPULARES DEPENDENDO DA COR. AS VARIEDADES COLORIDAS FORAM CRIADAS EM CATIVEIRO POIS, NO HABITAT DE ORIGEM, AS NEOCARIDINAS POSSUEM CORES MAIS NEUTRAS E MENOS VIBRANTES. ELAS MEDEM CERCA DE 2,5 CM ATÉ 3 CM COM EXPECTATIVA DE VIDA DE ATÉ 2 ANOS. AS CORES DOS CAMARÕES NEOCARIDINAS SE TORNAM MAIS INTENSAS EM CONDIÇÕES IDEAIS NO AQUÁRIO, PARÂMETROS DA ÁGUA E EXPOSIÇÃO À LUZ EQUILIBRADOS, ALÉM DE ALIMENTAÇÃO ADEQUADA. QUANDO ATINGEM A MATURIDADE SEXUAL, SUAS CORES TAMBÉM FICAM MAIS REALÇADAS.
O Camarão Orang"
https://www.kauar.com.br/agua-doce/camaroes/camarao-red-sakura-neocaridina-heteropoda,peixe_ou_camarao,Camarão Red Sakura,Neocaridina davidi,,,,,,"6,5",6.5,6.5,21ºC e 27ºC,21.0,27.0,,,,,,,,,https://images.tcdn.com.br/img/img_prod/749804/camarao_red_sakura_1_a_2_cm_neocaridina_davidi_875_1_256181d48cb7c9d73be024e5cd8e22ad.jpg,,"CAMARÃO red sakura
AS NEOCARIDINAS, COMO O CAMARÃO red sakura, RECEBEM DIVERSOS NOMES POPULARES DEPENDENDO DA COR. AS VARIEDADES COLORIDAS FORAM CRIADAS EM CATIVEIRO POIS, NO HABITAT DE ORIGEM, AS NEOCARIDINAS POSSUEM CORES MAIS NEUTRAS E MENOS VIBRANTES. ELAS MEDEM CERCA DE 2,5 CM ATÉ 3 CM COM EXPECTATIVA DE VIDA DE ATÉ 2 ANOS. AS CORES DOS CAMARÕES NEOCARIDINAS SE TORNAM MAIS INTENSAS EM CONDIÇÕES IDEAIS NO AQUÁRIO, PARÂMETROS DA ÁGUA E EXPOSIÇÃO À LUZ EQUILIBRADOS, ALÉM DE ALIMENTAÇÃO ADEQUADA. QUANDO ATINGEM A MATURIDADE SEXUAL, SUAS CORES TAMBÉM FICAM MAIS REALÇADAS.
O Camarão Red Sakura "
https://www.kauar.com.br/agua-doce/camaroes/camarao-yellow-neocaridina-heteropoda,peixe_ou_camarao,Camarão Yellow,Neocaridina davidi,,,,,,"6,5",6.5,6.5,21ºC e 27ºC,21.0,27.0,,,,,,,,,https://images.tcdn.com.br/img/img_prod/749804/camarao_yellow_1_a_2_cm_neocaridina_davidi_877_1_60d2b547fccae88f1f38506c9c79da76.png,,"CAMARÃO yellow
AS NEOCARIDINAS, COMO O CAMARÃO GREEN yellow, RECEBEM DIVERSOS NOMES POPULARES DEPENDENDO DA COR. AS VARIEDADES COLORIDAS FORAM CRIADAS EM CATIVEIRO POIS, NO HABITAT DE ORIGEM, AS NEOCARIDINAS POSSUEM CORES MAIS NEUTRAS E MENOS VIBRANTES. ELAS MEDEM CERCA DE 2,5 CM ATÉ 3 CM COM EXPECTATIVA DE VIDA DE ATÉ 2 ANOS. AS CORES DOS CAMARÕES NEOCARIDINAS SE TORNAM MAIS INTENSAS EM CONDIÇÕES IDEAIS NO AQUÁRIO, PARÂMETROS DA ÁGUA E EXPOSIÇÃO À LUZ EQUILIBRADOS, ALÉM DE ALIMENTAÇÃO ADEQUADA. QUANDO ATINGEM A MATURIDADE SEXUAL, SUAS CORES TAMBÉM FICAM MAIS REALÇADAS.
O Camarão Yellow a vai "
https://www.kauar.com.br/agua-doce/camaroes/caranguejo-violinista-anao-leptuca-leptodactyla,peixe_ou_camarao,Caranguejo Violinista Anão,Leptuca leptodactyla,,,,,,7 a 8.5,7.0,8.5,20ºC a 28ºC,20.0,28.0,,,,,,,,,https://images.tcdn.com.br/img/img_prod/749804/caranguejo_violinista_ano_15_a_2_cm_leptuca_lept_1_20251009121345_9e5bd1fd9a2c.jpg,,"Pequeno mas cheio de personalidade. Venha se apaixonar ainda mais por esse pequeno e adorável Caranguejo Semi-terrestre.
O Caranguejo Violinista Anão, também conhecido como Caranguejo-chama-maré Anão, é a menor espécie da família Leptuca, antiga Uca. Esse incrível caranguejo semi-terrestre, não passa dos 2 cm, quando adulto, o que o torna ideal para aquários, desde que tenha parte onde possa sair da agua, terrarios e paludarios. Na natureza habita as regiões costeiras do norte do Brasil, indo até a América central, em zonas de manguezais e planícies de maré. É um animal eurialino, ou seja, viv"
https://www.kauar.com.br/agua-doce/cascudos-e-coridoras/bacuzinho-roncador-6-a-10-cm-acanthodoras-spinosissimus,peixe_ou_camarao,Bacuzinho Roncador,Acanthodoras spinosissimus,,,,,,6.0 a 7.4,6.0,7.4,22ºC a 28ºC,22.0,28.0,,,,,,,,,https://images.tcdn.com.br/img/img_prod/749804/bacuzinho_roncador_6_a_10_cm_acanthodoras_spinos_1_20250807125245_483e7cfefe51.jpg,,"Bacuzinho Roncador, um peixe carismatico, resistente curioso e exotico
O Bacuzinho Roncador, Acanthodoras spinosissimus, é uma espécie fascinante e exótica, da família dos Doradídeos, esse bagrezinho possui características que o torna único, como sua aparência peculiar, que lembra animais pré-históricos, possui manchas escuras que cobrem quase todo seu corpo, em contraste com um fundo mais claro, possui placas ósseas com espinho por ambas as laterais do seu corpo. O nome ’Roncador‘  vem do som que ele produz quando o tiramos da agua, esse som é gerado pelo atrito dos espinhos do seu corpo com "
https://www.kauar.com.br/agua-doce/cascudos-e-coridoras/cascudo-aba-branca-cascudo-l215,peixe_ou_camarao,Cascudo Aba Branca,,,,,,,7.,7.0,7.0,18ºC e 26ºC,18.0,26.0,,,,,,,,,https://images.tcdn.com.br/img/img_prod/749804/cascudo_aba_branca_cascudo_l215_449_1_20201211001324.jpg,,"Cascudo Aba Branca
Cascudo L215
Peixes de Água Doce
Imagens ilustrativas: @Haakon Haager
Origem:
natural da Bacia Amazônica.
Características:
o Cascudo Aba Branca, também conhecido como Acari e Peclo é um peixe de aquário marcado por sua beleza exótica. Seu corpo é coberto por pintinhas pretas ao longo de seu comprimento. Os cascudos são peixes ornamentais de aquário muito dóceis e úteis, pois removem incansavelmente algas dos cascalhos, plantas, troncos  e vidros. Existem muitas variações de cascudos e, claro,  todos possuem características em comuns. Recobrindo a pupila, os cascudos possuem "
https://www.kauar.com.br/agua-doce/cascudos-e-coridoras/cascudo-aba-laranja-cascudo-l047,peixe_ou_camarao,Cascudo Aba Laranja,,,,,,,7.,7.0,7.0,18ºC e 26ºC,18.0,26.0,,,,,,,,,https://images.tcdn.com.br/img/img_prod/749804/cascudo_aba_laranja_cascudo_l047_91_1_20201211001324.png,,"Cascudos
Cascudo Aba Laranja
Cascudo L047
Peixes de Água Doce
Imagem: Jan Sevcik
Imagem meramente ilustrativa de peixe já aclimatado
Origem:
natural da Bacia Amazônica.
Características:
em um primeiro momento o Cascudo Aba Laranja pode parecer ""emburrado"", mas esse peixe de aquário é um amor. Sua beleza exótica, marcada por sua nadadeira com detalhes laranjas em destaque ao seu corpo escuro é apenas uma das muitas qualidades que este peixe possui. Os cascudos são peixes ornamentais de aquário muito dóceis e úteis, pois removem incansavelmente algas dos cascalhos, plantas, troncos  e vidros. Ex"
https://www.kauar.com.br/agua-doce/cascudos-e-coridoras/cascudo-acacu-pirarara-cascudo-l25,peixe_ou_camarao,Cascudo Açacu Pirarara,,,,,,,7.,7.0,7.0,18ºC e 26ºC,18.0,26.0,,,,,,,,,https://images.tcdn.com.br/img/img_prod/749804/cascudo_acacu_pirarara_cascudo_l25_89_1_20201211001324.jpg,,"Cascudo Acaçu Pirarara
Cascudo L25
Origem:
natural da Bacia Amazônica.
Características:
O corpo marrom com rajados mais escuros, nadadeiras laranjas e seu tamanho imponente são o charme do popular Cascuco Açacu Pirara, um peixe de aquário que faz sucesso entre os aquaristas. Os cascudos são peixes ornamentais de aquário muito dóceis e úteis, pois removem incansavelmente algas dos cascalhos, plantas, troncos  e vidros. Existem muitas variações de cascudos e, claro,  todos possuem características em comuns. Recobrindo a pupila, os cascudo possuem um apêndice que se expande ou contrai, controland"
https://www.kauar.com.br/agua-doce/cascudos-e-coridoras/cascudo-ancistrus-albino-veu,peixe_ou_camarao,Cascudo Ancistrus Albino Véu,,,,,,,7.,7.0,7.0,18ºC e 26ºC,18.0,26.0,,,,,,,,,https://images.tcdn.com.br/img/img_prod/749804/cascudo_ancistrus_albino_veu_149_1_20201211001324.png,,"Cascudos
Cascudos Ancistrus Albino Véu
Imagem meramente ilustrativa de peixe já aclimatado
Origem:
natural da Bacia Amazônica.
Características:
Delicado e fofo, essas são características desse cascudo conhecido pelo seu tamanho reduzido. O Cascudo Ancistrus Albino Véu possui nadadeiras alongadas que serviram de inspiração para o seu nome popular. Os cascudos são peixes ornamentais de aquário muito dóceis e úteis, pois removem incansavelmente algas dos cascalhos, plantas, troncos  e vidros. Existem muitas variações de cascudos e, claro,  todos possuem características em comuns. Recobrindo a pup"
https://www.kauar.com.br/agua-doce/cascudos-e-coridoras/cascudo-bola-azul-cascudo-l030,peixe_ou_camarao,Cascudo L030,,,,,,,7.,7.0,7.0,18ºC e 26ºC,18.0,26.0,,,,,,,,,https://images.tcdn.com.br/img/img_prod/749804/cascudo_bola_azul_cascudo_l030_445_1_20201211001324.png,,"Cascudo Bola Azul |
Cascudo L030 | Peixes de Aquário |
Peixes de Água Doce
Origem:
natural da Bacia Amazônica.
Características:
o corpo escuro repleto de pintinhas e o seu tamanho são as características que chamam atenção no Cascudo L030, o Cascudo Bola Azul. Os cascudos são peixes ornamentais de aquário muito dóceis e úteis, pois removem incansavelmente algas dos cascalhos, plantas, troncos  e vidros. Existem muitas variações de cascudos e, claro,  todos possuem características em comuns. Recobrindo a pupila, os cascudos possuem um apêndice que se expande ou contrai, controlando a entrada e s"
https://www.kauar.com.br/agua-doce/cascudos-e-coridoras/cascudo-bola-de-neve-cascudo-l142,peixe_ou_camarao,Cascudo Bola de Neve,,,,,,,7.,7.0,7.0,18ºC e 26ºC,18.0,26.0,,,,,,,,,https://images.tcdn.com.br/img/img_prod/749804/cascudo_bola_de_neve_cascudo_l142_453_1_20201211001324.png,,"Cascudo Bola de Neve |
Cascudo L142 |
Peixes de Água Doce
Origem:
natural da Bacia Amazônica.
Características:
o Cascudo Bola de Neve, Cascudo L142, é um dos mais cobiçados de sua espécie, seu corpo repleto de pintinhas brancas trazem um charme especial que serviu de inspiração para o seu nome. Sua personalidade e sua beleza única o torna um dos favoritos peixes de aquário. Os cascudos são peixes ornamentais de aquário muito dóceis e úteis, pois removem incansavelmente algas dos cascalhos, plantas, troncos  e vidros. Existem muitas variações de cascudos e, claro,  todos possuem características"
https://www.kauar.com.br/agua-doce/cascudos-e-coridoras/cascudo-borracha-cascudo-l056,peixe_ou_camarao,Cascudo Borracha,,,,,,,7.,7.0,7.0,18ºC e 26ºC,18.0,26.0,,,,,,,,,https://images.tcdn.com.br/img/img_prod/749804/cascudo_borracha_cascudo_l056_443_1_20201211001324.jpg,,"Cascudos
Cascudo Borracha
Cascudo L056
Peixes Ornamentais
Peixes de Água Doce
Origem:
natural da Bacia Amazônica.
Características:
o Cascudo Borracha possui cerdas nos dois lados de sua boca e sob os olhos. As cores deste peixe de aquário variam muito, indo do marrom ao dourado, dependendo do humor do peixe. Os cascudos são peixes ornamentais de aquário muito dóceis e úteis, pois removem incansavelmente algas dos cascalhos, plantas, troncos  e vidros. Existem muitas variações de cascudos e, claro,  todos possuem características em comuns. Recobrindo a pupila, os cascudo possuem um apêndice que"
https://www.kauar.com.br/agua-doce/cascudos-e-coridoras/cascudo-cara-de-mapa-peckoltia-braueri-l503,peixe_ou_camarao,Cascudo Cara de Mapa,Peckoltia braueri,,,,,,6.5 a 7.2,6.5,7.2,23ºC a 27ºC,23.0,27.0,,,,,,,,,https://images.tcdn.com.br/img/img_prod/749804/cascudo_cara_de_mapa_5_a_7_cm_peckoltia_braueri_1_20260703095220_32c6fdeb6d8c.jpg,,"CASCUDO CARA DE MAPA PARECE UMA ARTE VIVA, SEUS DETALHES ENCANTAM OS OLHARES. AMOR A PRIMEIRA VISTA.
O Cascudo cara de mapa é um dos cascudos mais bonitos que podemos colocar em nossos aquários e lagos
. Possui padrões únicos no topo da cabeça, linhas escuras que formam padrões únicos em cada individuo.
Alguns desses padrões se assemelham a mapas, dai vem o nome Cascudo Cara de Mapa.
Os cascudos são peixes ornamentais de aquário muito dóceis e úteis, pois removem incansavelmente algas dos cascalhos, plantas, troncos  e vidros. Existem muitas variações de cascudos e, claro, todos possuem caract"
https://www.kauar.com.br/agua-doce/cascudos-e-coridoras/cascudo-genisetiger-pseudancistrus-genisetiger,peixe_ou_camarao,Cascudo Genisetiger,Pseudancistrus genisetiger,,,,,,6.2 a 7.8,6.2,7.8,24ºC a 28ºC,24.0,28.0,,,,,,,,,https://images.tcdn.com.br/img/img_prod/749804/cascudo_genisetiger_2_a_3_cm_pseudancistrus_genis_1_20250801161405_b22ccaa24e19.jpeg,,"CASCUDO
GENISETIGER VERSATILIDADE, RESISTENCIA EM UM CORPO PEQUENO, MAS ROBUSTO. UM ÓTIMO COMEDOR DE ALGAS
O cascudo Pseudancistrus genisetiger é uma ótima opção para quem busca um cascudo pequeno e resistente, já que ele atinge um tamanho máximo de 10,3 cm, o que faz dele uma ótima opção de comedor de algas para um aquário com dimensões menores, ou para quem busca peixes menores, e pacífico, que convivam bem com outras espécies.
Nome popular:
Cascudo Genisetiger
Nome científico:
Pseudancistrus genisetiger
Ordem;
Siluriformes
Família:
L
oricariidae
Origem:
Bacia do Rio Jaguaribe, Brasil.
Améri"
https://www.kauar.com.br/agua-doce/cascudos-e-coridoras/cascudo-leopardo-cascudo-l600,peixe_ou_camarao,Cascudo Leopardo,,,,,,,7.,7.0,7.0,18ºC e 26ºC,18.0,26.0,,,,,,,,,https://images.tcdn.com.br/img/img_prod/749804/cascudo_leopardo_22_a_25_cm_cascudo_l600_87_1_72b0d1e821038c3ab2d9fbedaf167fa1.jpg,,"Cascudos
Cascudo Leopardo
Cascudo L600
Peixes de Água Doce
Origem:
natural da Bacia Amazônica.
Características:
O corpo com rajadas marrons e amarelas e sua nadadeira com detalhes laranjas serviram de inspiração para o nome popular desse peixe de aquário tão conhecido, o Cascudo Leopardo, também conhecido como Cascudo Assacu Leopardo, L114 e Acarí. Os cascudos são peixes ornamentais de aquário muito dóceis e úteis, pois removem incansavelmente algas dos cascalhos, plantas, troncos  e vidros. Existem muitas variações de cascudos e, claro,  todos possuem características em comuns. Recobrindo a p"
https://www.kauar.com.br/agua-doce/cascudos-e-coridoras/cascudo-loricaria-loricaria-simillima,peixe_ou_camarao,Cascudo Mariposa,Cascudo Loricaria,,,,,,6.2 a 7.8,6.2,7.8,24ºC a 28ºC,24.0,28.0,,,,,,,,,https://images.tcdn.com.br/img/img_prod/749804/cascudo_mariposa_cascudo_loricaria_6_a_12_cm_lo_1_20250905113130_a4303964b67b.jpg,,"UM DOS CASCUDO MAIS BONITOS, O CASCUDO MARIPOSA POSSUI UMA APARENCIA EXÓTICA, E CARACTERISTICAS UNICAS
O Cascudo Mariposa, ou Cascudo
Loricaria possui uma aparência bem rustica e primitiva, com um corpo esquio e comprido, coberto por placas ósseas, como uma armadura. As cores que vão do acinzentado ao marrom, com manchas irregulares por todo corpo, na natureza essas manchas são ótimas camuflagem. Já que habita no fundo, junto ao substrato, onde encontra abrigo e alimento. Possui uma boca em forma de ventosa, que também serve de ajuda para se fixar em troncos, rochas, ou qualquer outra superfíc"
https://www.kauar.com.br/agua-doce/cascudos-e-coridoras/cascudo-nano-cearencses-parotocinclus-cearenses,peixe_ou_camarao,Nano Cascudo Cearensis,Parotocinclus cearensis,,,,,,"6,5 a 7,5",6.5,7.5,20 a 24,20.0,24.0,,,,,,,,,https://images.tcdn.com.br/img/img_prod/749804/cascudo_nano_cearencses_2_5_a_3_parotocinclus_cearenses_2526_1_5b6a6f0af6718a63b459eff2c4825488.jpeg,,"Este é o Nano Cascudo Cearenses, um nano cascudo que vai ser só sucesso em seu aquário.
Origem:
encontrado na região da América do Sul.
Características:
O Nano Cascudo Cearenses é um peixe ornamental longo e fino com placas ósseas que se sobrepõem substituindo as escamas, sua cabeça é plana e termina com uma boca em forma de ventosa. Os raios duros presente em suas nadadeiras peitorais e dorsal servem como defesa contra predadores
Comportamento e Coabitação com outras espécies:
o Nano Cascudo é tímido e pacífico deve ser mantido em um grupo de pelo menos seis indivíduos para que se sintam mais"
https://www.kauar.com.br/agua-doce/cascudos-e-coridoras/cascudo-onca-amarela-cascudo-l172,peixe_ou_camarao,Cascudo Onça Amarela,,,,,,,7.,7.0,7.0,18ºC e 26ºC,18.0,26.0,,,,,,,,,https://images.tcdn.com.br/img/img_prod/749804/cascudo_onca_amarela_cascudo_l172_191_1_20201211001324.jpg,,"Cascudos
Cascudo Onça Amarelo
Cascudo L172
Peixes de Água Doce
Imagem Meramente Ilustrativa de Peixe Aclimatado.
Origem:
natural da Bacia Amazônica.
Características:
com a aparência que remete à uma onça veio a inspiração para o nome do peixe, Cascudo Onça Amarela. Os cascudos são peixes ornamentais de aquário muito dóceis e úteis, pois removem incansavelmente algas dos cascalhos, plantas, troncos  e vidros. Existem muitas variações de cascudos e, claro,  todos possuem características em comuns. Recobrindo a pupila, os cascudos possuem um apêndice que se expande ou contrai, controlando a entra"
https://www.kauar.com.br/agua-doce/cascudos-e-coridoras/cascudo-onca-preta-cascudo-l264,peixe_ou_camarao,Cascudo Onça Preta,,,,,,,7.,7.0,7.0,18ºC e 26ºC,18.0,26.0,,,,,,,,,https://images.tcdn.com.br/img/img_prod/749804/cascudo_onca_preta_cascudo_l264_93_1_20201211001324.png,,"Cascudos
Cascudo Onça Preta
Peixes de Água Doce
Origem:
natural da Bacia Amazônica.
Características:
com o corpo escuro repleto por pintas pretas, o Cascudo Onça Preta faz sucesso entre os aquaristas pela sua beleza sem igual. Os cascudos são peixes ornamentais de aquário muito dóceis e úteis, pois removem incansavelmente algas dos cascalhos, plantas, troncos  e vidros. Existem muitas variações de cascudos e, claro,  todos possuem características em comuns. Recobrindo a pupila, os cascudos possuem um apêndice que se expande ou contrai, controlando a entrada e saída de luz. Além disso, tem o do"
https://www.kauar.com.br/agua-doce/cascudos-e-coridoras/cascudo-panaque-cascudo-l027,peixe_ou_camarao,Cascudo Panaque,,,,,,,7.,7.0,7.0,18ºC e 26ºC,18.0,26.0,,,,,,,,,https://images.tcdn.com.br/img/img_prod/749804/cascudo_panaque_cascudo_l027_189_1_481f125bc03f537471bcad6f844436ff.jpg,,"Cascudos
Cascudo Panaque
Cascudo L027
Peixes de Água Doce
Origem:
natural da Bacia Amazônica.
Características:
o Cascudo Panaque se destaca por seu corpo branco com listras verticais pretas, possuindo uma beleza exótica.os cascudos são peixes ornamentais de aquário muito dóceis e úteis, pois removem incansavelmente algas dos cascalhos, plantas, troncos  e vidros. Existem muitas variações de cascudos e, claro, todos possuem características em comuns. Recobrindo a pupila, o cascudo possui um apêndice que se expande ou contrai, controlando a entrada e saída de luz. Além disso, tem o dorso revesti"
https://www.kauar.com.br/agua-doce/cascudos-e-coridoras/cascudo-pao-cascudo-l333,peixe_ou_camarao,Cascudo L333 King Zebra White/Yellow,,,,,,,7.,7.0,7.0,18ºC e 26ºC,18.0,26.0,,,,,,,,,https://images.tcdn.com.br/img/img_prod/749804/cascudo_pao_cascudo_l333_147_1_20201211001324.jpg,,"Cascudo Pão |
Cascudo L333 | Peixes de Aquário | Peixes de
Água Doce
Origem:
natural da Bacia Amazônica.
Características:
de aparência exótica, o Cascudo Pão (Cascudo L333) possui um corpo que varia entre as cores amarelo e preto. Os cascudos são peixes ornamentais de aquário muito dóceis e úteis, pois removem incansavelmente algas dos cascalhos, plantas, troncos e vidros. Existem muitas variações de cascudos e, claro, todos possuem características em comuns. Recobrindo a pupila, os cascudos possuem um apêndice que se expande ou contrai, controlando a entrada e saída de luz. Além disso, tem o "
https://www.kauar.com.br/agua-doce/cascudos-e-coridoras/cascudo-pao-pigmentado-cascudo-l262,peixe_ou_camarao,Cascudo Pão Pigmentado,,,,,,,7.,7.0,7.0,118ºC e 26ºC,118.0,26.0,,,,,,,,,https://images.tcdn.com.br/img/img_prod/749804/cascudo_pao_pigmentado_cascudo_l262_447_1_20201211001324.png,,"Cascudos
Cascudo Pão Pigmentado
Cascudo L262
Peixes de Água Doce
Origem:
natural da Bacia Amazônica.
Características:
o Cascudo Pão pigmentado é um raro peixe de aquário. Este peixinho de hábitos noturnos não costuma crescer muito, alcançando aproximadamente 9 cm. Os cascudos são peixes ornamentais de aquário muito dóceis e úteis, pois removem incansavelmente algas dos cascalhos, plantas, troncos e vidros. Existem muitas variações de cascudos e, claro,  todos possuem características em comuns. Recobrindo a pupila, os cascudos possuem um apêndice que se expande ou contrai, controlando a entrada"
https://www.kauar.com.br/agua-doce/cascudos-e-coridoras/cascudo-pepita-de-ouro-l18-baryancistrus-xanthellus,peixe_ou_camarao,Cascudo Pepita de Ouro L018,Baryancistrus xanthellus,,,,,,7.,7.0,7.0,18ºC e 26ºC,18.0,26.0,,,,,,,,,https://images.tcdn.com.br/img/img_prod/749804/cascudo_pepita_de_ouro_l18_baryancistrus_xanthellus_451_1_20201211001324.jpg,,"Cascudos
Cascudo Pepita de Ouro
Cascudo L018
Peixes de Água Doce
Origem:
natural da Bacia Amazônica.
Características:
o Cascudo Pepita de Ouro é famoso por sua aparência, suas pintinhas amarelas dão um charme especial a este peixe de aquário que pode chegar até a 25 centímetros. Os cascudos, como o Cascudo Pepita de Ouro, são peixes ornamentais de aquário muito dóceis, entretanto, são um pouco territorialistas com outros cascudos. São conhecido por serem ""limpadores"", pois removem incansavelmente algas dos cascalhos, plantas, troncos  e vidros. Existem muitas variações de cascudos e, claro,  t"
https://www.kauar.com.br/agua-doce/cascudos-e-coridoras/cascudo-picota-ouro-cascudo-l-134,peixe_ou_camarao,Cascudo Picota Ouro,,,,,,,7.,7.0,7.0,18ºC e 26ºC,18.0,26.0,,,,,,,,,https://images.tcdn.com.br/img/img_prod/749804/cascudo_picota_ouro_cascudo_l_134_781_1_20201211001324.jpg,,"Cascudos
Cascudo Picota ouro
Peixes de Água Doce
Imagem: Enrico Richter
Imagem meramente ilustrativa de peixe já aclimatado
Origem:
natural da Bacia Amazônica.
Características:
o corpo amarelo com listras marrons serviu de inspiração para o nome popular do peixe Cascudo Picota Ouro também conhecido como Barra de Ouro ,  ou por seu nome científico Scobinancistrus Aureatus. Os cascudos são peixes ornamentais de aquário muito dóceis e úteis, pois removem incansavelmente algas dos cascalhos, plantas, troncos  e vidros. Existem muitas variações de cascudos e, claro,  todos possuem características e"
https://www.kauar.com.br/agua-doce/cascudos-e-coridoras/cascudo-pitanga-cascudo-l024,peixe_ou_camarao,Cascudo Pitanga,,,,,,,7.,7.0,7.0,18ºC e 26ºC,18.0,26.0,,,,,,,,,https://images.tcdn.com.br/img/img_prod/749804/cascudo_pitanga_cascudo_l024_441_1_20201211001324.jpg,,"Cascudos
Cascudo Pitanga
Cascudo L024
Peixes de Água Doce
Origem:
natural da Bacia Amazônica.
Características:
o cascudo Pitanga é um peixe de aquário imponente, ele chama a atenção de qualquer um. O tamanho do Cascudo Pitanga somado às suas cores são o que garantem uma beleza exótica ao seu aquário. Os cascudos são peixes ornamentais de aquário muito dóceis e úteis, pois removem incansavelmente algas dos cascalhos, plantas, troncos  e vidros. Existem muitas variações de cascudos e, claro,  todos possuem características em comuns. Recobrindo a pupila, o cascudo possui um apêndice que se expand"
https://www.kauar.com.br/agua-doce/cascudos-e-coridoras/cascudo-preto-velho-cascudo-l034,peixe_ou_camarao,Cascudo Preto Velho,,,,,,,7.,7.0,7.0,18,18.0,18.0,,,,,,,,,https://images.tcdn.com.br/img/img_prod/749804/cascudo_preto_velho_cascudo_l034_455_1_20201211001324.jpg,,"Cascudo Preto Velho
Cascudo L034
Peixes de Água Doce
Indivíduo Adulto
Tamanho: 6 a 10 cm
Origem:
natural da Bacia Amazônica.
Características:
o corpo negro deste peixe de aquário serviu como inspiração para o nome popular do mesmo, o Cascudo Preto Velho é marcado por sua beleza fora do comum e por seu tamanho reduzido. Os cascudos são peixes ornamentais de aquário muito dóceis e úteis, pois removem incansavelmente algas dos cascalhos, plantas, troncos  e vidros. Existem muitas variações de cascudos e, claro,  todos possuem características em comuns. Recobrindo a pupila, o cascudo possui um apê"
https://www.kauar.com.br/agua-doce/cascudos-e-coridoras/cascudo-tigre-l015,peixe_ou_camarao,Cascudo Tigre,,,,,,,7.,7.0,7.0,18ºC e 26ºC,18.0,26.0,,,,,,,,,https://images.tcdn.com.br/img/img_prod/749804/cascudo_tigre_l015_97_1_3b656dcbdda9365bbcbf4df20c2ef1d5.jpg,,"Cascudos
Cascudo Tigre
Peixes de Água Doce
Origem:
natural da Bacia Amazônica.
Características:
o corpo comprido marcado por rajadas marrons e amarelas é o diferencial do Cascudo Tigre. Os cascudos são peixes ornamentais de aquário muito dóceis e úteis, pois removem incansavelmente algas dos cascalhos, plantas, troncos  e vidros. Existem muitas variações de cascudos e, claro,  todos possuem características em comuns. Recobrindo a pupila, o cascudo possui um apêndice que se expande ou contrai, controlando a entrada e saída de luz. Além disso, tem o dorso revestido por placas ósseas. A boca que,"
https://www.kauar.com.br/agua-doce/cascudos-e-coridoras/coridora-ambiacus-2-a-4-cm-brochis-ambiacus,peixe_ou_camarao,Coridora Ambiacus,Brochis ambiacus,,,,,,"6.0 a 8,0",6.0,8.0,21ºC a 24ºC,21.0,24.0,,,,,,,,Tetras; Cascudos; Rásboras; Nano Cascudos; Peixes Comedores de Alga e muitos outros,https://images.tcdn.com.br/img/img_prod/749804/coridora_ambiacus_2_a_4_cm_brochis_ambiacus_1_20260703151726_5ec809788878.jpg,,"CORIDORA ABIACUS
A Coridora Ambiacus, também conhecida como Coridora Pintada, é um peixinho super carismático que esta sempre no fundo, junto ao substrato. Um peixe de cardume, fica sempre junto de outros de sua espécie. Não passa dos 6 cm, e isso o ajuda a ir a vários lugares dentro do aquário, sempre em busca de comida, e isso faz dela uma ótima ajudante quando o assunto é a limpeza. Nativa da América do Sul, a Coridora Ambiacus é encontrada na Bacia do Rio Amazonas. Ela possui pintas por todo seu corpo, e uma coloração cinza esverdeada. e atrás dos olhos uma faixa laranja, bem característic"
https://www.kauar.com.br/agua-doce/cascudos-e-coridoras/coridora-hephaestus-osteogaster-hephaestus,peixe_ou_camarao,Coridora Hephaestus,Osteogaster hephaestus,,,,,,6.0 a 7.5,6.0,7.5,23ºC a 28ºC,23.0,28.0,,,,,,,,Tetras; Cascudos; Rásboras; Nano Cascudos; Peixes Comedores de Alga e muitos outros,https://images.tcdn.com.br/img/img_prod/749804/coridora_hephaestus_2_a_4_cm_osteogaster_hephae_1_20260605173849_faec79a80e4e.jpg,,"A CORIDORA HEPHAESTUS É UMA DAS CORIDORAS MAIS RARAS, E MAIS DIFICEIS DE ENCONTRAR A VENDA NO MERCADO BRASILEIRO. SUAS CORES FAZEM DELA UMA DAS CORIDORAS MAIS LINDAS E ÚNICAS.
A Coridora Hephaestus é uma espécie relativamente nova, foi descrita cientificamente apenas em 2011. Com uma coloração marrom e bronze, que lembra o ferro queimado, recebeu o nome em referência Hefestus, deus grego do fogo e da metalurgia. Como toda Coridora, possui um comportamento pacifico e tranquilo, pode conviver bem com todos os tipos de peixes, desde que esses também sejam pacíficos.
Como outras coridoras, a Corid"
https://www.kauar.com.br/agua-doce/cascudos-e-coridoras/coridora-paragua-3-a-5-cm-corydoras-paragua,peixe_ou_camarao,Coridora Paragua,Corydoras paragua,,,,,,6.0 a 7.5,6.0,7.5,23ºC a 28ºC,23.0,28.0,,,,,,,,Tetras; Cascudos; Rásboras; Nano Cascudos; Peixes Comedores de Alga e muitos outros,https://images.tcdn.com.br/img/img_prod/749804/coridora_paragua_3_a_5_cm_corydoras_paragua_1_20251031151704_17fce7504813.jpg,,"CORIDORA PARAGUA, UMA CORIDORA RARA DE SER ECNCONTRADA, HABITANTES DOS RIOS PARAGUA E GUAPORÉ
A Coridora Paragua é uma coridora bem pequena, não passa dos 3,5 cm. Ela tem esse nome pois foi encontrada pela primeira vez no Rio Paragua, um rio que nasce na divisa do Brasil com a Bolívia, mas também pode ser encontrada no Rio Guaporé, que desagua no Rio Amazonas. A Coridora Paragua possui cores que criam um contraste com o ambiente, uma base acinzentada clara, e pequenas pintas ordenadas por todo seu corpo. Como outras da sua espécie, a Coridora Paragua é uma espécie de cardume, o ideal é que sej"
https://www.kauar.com.br/agua-doce/cascudos-e-coridoras/coridora-polystictus-corydoras-polystictus,peixe_ou_camarao,Coridora Polistictus,Corydoras polystictus,,,,,,6.4 a 8,6.4,8.0,22ºC a 28ºC,22.0,28.0,,,,,,,,Tetras; Cascudos; Rásboras; Nano Cascudos; Peixes Comedores de Alga e muitos outros,https://images.tcdn.com.br/img/img_prod/749804/coridora_coridora_polistictus_corydoras_polystictu_1_20250806172646_75bdf7410fb6.jpg,,"CORIDORA POLISTICTUS, PACÍFICA, RARA E CHEIA DE PERSONALIDADE. VENHA DESCOBRIR MAIS E APAIXONAR
A Coridora Polistictus é uma coridora pequena, curiosa e muito ativa. Com um corpo prateado e marcado sutilmente por uma serie de pontos escuros, distribuídos por todo seu corpo. Ela é nativa do Rio Paraguai, são encontradas no Brasil, na Argentina e no Paraguai. Gosta de nadar por todo fundo do aquário, a procura de comida, sempre juntas em cardume, por esse motivo é bom manter acima de 6 animais, para que mantenham um comportamento natural, e se sintam mais confiante dentro do aquário. Em media nã"
https://www.kauar.com.br/agua-doce/cascudos-e-coridoras/diadema-urostriatum-diadema-urostriatum,peixe_ou_camarao,Dianema Rabo de Jaraqui,Dianema urostriatum,,,,,,"6.0 a 8,0",6.0,8.0,25ºC a 28ºC,25.0,28.0,,,,,,,,,https://images.tcdn.com.br/img/img_prod/749804/dianema_urostriatum_dianema_urostriatum_7_a_8_cm_1_20250807095701_4218d8ce9257.jpg,,"DIANEMA UROSTRIATUM: UM PEIXE DE ÁGUA DOCE INCRIVEL E  EXOTICO, IDEAL PARA SEU AQUÁRIO
Se você busca um peixe exótico, compatível com outros habitantes do aquário o Dianema urostriatum é a escolha certa, pois é uma e
spécie pouco comum no mercado brasileiro, ideal para quem deseja algo diferenciado.
Nativo da Bacia Amazônica, o Dianema é um peixe
elegante e chama bastante atenção, c
om seu corpo alongado, e uma
coloração que vai do prateado ao dourado, é uma chamativa cauda listrada
. Ideal para aquários comunitários, esse peixe da família Callichthyidae, mesma das Coridoras, é pacífico, resis"
https://www.kauar.com.br/agua-doce/cascudos-e-coridoras/farfowella-verde-acestridium-discus,peixe_ou_camarao,Farlowella Verde,Acestridium discus,,,,,,3.0 a 4.0,3.0,4.0,22°C a 29°C,22.0,29.0,,,,,,,,,https://images.tcdn.com.br/img/img_prod/749804/farfowella_verde_acestridium_discus_855_1_20201211001324.jpg,,"Farfowella Verde
Peixes de Água Doce
Peixes de Aquário
Origem:
América do Sul.
Características:
o  Farfowella Verde, também conhecido como Peixe-Galho, é um peixe ornamental de água doce bastante exótico, tanto pela aparência, quanto pelo seu comportamento. Possui expectativa de vida de cerca de 10 anos e é um peixe super admirado no aquarismo. Seu corpo realmente possui uma camuflagem perfeita e se assemelha a um galho. Aliado a isso, o Farfowella Verde passa a maior parte do dia imóvel. É um peixe com um comportamento muito atípico e, justamente por isso, atrai a atenção dos aquaristas, curi"
https://www.kauar.com.br/agua-doce/cascudos-e-coridoras/nano-cascudo-cabeca-de-cuia-parotocinclus-cabessadecuia,peixe_ou_camarao,Nano Cascudo Cabeça de Cuia,Parotocinclus cabessadecuia,,,,,,6.0 a 7.2,6.0,7.2,24ºC a 28ºC,24.0,28.0,,,,,,,,,https://images.tcdn.com.br/img/img_prod/749804/nano_cascudo_cabea_de_cuia_2_a_3_parotocinclus_c_1_20260108114125_cda3f80f2c12.jpg,,"Conheça o Nano Cascudo Cabeça de Cuia, um nano cascudo recém chagado ao mercado brasileiro, que vem conquistando o seu espaço
O Nano Cascudo Cabeça de Cuia é um nano cascudo relativamente novo, foi catalogado pela primeira vez em 2017, chegando ao mercado brasileiro recentemente. Um peixe de porte pequeno, não passa dos 5 cm, seu corpo é longo e fino com placas ósseas que se sobrepõem substituindo as escamas, sua cabeça é arredondada, que dá origem ao seu nome comum, Nano Cascudo Cabeça de Cuia, possui uma boca em forma de ventosa, que o permite se fixar em rochas, troncos, e até em vidro.
Nom"
https://www.kauar.com.br/agua-doce/cascudos-e-coridoras/nano-cascudo-jimi-parotocinclus-jimi,peixe_ou_camarao,Nano Cascudo Jimi,Parotocinclus jimi,,,,,,6.0 a 7.5,6.0,7.5,22ºC a 25ºC,22.0,25.0,,,,,,,,,https://images.tcdn.com.br/img/img_prod/749804/nano_cascudo_jimi_2_a_3_parotocinclus_jimi_1_20260724150250_30373e0d18e1.jpg,,"Uma novidade chegando, o Nano Cascudo Jimi, um cascudinho que possui uma coloração que  se adaptar ao ambiente, possui um corpo castanho, com raios dourados, que dá um bonito contraste.
Endémico do Brasil, o Nano Cascudo Jimi é encontrado, na natureza, apenas no estado da Bahia. Um peixe super pacífico o Nano cascudo Jimi vai dar uma cara nova ao seu aquário, possui um comportamento tranquilo com outros peixes, um herbívoro nato, e de habito noturno.
P
ossui uma boca em forma de ventosa, que o permite se fixar em rochas, troncos, e até em vidro. Vai a vários cantos do aquário, em busca de alga"
https://www.kauar.com.br/agua-doce/cascudos-e-coridoras/sturisoma-aureum-sturisomatichthys-sp,peixe_ou_camarao,Cascudo Sturisoma Aureum,Loricaria Mármore,,,,,,6.0 a 7.5,6.0,7.5,24ºC a 28ºC,24.0,28.0,,,,,,,,,https://images.tcdn.com.br/img/img_prod/749804/sturisoma_aureum_sturisoma_dourada_loricaria_mrm_1_20260228133144_9f0e82687ca8.jpg,,"Sturisoma aureum é um daqueles peixes que unem beleza, elegância e rusticidade. Um peixe muito raro, que não vemos todos os dias a venda no mercado de peixes ornamentais brasileiro.
Com um corpo alongado e uma calda bem esguia, esse peixe incrível também pode ser conhecido como rabo de chicote e cachimbo, pela semelhança com o objeto. É um
peixe muito tranquilo, e de hábitos noturnos. Convive bem com outros peixes de comportamento tranquilo, e que não o veja como uma presa. Quando adulto pode ficar entre 18 a 20 cm, mas sempre com o corpo bem fino. É nativo da América do Sul, ocorrendo em algu"
https://www.kauar.com.br/agua-doce/cascudos-e-coridoras/synodontis-petricola-synodontis-vaillanti,peixe_ou_camarao,Sinodontis Petricola,Synodontis petricola,,,,,,8.8 a 9.3,8.8,9.3,24ºC a 26ºC,24.0,26.0,,,,,,,,,https://images.tcdn.com.br/img/img_prod/749804/synodontis_petricola_3_a_5_synodontis_vaillanti_853_1_bbb50dd6ba7b9461bf22566fcdb6a85f.jpg,,"SYNODONTIS PETRICOLA, UM CATFISH QUE VAI TE ENCANTAR
O Synodontis Petricola
é um tipo de bagre, também chamado de peixe gato invertido por sua capacidade de nadar até de barriga para cima. Ele tem uma aparência inconfundível, com seu corpo coberto de pintinhas
﻿
pretas e seus três barbilhões. Possui crescimento lento e, na natureza, pode chegar até 10 cm, sendo comum 8cm.
O Synodontis  Petricola se dará bem em vários tipos de aquário comunitário, com peixes amazônicos, asiáticos e até mesmo de ciclídeos africanos (sim, os ciclídeos africanos não se incomodam). No seu aquário, vc vai ver esse p"
https://www.kauar.com.br/agua-doce/cascudos-e-coridoras/tatia-do-orinoco,peixe_ou_camarao,Tatia do Orinoco,,,,,,,7.,7.0,7.0,18ºC e 26ºC,18.0,26.0,,,,,,,,,https://images.tcdn.com.br/img/img_prod/749804/tatia_do_orinoco_4_a_5_cm_1_20251230123320_398e77aa1972.jpg,,"TATIA DO ORINOCO, UM CATFISH RARO E SURPRIENDENTE, QUE VAI TRAZER BELEZA E MISTERIOS PARA SEU AQUÁRIO
A Tatia do Orinoco, auchenipterichthys punctatus, apesar do nome comum, e do comportamento similar, não é de fato uma tatia, já que recentemente(2024/2025) ouve uma reclassificação, que
resultou na redistribuição das espécies em 6 gêneros, entre eles o gênero Auchenipterichthys, ao qual pertence a Tatia do Orinoco(auchenipterichthys punctatus)
. Em média chega aos 11,5 cm, mas pode chegar até os 15 cm. Um peixe elegante que chama bastante a atenção pela aparência exótica, possui cabeça, boca e"
https://www.kauar.com.br/agua-doce/cascudos-e-coridoras/tatia-gyrina-tatia-gyrina,peixe_ou_camarao,Tatia Gyrina,Tatia gyrina,,,,,,"6,",6.0,6.0,21ºC e 26ºC,21.0,26.0,,,,,,,,,https://images.tcdn.com.br/img/img_prod/749804/tatia_gyrina_4_a_5_cm_tatia_gyrina_1_20251226101821_0e4c2dce3d17.jpg,,"TATIA GYRINA, UM DOS MENORES CATFISH ENCONTRADOS NO BRASIL
Um pequeno bagre de comportamento noturno, a Tatia Gyrina gosta de percorrer todo aquário, principalmente o substrato, sempre em busca de alimento. Em média chegar aos 4,2 cm, sendo considerado um dos menores bagres do Brasil. Um peixe exótico que chama bastante a atenção pela sua coloração e aparência, seu corpo levemente alongado, possui uma cabeça grande e alongada, possui barbilhões finos e sensoriais envolta da boca, que ajudam a se guiar em ambiente com pouca luminosidade. As cores variam marrom claro, bege, acinzentado e oliva, "
https://www.kauar.com.br/agua-doce/ciclideos-africanos/aulonocaras/aulonocara-apache-ciclideos-africanos-lago-malawi,peixe_ou_camarao,Aulonocara Apache,,,,,,,"7,0 a 8,6",7.0,8.6,23ºC e 28ºC,23.0,28.0,,,,,,,,,https://images.tcdn.com.br/img/img_prod/749804/aulonocara_apache_5_a_7_cm_ciclideos_africanos_lago_malawi_433_1_7fad19658e1202d7f4f84f328c610f10.jpg,,"AULONOCARA APACHE, UM PEIXE DE AQUÁRIO OU LAGO QUE VAI TE ENCANTAR
Com sua coloração azul vibrante e característica mancha dourada na parte superior da cabeça, a Aulonocara Apache
está entre as variedades de Aulonocaras mais amadas e populares. Como outros peixes da família, ele alcança um tamanho médio entre 9 cm e 15 cm.
SAIBA MAIS SOBRE AS AULONOCARAS
As Aulonocaras são tão coloridas que, muitas vezes, são confundidas com peixes marinhos. Na natureza, são encontradas no Lago Malawi, na África. Só ele abriga mais de 400 espécies de ciclídeos como as Aulonocaras. E isso é apenas uma pequena p"
https://www.kauar.com.br/agua-doce/ciclideos-africanos/aulonocaras/aulonocara-dragon-blood-albino-ciclideos-africanos-lago-malawi,peixe_ou_camarao,Aulonocara Dragon Blood,Ciclídeos Africanos,,,,,,"7,0 a 8,6",7.0,8.6,23ºC e 28ºC,23.0,28.0,,,,,,,,,https://images.tcdn.com.br/img/img_prod/749804/aulonocara_dragon_blood_albina_5_a_7_cm_ciclideos_africanos_lago_malawi_187_1_61503725123b94bf808afb7746c454d1.jpg,,"AULONOCARA DRAGON BLOOD ALBINA, UM PEIXE DE AQUÁRIO OU LAGO QUE VAI TE ENCANTAR
A Aulonocara Dragon Blood Albina
está entre as variedades de Aulonocaras mais exóticas. Como outros ciclídeos africanos, ela alcança um tamanho médio entre 9 cm e 15 cm.
SAIBA MAIS SOBRE AS AULONOCARAS
As Aulonocaras são tão coloridas que, muitas vezes, são confundidas com peixes marinhos. Na natureza, são encontradas no Lago Malawi, na África. Só ele abriga mais de 400 espécies de ciclídeos como as Aulonocaras. E isso é apenas uma pequena parte de toda a diversidade dessa família, que é formada por mais de 25 mil "
https://www.kauar.com.br/agua-doce/ciclideos-africanos/aulonocaras/aulonocara-eureka,peixe_ou_camarao,Aulonocara Eureka,Ciclídeo Africano,,,,,,"7,0 a 8,6",7.0,8.6,23ºC e 28ºC,23.0,28.0,,,,,,,,,https://images.tcdn.com.br/img/img_prod/749804/aulonocara_eureka_5_a_7_cm_ciclideo_africano_lago_malawi_3_1_d9d8a4fb57ac4dba4620ad0c110ebffd.jpg,,"AULONOCARA EUREKA, UM PEIXE DE AQUÁRIO OU LAGO QUE VAI TE MARAVILHAR
A Aulonocara Eureka está entre os ciclídeos africanos mais clássicos e lindos. Como outras da família, chegam, quando adultas, até 15 cm.
SAIBA MAIS SOBRE AS AULONOCARAS
As Aulonocaras são tão coloridas que, muitas vezes, são confundidas com peixes marinhos. Na natureza, são encontradas no Lago Malawi, na África. Só ele abriga mais de 400 espécies de ciclídeos como as Aulonocaras. E isso é apenas uma pequena parte de toda a diversidade dessa família, que é formada por mais de 25 mil espécies de peixes. Entre os ciclídeos afri"
https://www.kauar.com.br/agua-doce/ciclideos-africanos/aulonocaras/aulonocara-eureka-albino-lago-malawi,peixe_ou_camarao,Aulonocara Eureka Albina,Ciclídeo Africano,,,,,,"7,0 a 8,6",7.0,8.6,23ºC e 28ºC,23.0,28.0,,,,,,,,,https://images.tcdn.com.br/img/img_prod/749804/aulonocara_eureka_albina_5_a_7_cm_ciclideo_africano_lago_malawi_357_1_ef0d49e0bf0ed529e0b732b262b1ad96.jpg,,"AULONOCARA EUREKA ALBINA, UM PEIXE DE AQUÁRIO OU LAGO QUE VAI TE ENCANTAR
A Aulonocara Eureka Albina possui uma beleza que hipnotiza. Mesmo na variação albina, mantém as marcações contrastantes que são características da espécies, especial, na dorsal. Como outros peixes da família dos ciclídeos africanos, ele alcança um tamanho médio entre 9 cm e 15 cm.
SAIBA MAIS SOBRE AS AULONOCARAS
As Aulonocaras são tão coloridas que, muitas vezes, são confundidas com peixes marinhos. Na natureza, são encontradas no Lago Malawi, na África. Só ele abriga mais de 400 espécies de ciclídeos como as Aulonocaras"
https://www.kauar.com.br/agua-doce/ciclideos-africanos/aulonocaras/aulonocara-hansbaenschi-red-flash-ciclideos-lago-malawi,peixe_ou_camarao,Aulonocara Hansbaenschi Red Flash,,,,,,,"7,0 a 8,6",7.0,8.6,23ºC e 28ºC,23.0,28.0,,,,,,,,,https://images.tcdn.com.br/img/img_prod/749804/aulonocara_hansbaenschi_red_flash_5_a_7_cm_ciclideos_lago_malawi_431_1_6b3efca9182a074c59a2582ceb0d7316.jpg,,"AULONOCARA HANSBAENSCHI RED FLASH, UM PEIXE
DE AQUÁRIO MARAVILHOSO
Quando você vê uma Aulonocara Hansbaenschi Red Flash é imediatamente impactado por esse clarão vermelho, contrastando com sua face azul, o que a torna inconfundível entre as Aulonocaras.
Como outros peixes da família dos ciclídeos africanos, ele alcança um tamanho médio entre 9 cm e 12 cm. Natural do Lago Malawi, é um peixe ornamental que só vai te trazer alegrias ao ser incluído em sua fauna!
SAIBA MAIS SOBRE AS AULONOCARAS
As Aulonocaras são tão coloridas que, muitas vezes, são confundidas com peixes marinhos. Na natureza, sã"
https://www.kauar.com.br/agua-doce/ciclideos-africanos/aulonocaras/aulonocara-maleri-yellow-ciclideos-africanos-lago-malawi,peixe_ou_camarao,Aulonocara Maleri Yellow,Aulonocara baenschi,,,,,,"7,0 a 8,6",7.0,8.6,23ºC e 28ºC,23.0,28.0,,,,,,,,,https://images.tcdn.com.br/img/img_prod/749804/aulonocara_maleri_yellow_5_a_7_cm_aulonocara_baenschi_lago_malawi_353_1_93663b2d2254f4bc4f869f1a892bed57.jpg,,"AULONOCARA MALERI YELLOW, UM PEIXE DE AQUÁRIO OU LAGO QUE VAI TE ENCANTAR
A Aulonocara Malery Yellow está entre peixes ornamentais mais famosos. Com a face azul e o corpo que é uma explosão de amarelo, ela está entre as preferidas dos aquaristas de ciclídeos africanos.
Como outros peixes da família, ele alcança um tamanho médio entre 9 cm e 15 cm. Natural do Lago Malawi, é um peixe ornamental que vai te maravilhar.
SAIBA MAIS SOBRE AS AULONOCARAS
As Aulonocaras são tão coloridas que, muitas vezes, são confundidas com peixes marinhos. Na natureza, são encontradas no Lago Malawi, na África. Só e"
https://www.kauar.com.br/agua-doce/ciclideos-africanos/aulonocaras/aulonocara-nyassae-blue-orchid-ciclideos-lago-malawi,peixe_ou_camarao,Aulonocara Nyassae Blue Orchid,,,,,,,"7,0 a 8,6",7.0,8.6,23ºC e 28ºC,23.0,28.0,,,,,,,,,https://images.tcdn.com.br/img/img_prod/749804/aulonocara_nyassae_blue_orchid_5_a_7_cm_ciclideo_africano_lago_malawi_429_1_b53918645dfdf017df8744f4c5f5a2a8.jpg,,"AULONOCARA NYSSAE BLUE ORCHID, UM PEIXE DE AQUÁRIO OU LAGO DA FAMÍLIA DOS CICLÍDEOS AFRICANOS QUE VAI TE ENCANTAR
Com sua coloração azul vibrante e sua dorsal glacial, a Aulonocara Nyssae Blue Orchid
está entre as variedades de Aulonocaras que não decepcionam nunca: é pura beleza! Como outros peixes da família, ele alcança um tamanho médio entre 9cm e 12 cm.
SAIBA MAIS SOBRE AS AULONOCARAS
As Aulonocaras são tão coloridas que, muitas vezes, são confundidas com peixes marinhos. Na natureza, são encontradas no Lago Malawi, na África. Só ele abriga mais de 400 espécies de ciclídeos como as Aulono"
https://www.kauar.com.br/agua-doce/ciclideos-africanos/aulonocaras/aulonocara-ob-gold-ciclideos-africanos-macho-garantido,peixe_ou_camarao,Aulonocara OB Gold,Ciclídeos africanos,,,,,,"7,0 a 8,6",7.0,8.6,23ºC e 28ºC,23.0,28.0,,,,,,,,,https://images.tcdn.com.br/img/img_prod/749804/aulonocara_ob_gold_6_a_9_cm_cicldeos_africanos_1_20250806122100_ac6f3d354977.jpg,,"AULONOCARA OB GOLD, É UMA NOVIDADE ENTRE AS AULONOCARAS, E JÁ CONQUISTOU MUITA GENTE
A Aulonocara OB Gold é uma variação da Aulonocara Orange Blue, mas com um corpo predominante amarelo/dourado, que chama bastante a atenção dentro do aquário, pois o intenso brilho dessas cores contrasta com as manchas azuis e laranja, criando uma aquarela de cores, que adornam todo seu corpo.
Como outros peixes da família dos ciclídeos africanos, ele alcança um tamanho médio entre 9 cm e 12 cm. Natural do Lago Malawi, é um peixe ornamental que vai te maravilhar.
Imagem meramente ilustrativa, por se tratar de u"
https://www.kauar.com.br/agua-doce/ciclideos-africanos/aulonocaras/aulonocara-orange-blue-ciclideos-lago-malawi,peixe_ou_camarao,Aulonocara Orange Blue,,,,,,,"7,0 a 8,6",7.0,8.6,23ºC e 28ºC,23.0,28.0,,,,,,,,,https://images.tcdn.com.br/img/img_prod/749804/aulonocara_orange_blue_5_a_7_cm_ciclideos_lago_malawi_425_1_d5a5f34565c12979e1da649d0ee7b993.jpg,,"AULONOCARA ORANGE BLUE, UM PEIXE DE AQUÁRIO OU LAGO QUE VAI TE ENCANTAR
A Aulonocara Orange Blue está não só entre os ciclídeos africanos mais lindos, como também entre os mais famosos peixes ornamentais. As suas manchas nas cores laranja e azul parecem explodir ao longo de todo corpo, deixando o visual da Aulonocara Orange Blue super irreverente e marcante.
Como outros peixes da família, ele alcança um tamanho médio entre 9 cm e 15 cm. Natural do Lago Malawi, é um peixe ornamental que não pode faltar em sua fauna de ciclídeos africanos.
SAIBA MAIS SOBRE AS AULONOCARAS
As Aulonocaras são tão c"
https://www.kauar.com.br/agua-doce/ciclideos-africanos/blue-golfinho-cyrtocara-moorii-ciclideos-africanos-lago-malawi,peixe_ou_camarao,Blue Golfinho,Cyrtocara Moorii,,,,,,7.8 a 8.6,7.8,8.6,15 a 20,15.0,20.0,,,,,,,,Cyrtocara Moorii,https://images.tcdn.com.br/img/img_prod/749804/blue_golfinho_cyrtocara_moorii_891_1_f70236ee61577a80288c5e4eac2e2268.jpg,,"Blue Golfinho | Cyrtocara Moorii
Peixes de Aquário
Peixes Ornamentais
Origem:
África (Lago Malawi)
Características:
São peixes que se movimentam bastante em seu aquário, justamente porque tentam demarcar seu território obstinadamente. Este é o caso do Cyrtocara Moorii, que  pode alcançar um tamanho médio entre 15 cm a 20 cm. Esse ciclídeo africano possui expectativa de vida entre 5 e 8 anos.
Comportamento e coabitação com outras espécies
:
o Cyrtocara Moorii é um peixe territorialista e bastante temperamental. Costuma viver em haréns e o ideal é manter 1 macho com 3 a 6 fêmeas da espécie para "
https://www.kauar.com.br/agua-doce/ciclideos-africanos/dimidiochromis-compressiceps,peixe_ou_camarao,Dimidiochromis Compressiceps Azul,Ciclídeo africano,,,,,,7.8 a 8.6,7.8,8.6,23ºC a 28ºC,23.0,28.0,,,,,,,,Dimidiochromis Compressiceps,https://images.tcdn.com.br/img/img_prod/749804/dimidiochromis_compressiceps_azul_2_5_a_4_cm_ciclideo_africano_175_1_fa24577292fd6833b881f6b26355034e.png,,"Dimidiochromis Compressiceps Azul
Peixes de Aquário
| Ciclídeos Africanos
Peixes Ornamentais
Origem:
África (Lago Malawi)
Características:
os ciclídeos africanos são peixes ornamentais de cores vibrantes, com características muito territorialistas e agressivas. São peixes que se movimentam bastante em seu aquário, justamente porque tentam demarcar seu território obstinadamente. Este é o caso do Dimidiochromis Compressiceps, que pode alcançar um tamanho médio entre 15 cm a 20 cm, atingindo suas cores definitivas na fase adulta por volta dos 10cm. Esse ciclídeo africano possui expectativa de vid"
https://www.kauar.com.br/agua-doce/ciclideos-africanos/dimidiochromis-compressiceps-albino,peixe_ou_camarao,Dimidiochromis Compressiceps Albino,Ciclídeo africano,,,,,,7.8 a 8.6,7.8,8.6,15 a 20,15.0,20.0,,,,,,,,Dimidiochromis Compressiceps,https://images.tcdn.com.br/img/img_prod/749804/dimidiochromis_compressiceps_albino_2_5_a_4_cm_ciclideo_africano_173_1_d7203d4634688e0350cc1a3b16beaa94.jpg,,"Dimidiochromis Compressiceps Albino
Peixes de Aquário
Peixes Ornamentais
Origem:
África (Lago Malawi)
Características:
os ciclídeos africanos são peixes ornamentais de cores vibrantes, com características muito territorialistas e agressivas. São peixes que se movimentam bastante em seu aquário, justamente porque tentam demarcar seu território obstinadamente. Este é o caso do Dimidiochromis Compressiceps, que  pode alcançar um tamanho médio entre 15 cm a 20 cm. Esse ciclídeo africano possui expectativa de vida entre 5 e 8 anos.
Comportamento e c
oabitação com outras espécies
:
o Dimidiochromis "
https://www.kauar.com.br/agua-doce/ciclideos-africanos/haplochromis-eletric-blue-iceberg,peixe_ou_camarao,Eletric Blue Ahli Iceberg,Dorsal prateada,,,,,,7.8 a 8.6,7.8,8.6,15 a 20,15.0,20.0,,,,,,,,Haplochromis Eletric Blue Iceberg,https://images.tcdn.com.br/img/img_prod/749804/haplochromis_eletric_blue_iceberg_5_a_7_cm_ciclideo_africano_lago_malawi_169_1_73a6543f4232c466e866dadc02386973.jpg,,"Haplochromis Eletric Blue Ahli Iceberg
Peixes de Aquário
| Ciclídeos Africanos
Peixes Ornamentais
Imagens ilustrativas: By The original uploader was Ged 02 at English Wikipedia. - Transferred from en.wikipedia to Commons., CC BY-SA 2.5
Origem:
África (Lago Malawi)
Características:
os ciclídeos africanos são peixes ornamentais de cores vibrantes, com características muito territorialistas e agressivas. São peixes que se movimentam bastante em seu aquário, justamente porque tentam demarcar seu território obstinadamente. Este é o caso do Haplochromis Eletric Blue Iceberg que  pode alcançar um tam"
https://www.kauar.com.br/agua-doce/ciclideos-africanos/mbunas/auratus-melanochromis-auratus,peixe_ou_camarao,Auratus Amarelo,Melanochromis auratus,,,,,,7.8 a 8.6,7.8,8.6,23ºC a 28ºC,23.0,28.0,,,,,,,,Aulonocaras,https://images.tcdn.com.br/img/img_prod/749804/auratus_amarelo_melanochromis_auratus_887_1_5e00d6d59da973d5f2984defe92bc5c4.jpg,,"AURATUS AMARELO, UM CICLÍDEO AFRICANO DO GRUPO MBUNA
O AURATUS AMARELO É UM CICLÍDEO DO LAGO MALAWI, DO GRUPO DOS MBUNAS, NOME POPULAR QUE SIGNIFICA “PEIXE DAS ROCHAS” (NA LINGUAGEM DO POVO AFRICANO TONGA, QUE HABITA AS MARGENS DO LAGO, PRONUNCIA-SE MMM-BOO-NAH). OS MBUNAS VIVEM ESPECIALMENTE NAS ÁREAS MAIS ROCHOSAS DO BIÓTOPO, EM FENDAS, CAVERNAS E GRUTAS SUBAQUÁTICAS LOCALIZADAS PRÓXIMAS ÀS MARGENS DO LAGO.
É o grupo mais comum de ciclídeos desse lago africano. Este grande volume populacional de Mbunas na natureza também é responsável por parte do seu territorialismo acentuado, já que as dif"
https://www.kauar.com.br/agua-doce/ciclideos-africanos/mbunas/cynotilapia-afra-white-top-ciclideos-lago-malawi,peixe_ou_camarao,Cynotilapia Afra White Top,,,,,,,7.8 a 8.6,7.8,8.6,23ºC a 28ºC,23.0,28.0,,,,,,,,Aulonocaras,https://images.tcdn.com.br/img/img_prod/749804/cynotilapia_afra_white_top_ciclideos_lago_malawi_419_1_39b61383e39c64934ef3b91fe06014ea.jpg,,"CYNOTILAPIA AFRA WHITE TOP, UM CICLÍDEO AFRICANO DO GRUPO MBUNA
Cynotilapia Afra White Top
é um ciclídeo do Lago Malawi, do grupo dos Mbunas, nome popular que significa “peixe das rochas” (na linguagem do povo africano Tonga, que habita as margens do Lago, pronuncia-se Mmm-boo-nah). Os Mbunas vivem especialmente nas áreas mais rochosas do biótopo, em fendas, cavernas e grutas subaquáticas localizadas próximas às margens do Lago.
É o grupo mais comum de ciclídeos desse lago africano. Este grande volume populacional de Mbunas na natureza também é responsável por parte do seu territorialismo acen"
https://www.kauar.com.br/agua-doce/ciclideos-africanos/mbunas/elongatus-usisya-5-a-6-cm-lago-malawi,peixe_ou_camarao,Elongatus Usisya,Pseudotropheus elongatus,,,,,,7.8 a 8.6,7.8,8.6,23ºC a 28ºC,23.0,28.0,,,,,,,,Aulonocaras,https://images.tcdn.com.br/img/img_prod/749804/elongatus_usisya_5_a_6_cm_lago_malawi_2512_1_135a0d4289b70cfeb18087ab2e5b9fc3.jpg,,"ELONGATUS USISYA, UM BELISSIMO CICLÍDEO AFRICANO, DO GRUPO MBUNA
Elongatus Usisya
é um ciclídeo do Lago Malawi, do grupo dos Mbunas, nome popular que significa “peixe das rochas” (na linguagem do povo africano Tonga, que habita as margens do Lago, pronuncia-se Mmm-boo-nah). Os Mbunas vivem especialmente nas áreas mais rochosas do biótopo, em fendas, cavernas e grutas subaquáticas localizadas próximas às margens do Lago.
É o grupo mais comum de ciclídeos desse lago africano. Este grande volume populacional de Mbunas na natureza também é responsável por parte do seu territorialismo acentuado, já"
https://www.kauar.com.br/agua-doce/ciclideos-africanos/mbunas/gephyrochromis-moorii,peixe_ou_camarao,Moorii,Gephyrochromis Moorii,,,,,,7.8 a 8.6,7.8,8.6,23ºC a 28ºC,23.0,28.0,,,,,,,,Aulonocaras,https://images.tcdn.com.br/img/img_prod/749804/moorii_4_a_5_cm_gephyrochromis_moorii_171_1_a4e431e2ac119ae6dd4158678e0504d1.jpg,,"GEPHYROCHROMIS MOORII, UM CICLÍDEO AFRICANO DO GRUPO MBUNA
Gephyrochromis Moorii é um ciclídeo do Lago Malawi, do grupo dos Mbunas, nome popular que significa “peixe das rochas” (na linguagem do povo africano Tonga, que habita as margens do Lago, pronuncia-se Mmm-boo-nah). Os Mbunas vivem especialmente nas áreas mais rochosas do biótopo, em fendas, cavernas e grutas subaquáticas localizadas próximas às margens do Lago.
É o grupo mais comum de ciclídeos desse lago africano. Este grande volume populacional de Mbunas na natureza também é responsável por parte do seu territorialismo acentuado, já "
https://www.kauar.com.br/agua-doce/ciclideos-africanos/mbunas/labidochromis-caeruleus-super-yellow-lago-malawi,peixe_ou_camarao,Labidochromis Caeruleus Super Yellow,Lago Malawi,,,,,,7.8 a 8.6,7.8,8.6,23ºC a 28ºC,23.0,28.0,,,,,,,,Aulonocaras,https://images.tcdn.com.br/img/img_prod/749804/labidochromis_caeruleus_super_yellow_2_a_4_cm_lago_malawi_411_1_3fd0b6ba7ba9cd086316aeead3a315c8.jpg,,"LABIDOCHROMIS CAERULEUS SUPER YELLOW, UM CICLÍDEO AFRICANO DO GRUPO MBUNA
Labidochromis Caeruleus Super Yellow
é um ciclídeo do Lago Malawi, do grupo dos Mbunas, nome popular que significa “peixe das rochas” (na linguagem do povo africano Tonga, que habita as margens do Lago, pronuncia-se Mmm-boo-nah). Os Mbunas vivem especialmente nas áreas mais rochosas do biótopo, em fendas, cavernas e grutas subaquáticas localizadas próximas às margens do Lago.
É o grupo mais comum de ciclídeos desse lago africano. Este grande volume populacional de Mbunas na natureza também é responsável por parte do seu "
https://www.kauar.com.br/agua-doce/ciclideos-africanos/mbunas/labidochromis-caeruleus-white-lago-malawi,peixe_ou_camarao,Labidochromis Caeruleus White,Lago Malawi,,,,,,7.8 a 8.6,7.8,8.6,23ºC a 28ºC,23.0,28.0,,,,,,,,Aulonocaras,https://images.tcdn.com.br/img/img_prod/749804/labidochromis_caeruleus_white_2_a_4_cm_lago_malawi_787_1_579c14b3920f7226c8fc1351f1fce544.jpg,,"LABIDOCHROMIS CAERULEUS WHITE, UM CICLÍDEO AFRICANO DO GRUPO MBUNA
Labidochromis Caeruleus White
é um ciclídeo do Lago Malawi, do grupo dos Mbunas, nome popular que significa “peixe das rochas” (na linguagem do povo africano Tonga, que habita as margens do Lago, pronuncia-se Mmm-boo-nah). Os Mbunas vivem especialmente nas áreas mais rochosas do biótopo, em fendas, cavernas e grutas subaquáticas localizadas próximas às margens do Lago.
É o grupo mais comum de ciclídeos desse lago africano. Este grande volume populacional de Mbunas na natureza também é responsável por parte do seu territorialism"
https://www.kauar.com.br/agua-doce/ciclideos-africanos/mbunas/lombardoi-maylandia-lombardoi,peixe_ou_camarao,Lombardoi,Maylandia lombardoi,,,,,,7.8 a 8.6,7.8,8.6,23ºC a 28ºC,23.0,28.0,,,,,,,,Aulonocaras,https://images.tcdn.com.br/img/img_prod/749804/lombardoi_5_a_7_cm_maylandia_lombardoi_49_1_ed07b4df41bcc13b7c139fed5c1d9e57.jpg,,"LOMBARDOI, UM CICLÍDEO AFRICANO DO GRUPO MBUNA
Lombardoi um ciclídeo do Lago Malawi, do grupo dos Mbunas, nome popular que significa “peixe das rochas” (na linguagem do povo africano Tonga, que habita as margens do Lago, pronuncia-se Mmm-boo-nah). Os Mbunas vivem especialmente nas áreas mais rochosas do biótopo, em fendas, cavernas e grutas subaquáticas localizadas próximas às margens do Lago.
É o grupo mais comum de ciclídeos desse lago africano. Este grande volume populacional de Mbunas na natureza também é responsável por parte do seu territorialismo acentuado, já que as diferentes espécies"
https://www.kauar.com.br/agua-doce/ciclideos-africanos/mbunas/melanochromis-auratus-albino-lago-malawi,peixe_ou_camarao,Auratus Amarelo Albino LINDOS,Lago Malawi,,,,,,7.8 a 8.6,7.8,8.6,23ºC a 28ºC,23.0,28.0,,,,,,,,Aulonocaras,https://images.tcdn.com.br/img/img_prod/749804/auratus_amarelo_albino_lindos_3_a_5_cm_lago_malawi_melanochromis_auratus_885_1_50d1ebf555371cda491667c8e9fee17c.jpg,,"AURATUS AMARELO ALBINO, UM CICLÍDEO AFRICANO DO GRUPO MBUNA
O Auratus Amarelo Albino é um ciclídeo do Lago Malawi, do grupo dos Mbunas, nome popular que significa “peixe das rochas” (na linguagem do povo africano Tonga, que habita as margens do Lago, pronuncia-se Mmm-boo-nah). Os Mbunas vivem especialmente nas áreas mais rochosas do biótopo, em fendas, cavernas e grutas subaquáticas localizadas próximas às margens do Lago.
É o grupo mais comum de ciclídeos desse lago africano. Este grande volume populacional de Mbunas na natureza também é responsável por parte do seu territorialismo acentuado,"
https://www.kauar.com.br/agua-doce/ciclideos-africanos/mbunas/melanochromis-maingano-auratus-azul-verdadeiro,peixe_ou_camarao,Melanochromis Maingano,,,,,,,7.8 a 8.6,7.8,8.6,23ºC a 28ºC,23.0,28.0,,,,,,,,Aulonocaras,https://images.tcdn.com.br/img/img_prod/749804/melanochromis_maingano_3_a_5_cm_auratus_azul_verdadeiro_165_1_d7f738265d3fbfb20558d6fd5f605556.jpg,,"AURATUS AZUL VERDADEIRO, UM CICLÍDEO AFRICANO DO GRUPO MBUNA
O Melanochromis Maingano, ou Auratus Azul Verdadeiro, é um ciclídeo do Lago Malawi, do grupo dos Mbunas, nome popular que significa “peixe das rochas” (na linguagem do povo africano Tonga, que habita as margens do Lago, pronuncia-se Mmm-boo-nah). Os Mbunas vivem especialmente nas áreas mais rochosas do biótopo, em fendas, cavernas e grutas subaquáticas localizadas próximas às margens do Lago.
É o grupo mais comum de ciclídeos desse lago africano. Este grande volume populacional de Mbunas na natureza também é responsável por parte do "
https://www.kauar.com.br/agua-doce/ciclideos-africanos/mbunas/pseudotropheus-crabro-lago-malawi,peixe_ou_camarao,Pseudotropheus Crabro,Lago Malawi,,,,,,7.8 a 8.6,7.8,8.6,23ºC a 28ºC,23.0,28.0,,,,,,,,Aulonocaras,https://images.tcdn.com.br/img/img_prod/749804/pseudotropheus_crabro_4_a_6_cm_lago_malawi_401_1_455b7f937ed55c700556dcb464e360c2.jpg,,"PSEUDOTROPHEUS CRABRO, UM CICLÍDEO AFRICANO DO GRUPO MBUNA
Pseudotropheus Crabro é um ciclídeo do Lago Malawi, do grupo dos Mbunas, nome popular que significa “peixe das rochas” (na linguagem do povo africano Tonga, que habita as margens do Lago, pronuncia-se Mmm-boo-nah). Os Mbunas vivem especialmente nas áreas mais rochosas do biótopo, em fendas, cavernas e grutas subaquáticas localizadas próximas às margens do Lago.
É o grupo mais comum de ciclídeos desse lago africano. Este grande volume populacional de Mbunas na natureza também é responsável por parte do seu territorialismo acentuado, já "
https://www.kauar.com.br/agua-doce/ciclideos-africanos/mbunas/pseudotropheus-demasoni-pombo-femea-lago-malawi,peixe_ou_camarao,Demasoni Pombo Fêmea,Chindongo Demasoni,,,,,,7.8 a 8.6,7.8,8.6,23ºC a 28ºC,23.0,28.0,,,,,,,,Aulonocaras,https://images.tcdn.com.br/img/img_prod/749804/demasoni_pombo_femea_2_a_3_cm_chindongo_demasoni_399_1_b698dd0e3c94ef5aee4c9ab6623b1849.jpg,,"DEMASONI POMBO FÊMEA, UM CICLÍDEO AFRICANO DO GRUPO MBUNA
Demasoni Pombo Fêmea
é um ciclídeo do Lago Malawi, do grupo dos Mbunas, nome popular que significa “peixe das rochas” (na linguagem do povo africano Tonga, que habita as margens do Lago, pronuncia-se Mmm-boo-nah). Os Mbunas vivem especialmente nas áreas mais rochosas do biótopo, em fendas, cavernas e grutas subaquáticas localizadas próximas às margens do Lago.
É o grupo mais comum de ciclídeos desse lago africano. Este grande volume populacional de Mbunas na natureza também é responsável por parte do seu territorialismo acentuado, já qu"
https://www.kauar.com.br/agua-doce/ciclideos-africanos/mbunas/pseudotropheus-demasoni-pombo-macho-demasoni-pombo,peixe_ou_camarao,Demasoni Pombo Macho,Chindongo Demasoni,,,,,,7.8 a 8.6,7.8,8.6,23ºC a 28ºC,23.0,28.0,,,,,,,,Aulonocaras,https://images.tcdn.com.br/img/img_prod/749804/demasoni_pombo_macho_2_a_3_cm_chindongo_demasoni_397_1_8289fe3ebfc847bcc363113ac07cb0ef.jpg,,"DEMASONI POMBO MACHO, UM CICLÍDEO AFRICANO DO GRUPO MBUNA
Demasoni Pombo
é um ciclídeo do Lago Malawi, do grupo dos Mbunas, nome popular que significa “peixe das rochas” (na linguagem do povo africano Tonga, que habita as margens do Lago, pronuncia-se Mmm-boo-nah). Os Mbunas vivem especialmente nas áreas mais rochosas do biótopo, em fendas, cavernas e grutas subaquáticas localizadas próximas às margens do Lago.
É o grupo mais comum de ciclídeos desse lago africano. Este grande volume populacional de Mbunas na natureza também é responsável por parte do seu territorialismo acentuado, já que as d"
https://www.kauar.com.br/agua-doce/ciclideos-africanos/mbunas/pseudotropheus-flavus-2-a-4-cm-pseudotropheus-flavus,peixe_ou_camarao,Chindongo Flavus,Pombo Amarelo,,,,,,7.8 a 8.6,7.8,8.6,23ºC a 28ºC,23.0,28.0,,,,,,,,Aulonocaras,https://images.tcdn.com.br/img/img_prod/749804/chindongo_flavus_2_a_4_cm_chindongo_pseudotropheus_flavus_2514_1_f1a9885bcb60dfbf8ddc2b9aa41fad20.jpg,,"CHINDONGO FLAVUS, UM CICLÍDEO AFRICANO DO GRUPO MBUNA
Venha conhecer um pouquinho mais sobre o Chindongo Flavus, também conhecido como Mbuna Flavus. Com sua coloração amarelo vibrante, contrastando com nadadeiras azuladas e marcas escuras, se destaca bastante no aquário. É um
ciclídeo do Lago Malawi, do grupo dos Mbunas, nome popular que significa “peixe das rochas” (na linguagem do povo africano Tonga, que habita as margens do Lago, pronuncia-se Mmm-boo-nah). Os Mbunas vivem especialmente nas áreas mais rochosas do biótopo, em fendas, cavernas e grutas subaquáticas localizadas próximas às mar"
https://www.kauar.com.br/agua-doce/ciclideos-africanos/mbunas/pseudotropheus-saulosi-lago-malawi,peixe_ou_camarao,Chindongo Saulosi,Ciclídeo Africano,,,,,,7.8 a 8.6,7.8,8.6,23ºC a 28ºC,23.0,28.0,,,,,,,,Aulonocaras,https://images.tcdn.com.br/img/img_prod/749804/chindongo_saulosi_ciclideo_africano_lago_malawi_395_1_ce85d888b04d91a616b9312ad5fc1569.jpg,,"CHINDONGO SAULOSI, UM CICLÍDEO AFRICANO DO GRUPO MBUNA
O Chindongo Saulosi é um ciclídeo do Lago Malawi, do grupo dos Mbunas, nome popular que significa “peixe das rochas” (na linguagem do povo africano Tonga, que habita as margens do Lago, pronuncia-se Mmm-boo-nah). Os Mbunas vivem especialmente nas áreas mais rochosas do biótopo, em fendas, cavernas e grutas subaquáticas localizadas próximas às margens do Lago.
É o grupo mais comum de ciclídeos desse lago africano. Este grande volume populacional de Mbunas na natureza também é responsável por parte do seu territorialismo acentuado, já que as"
https://www.kauar.com.br/agua-doce/ciclideos-africanos/mbunas/socolofi-albino-lago-malawi,peixe_ou_camarao,Socolofi Albino,Lago Malawi,,,,,,7.8 a 8.6,7.8,8.6,23ºC a 28ºC,23.0,28.0,,,,,,,,Aulonocaras,https://images.tcdn.com.br/img/img_prod/749804/socolofi_albino_2_a_4_cm_lago_malawi_889_1_f4c2a0b832358204ae5cad3a81405b69.jpg,,"SOCOLOFI ALBINO, UM CICLÍDEO AFRICANO DO GRUPO MBUNA
Socolofi Albino um ciclídeo do Lago Malawi, do grupo dos Mbunas, nome popular que significa “peixe das rochas” (na linguagem do povo africano Tonga, que habita as margens do Lago, pronuncia-se Mmm-boo-nah). Os Mbunas vivem especialmente nas áreas mais rochosas do biótopo, em fendas, cavernas e grutas subaquáticas localizadas próximas às margens do Lago.
É o grupo mais comum de ciclídeos desse lago africano. Este grande volume populacional de Mbunas na natureza também é responsável por parte do seu territorialismo acentuado, já que as diferen"
https://www.kauar.com.br/agua-doce/ciclideos-africanos/mbunas/socolofi-ciclideos-lago-malawi,peixe_ou_camarao,Socolofi Azul,,,,,,,7.8 a 8.6,7.8,8.6,23ºC a 28ºC,23.0,28.0,,,,,,,,Aulonocaras,https://images.tcdn.com.br/img/img_prod/749804/socolofi_azul_2_a_4_cm_ciclideos_lago_malawi_47_1_625db71c64a0c4f43df9528e5f04d98b.jpg,,"SOCOLOFI AZUL, UM CICLÍDEO AFRICANO DO GRUPO MBUNA
Socolofi Azul é um ciclídeo do Lago Malawi, do grupo dos Mbunas, nome popular que significa “peixe das rochas” (na linguagem do povo africano Tonga, que habita as margens do Lago, pronuncia-se Mmm-boo-nah). Os Mbunas vivem especialmente nas áreas mais rochosas do biótopo, em fendas, cavernas e grutas subaquáticas localizadas próximas às margens do Lago.
É o grupo mais comum de ciclídeos desse lago africano. Este grande volume populacional de Mbunas na natureza também é responsável por parte do seu territorialismo acentuado, já que as diferente"
https://www.kauar.com.br/agua-doce/ciclideos-africanos/mbunas/tropheops-,peixe_ou_camarao,Tropheops Gold,Pseudotropheus tropheops,,,,,,7.8 a 8.6,7.8,8.6,23ºC a 28ºC,23.0,28.0,,,,,,,,Aulonocaras,https://images.tcdn.com.br/img/img_prod/749804/tropheops_3_a_4_cm_1_20251002102354_6d5159bd9c38.jpg,,"TROPHEOPS GOLD, UM CICLÍDEO AFRICANO DO GRUPO MBUNA
Venha conhecer um pouquinho mais sobre o Tropheops Gold.  Com sua coloração amarelo vibrante se destaca bastante no aquário. É um
ciclídeo do Lago Malawi, do grupo dos Mbunas, nome popular que significa “peixe das rochas” (na linguagem do povo africano Tonga, que habita as margens do Lago, pronuncia-se Mmm-boo-nah). Os Mbunas vivem especialmente nas áreas mais rochosas do biótopo, em fendas, cavernas e grutas subaquáticas localizadas próximas às margens do Lago Malawi, uma das regiões mais ricas em biodiversidade de peixes do mundo.
É o grupo"
https://www.kauar.com.br/agua-doce/ciclideos-africanos/melanochromis-chipokae,peixe_ou_camarao,Melanochromis Chipokae,,,,,,,7.8 a 8.6,7.8,8.6,23ºC a 28ºC,23.0,28.0,,,,,,,,Aulonocaras,https://images.tcdn.com.br/img/img_prod/749804/melanochromis_chipokae_179_1_04728aa63a5e716a43b9a1a2dd57042a.png,,"MELANOCHROMIS CHIPOKAE, UM CICLÍDEO AFRICANO DO GRUPO MBUNA
Melanochromis Chipokae
é um ciclídeo do Lago Malawi, do grupo dos Mbunas, nome popular que significa “peixe das rochas” (na linguagem do povo africano Tonga, que habita as margens do Lago, pronuncia-se Mmm-boo-nah). Os Mbunas vivem especialmente nas áreas mais rochosas do biótopo, em fendas, cavernas e grutas subaquáticas localizadas próximas às margens do Lago.
É o grupo mais comum de ciclídeos desse lago africano. Este grande volume populacional de Mbunas na natureza também é responsável por parte do seu territorialismo acentuado, j"
https://www.kauar.com.br/agua-doce/ciclideos-africanos/protomelas-fenestratus-taiwan-reef,peixe_ou_camarao,Protomelas Fenestratus,Taiwan Reef,,,,,,7.8 a 8.6,7.8,8.6,15 a 20,15.0,20.0,,,,,,,,,https://images.tcdn.com.br/img/img_prod/749804/protomelas_fenestratus_5_a_7_cm_taiwan_reef_163_1_96d3431834903bc290e11926ec516637.jpg,,"Protomelas Fenestratus | Taiwan Reef
Peixes de Aquário
Peixes Ornamentais
Origem:
África (Lago Malawi)
Características:
os ciclídeos africanos são peixes ornamentais de cores vibrantes, com características muito territorialistas e agressivas. São peixes que se movimentam bastante em seu aquário, justamente porque tentam demarcar seu território obstinadamente. Este é o caso do Protomelas Fenestratus, que  pode alcançar um tamanho médio entre 15 cm a 20 cm. Esse ciclídeo africano possui expectativa de vida entre 5 e 8 anos.
Comportamento e c
oabitação com outras espécies
:
o Protomelas Fenestrat"
https://www.kauar.com.br/agua-doce/ciclideos-africanos/pseudotropheus-polit-macho,peixe_ou_camarao,Pseudotropheus Polit Macho,,,,,,,7.8 a 8.6,7.8,8.6,23ºC a 28ºC,23.0,28.0,,,,,,,,Aulonocaras,https://images.tcdn.com.br/img/img_prod/749804/pseudotropheus_polit_macho_183_1_39fdce504e52808c91b5e7058f8d9cd6.png,,"PSEUDOTROPHEUS POLIT MACHO, UM CICLÍDEO AFRICANO DO GRUPO MBUNA
Pseudotropheus Polit Macho é um ciclídeo do Lago Malawi, do grupo dos Mbunas, nome popular que significa “peixe das rochas” (na linguagem do povo africano Tonga, que habita as margens do Lago, pronuncia-se Mmm-boo-nah). Os Mbunas vivem especialmente nas áreas mais rochosas do biótopo, em fendas, cavernas e grutas subaquáticas localizadas próximas às margens do Lago.
É o grupo mais comum de ciclídeos desse lago africano. Este grande volume populacional de Mbunas na natureza também é responsável por parte do seu territorialismo acen"
https://www.kauar.com.br/agua-doce/ciclideos-africanos/steatocranus-casuaris-bufalo-head,peixe_ou_camarao,Steatocranus Casuaris,Bufalo Head,,,,,,7.8 a 8.6,7.8,8.6,15 a 20,15.0,20.0,,,,,,,,,https://images.tcdn.com.br/img/img_prod/749804/steatocranus_casuaris_bufalo_head_181_1_a039fee0d887f4e8eb8455e7f7c7797a.jpg,,"Steatocranus Casuaris
Bufalo Head
Peixes de Aquário
| Ciclídeos Africanos
Peixes Ornamentais
Origem:
África (Lago Malawi)
Características:
os ciclídeos africanos são peixes ornamentais de cores vibrantes, com características muito territorialistas e agressivas. O Bufalo Head, também conhecido como  Lionhead Cichlid, Blockhead Cichlid ou Humphead ou cabeça de Leão,
Cabeça de Leão, Ciclídeo Cabeça de Búfalo, Ciclídeo Búfalo, Peixe Búfalo
é um peixe que se movimenta bastante em seu aquário, justamente porque tent demarcar seu território obstinadamente. Este é o caso do Steatocranus Casuaris, que "
https://www.kauar.com.br/agua-doce/ciclideos-africanos/tanganika/altolamprologus-calvus,peixe_ou_camarao,Calvus Black,Altolamprologus Calvus,,,,,,7.8 a 8.6,7.8,8.6,23ºC a 28ºC,23.0,28.0,,,,,,,,Altolamprologus Calvus,https://images.tcdn.com.br/img/img_prod/749804/altolamprologus_calvus_calvus_black_2_a_4_cm_177_1_200d3eb71cf078445c798f8a61bb56cf.jpg,,"Altolamprologus Calvus
Peixes de Aquário | Ciclídeos Africanos
Peixes Ornamentais
Origem:
África (Lago
Tanganica
)
Características:
os ciclídeos africanos são peixes ornamentais de cores vibrantes, com características muito territorialistas e agressivas. São peixes que se movimentam bastante em seu aquário, justamente porque tentam demarcar seu território obstinadamente. Este é o caso do Altolamprologus Calvus, que  pode alcançar um tamanho médio entre 15 cm a 20 cm. Esse ciclídeo africano possui expectativa de vida entre 5 e 8 anos.
Comportamento e c
oabitação com outras espécies
:
o Altolamp"
https://www.kauar.com.br/agua-doce/ciclideos-africanos/tanganika/ciprichromis-leptosoma-kitumba-lago-tanganica,peixe_ou_camarao,Ciprichromis Leptosoma Kitumba,Lago Tanganica,,,,,,8.0 a 9.0,8.0,9.0,15 a 20,15.0,20.0,,,,,,,,Ciprichromis Leptosoma Kitumba,https://images.tcdn.com.br/img/img_prod/749804/ciprichromis_leptosoma_kitumba_lago_tanganica_417_1_b960ef7171910e5e45d161a2704c427c.png,,"Ciprichromis Leptosoma Kitumba
Peixes de Aquário | Ciclídeos Africanos
Peixes Ornamentais
Origem:
África (Lago Tanganica)
Características:
os ciclídeos africanos são peixes ornamentais de cores vibrantes, com características bastante territorialistas e agressivas. São peixes que se movimentam bastante em seu aquário, justamente porque tentam demarcar seu território obstinadamente. Este é o caso do Ciprichromis Leptosoma Kitumba, que  pode alcançar um tamanho médio de 10 cm. Esse ciclídeo africano também possui uma expectativa de vida de 8 a 10 anos. É um peixe bastante exuberante, com tons de "
https://www.kauar.com.br/agua-doce/ciclideos-africanos/tanganika/cyphotilapia-frontosa-ciclideos-lago-tanganyka,peixe_ou_camarao,Cyphotilápia Frontosa Red,,,,,,,7.8 a 8.6,7.8,8.6,15 a 20,15.0,20.0,,,,,,,,Cyphotilapia Frontosa Red,https://images.tcdn.com.br/img/img_prod/749804/cyphotilapia_frontosa_red_ciclideos_lago_tanganyka_421_1_20201211001322.jpg,,"Cyphotilápia Frontosa Red
Peixes Ornamentais
Peixes de Água Doce
Origem:
África (Lago Tanganyca)
Características:
os ciclídeos africanos são peixes ornamentais de cores vibrantes, com características bastante territorialistas e agressivas. São peixes que se movimentam bastante em seu aquário, justamente porque tentam demarcar seu território obstinadamente. Este é o caso do Cyphotilapia Frontosa Red, também conhecida como Frontosa Red ou Humphead Cichlid, que  pode alcançar um tamanho médio de 30cm. Esse ciclídeo africano também possui uma longa expectativa de vida, de até 25 anos. É um peixe b"
https://www.kauar.com.br/agua-doce/ciclideos-africanos/tanganika/cyphotilapia-frontosa-red-ciclideos-africanos-lago-tanganyka,peixe_ou_camarao,Frontosa,Cyphotilápia Frontosa,,,,,,7.8 a 8.6,7.8,8.6,15 a 20,15.0,20.0,,,,,,,,Cyphotilapia Frontosa,https://images.tcdn.com.br/img/img_prod/749804/frontosa_5_a_6_cm_cyphotilapia_frontosa_423_1_ac3898860b4cfbaea45d028c71c4b841.jpg,,"Cyphotilápia Frontosa
Peixes Ornamentais | Ciclídeos Africanos
Peixes de Água Doce
Origem:
África (Lago Tanganyca)
Características:
os ciclídeos africanos são peixes ornamentais de cores vibrantes, com características bastante territorialistas e agressivas. São peixes que se movimentam bastante em seu aquário, justamente porque tentam demarcar seu território obstinadamente. Este é o caso do Cyphotilapia Frontosa, que  pode alcançar um tamanho médio de 30cm. Esse ciclídeo africano também possui uma longa expectativa de vida, de até 25 anos. É um peixe bastante exuberante. Como outros do mesmo g"
https://www.kauar.com.br/agua-doce/ciclideos-africanos/tanganika/julidochromis-marlieri,peixe_ou_camarao,Julidochromis Marlieri,,,,,,,"8,0 a 9,0",8.0,9.0,24 e 26ºC,24.0,26.0,,,,,,,,,https://images.tcdn.com.br/img/img_prod/749804/julidochromis_marlieri_167_1_ccd0f90cd200346fd61fc45dd9994306.png,,"Julidochromis Marlieri
Peixes de água doce
Peixes de Aquário
Origem:
encontrado nas águas tranquilas do Tanganyka.
Características:
Esse pexinho vem transportando ao cenário doméstico, um pouco do espírito de aventura e beleza dos lagos da África. É um peixe esbelto e pequeno, seu corpo cilíndrico e alongado permite que se mova facilmente e com maior desenvoltura, apesar de modesto, possui um lindo colorido.
Comportamento:
Como qualquer outra Julidochromis esta espécie é bastante agressiva principalmente em época de acasalamento. São territoriais e visto que são corpulentas podem tornar-se ele"
https://www.kauar.com.br/agua-doce/ciclideos-africanos/tanganika/julidochromis-ornatus,peixe_ou_camarao,Julidochromis Ornatus,,,,,,,"7,2",7.2,7.2,22 e 25ºC,22.0,25.0,,,,,,,,,https://images.tcdn.com.br/img/img_prod/749804/julidochromis_ornatus_779_1_52df513ef9e32a798eb40622086fe311.png,,"Julidochromis Ornatus
Peixes de água doce
| Ciclídeos Africanos
Peixes de Aquário
Origem:
encontrado nas águas tranquilas do Tanganyka.
Características:
conhecido como um ""nobre"" entre os ciclídeos africanos, o J. ornatus vem colorindo os aquários de muitos brasileiros, transportando ao cenário doméstico, um pouco do espírito de aventura e beleza dos lagos da África. É um peixe esbelto e pequeno, seu corpo cilíndrico e alongado permite que se mova facilmente e com maior desenvoltura, apesar de modesto, possui um lindo colorido.
Comportamento:
é em geral conhecido pela sua tranquilidade e pacat"
https://www.kauar.com.br/agua-doce/ciclideos-africanos/tanganika/lamprologus-ocellatus-gold-lago-tanganica,peixe_ou_camarao,Lamprologus Ocellatus Gold,Lago Tanganica,,,,,,7.8 a 8.6,7.8,8.6,15 a 20,15.0,20.0,,,,,,,,Lamprologus Ocellatus Gold,https://images.tcdn.com.br/img/img_prod/749804/lamprologus_ocellatus_gold_lago_tanganica_409_1_20201211001322.jpg,,"Lamprologus Ocellatus Gold
Peixes de Aquário
| Ciclídeos Africanos
Peixes Ornamentais
Origem:
África (Lago Tanganica)
Características:
os ciclídeos africanos são peixes ornamentais de cores vibrantes, com características bastante territorialistas e agressivas. São peixes que se movimentam bastante em seu aquário, justamente porque tentam demarcar seu território obstinadamente. Este é o caso do Lamprologus Ocellatus Gold, que  pode alcançar um tamanho médio de 30cm. Esse ciclídeo africano também possui uma longa expectativa de vida, de até 25 anos. É um peixe bastante exuberante. Como outros do"
https://www.kauar.com.br/agua-doce/ciclideos-africanos/tanganika/neolamprologus-brichardi-lago-tanganica,peixe_ou_camarao,Neolamprologus Brichardi,Lago Tanganica,,,,,,8.0 a 9.0,8.0,9.0,24ºC e 28ºC,24.0,28.0,,,,,,,,Neolamprologus Brichardi,https://images.tcdn.com.br/img/img_prod/749804/neolamprologus_brichardi_4_a_5_cm_lago_tanganica_785_1_0eee9677c147386d7dc6d460392dc689.jpg,,"os ciclídeos africanos são peixes ornamentais de cores vibrantes, com características bastante territorialistas e agressivas. São peixes que se movimentam bastante em seu aquário, justamente porque tentam demarcar seu território obstinadame.nte. Este é o caso do Neolamprologus Brichardi que  viverá muito bem em um ph entre 8.0 a 9.0.
Quer saber mais sobre o Neolamprologus Brichardi e os cuidados veterinários da Kauar? E como funciona a entrega até a sua casa? Aprender tudo sobre aclimatação de um novo peixe ornamental em seu aquário? Continue com a Kauar!
ORIGEM, COMPORTAMENTO E CONVÍVIO DO NE"
https://www.kauar.com.br/agua-doce/ciclideos-africanos/tanganika/neolamprologus-tretocephalus-lago-tanganica,peixe_ou_camarao,Neolamprologus Tretocephalus,Five Bar,,,,,,8.0,8.0,8.0,23ºC e 28ºC,23.0,28.0,,,,,,,,Five Bar,https://images.tcdn.com.br/img/img_prod/749804/neolamprologus_tretocephalus_5_a_7_cm_five_bar_407_1_d75fc8fcb26ebc5c86f18551e79af7bb.png,,"OS CICLÍDEOS AFRICANOS SÃO PEIXES ORNAMENTAIS DE CORES VIBRANTES, COM CARACTERÍSTICAS BASTANTE TERRITORIALISTAS E AGRESSIVAS. SÃO PEIXES QUE SE MOVIMENTAM BASTANTE EM SEU AQUÁRIO, JUSTAMENTE PORQUE TENTAM DEMARCAR SEU TERRITÓRIO OBSTINADAME.NTE. ESTE É O CASO DO CICLÍDEO FIVE BAR QUE  VIVERÁ MUITO BEM EM UM PH ENTRE 8.0 A 9.0.
Quer saber mais sobre o Ciclídeo Five Bar e os cuidados veterinários da Kauar? E como funciona a entrega até a sua casa? Aprender tudo sobre aclimatação de um novo peixe ornamental em seu aquário? Continue com a Kauar!
ORIGEM, COMPORTAMENTO E CONVÍVIO DO CICLÍDEO FIVE BA"
https://www.kauar.com.br/agua-doce/ciclideos-africanos/tanganika/paraciprichromis-nigripinnis-blue-neon-albino-ciclideos-lago-tanganyka,peixe_ou_camarao,Paraciprichromis Nigripinnis Blue Neon Albino,,,,,,,7.8 a 8.6,7.8,8.6,15 a 20,15.0,20.0,,,,,,,,Paraciprichromis Nigripinnis Albino,https://images.tcdn.com.br/img/img_prod/749804/paraciprichromis_nigripinnis_blue_neon_albino_ciclideos_lago_tanganyka_403_1_c7e94195ec32e64090af9e5b831dadb9.jpg,,"Paraciprichromis Nigripinnis Albino
Peixes de Aquário | Ciclídeos Africanos
Peixes Ornamentais
Origem:
África (Lago Tanganica)
Características:
os ciclídeos africanos são peixes ornamentais de cores vibrantes, com características bastante territorialistas e agressivas. São peixes que se movimentam bastante em seu aquário, justamente porque tentam demarcar seu território obstinadamente. Este é o caso do Paraciprichromis Nigripinnis Albino, que  pode alcançar um tamanho médio de 6cm a 8cm e expectativa de vida de 8 anos.
Comportamento e coabitação com outras espécies
:
o Paraciprichromis Nigripi"
https://www.kauar.com.br/agua-doce/ciclideos-africanos/tanganika/paraciprichromis-nigripinnis-blue-neon-lago-tanganica,peixe_ou_camarao,Paraciprichromis Nigripinnis Blue Neon,Lago Tanganica,,,,,,7.8 a 8.6,7.8,8.6,15 a 20,15.0,20.0,,,,,,,,Paraciprichromis Nigripinnis Blue Neon,https://images.tcdn.com.br/img/img_prod/749804/paraciprichromis_nigripinnis_blue_neon_lago_tanganica_405_1_20201211001308.png,,"Paraciprichromis Nigripinnis Blue Neon
Peixes de Aquário
| Ciclídeos Africanos
Peixes Ornamentais
Origem:
África (Lago Tanganica)
Características:
os ciclídeos africanos são peixes ornamentais de cores vibrantes, com características bastante territorialistas e agressivas. São peixes que se movimentam bastante em seu aquário, justamente porque tentam demarcar seu território obstinadamente. Este é o caso do Paraciprichromis Nigripinnis Blue Neon, que  pode alcançar um tamanho médio de 6 cm a 8 cm e expectativa de vida de 8 anos.
Comportamento e c
oabitação com outras espécies
:
o Paraciprichromi"
https://www.kauar.com.br/agua-doce/ciclideos-africanos/tanganika/tropheus-duboisi-lago-tanganica,peixe_ou_camarao,Tropheus Duboisi,Lago Tanganica,,,,,,8.5 a 9.0,8.5,9.0,15 a 20,15.0,20.0,,,,,,,,Tropheus Duboisi ,https://images.tcdn.com.br/img/img_prod/749804/tropheus_duboisi_2_a_3_cm_lago_tanganica_393_1_7116ad6c7ffb4a909037417ed20091ea.jpg,,"Tropheus Duboisi
Peixes de Aquário
| Ciclídeos Africanos
Peixes Ornamentais
Origem:
África (Lago Tanganica)
Características:
os ciclídeos africanos são peixes ornamentais de cores vibrantes, com características bastante territorialistas e agressivas. São peixes que se movimentam bastante em seu aquário, justamente porque tentam demarcar seu território obstinadamente. Este é o caso do Tropheus Duboisi, que  pode alcançar um tamanho médio de 12 cm e expectativa de vida de 5 a 10 anos. O dimorfismo sexual é claro nessa espécie, pois as cores dos machos são bem mais vibrantes que as das fêmeas. É "
https://www.kauar.com.br/agua-doce/ciclideos-africanos/tanganika/tropheus-moorii-bemba-red-lago-tanganica,peixe_ou_camarao,Tropheus Moorii Bemba Red,Lago Tanganica,,,,,,8.5 a 9.0,8.5,9.0,15 a 20,15.0,20.0,,,,,,,,Tropheus Moorii Bemba Red,https://images.tcdn.com.br/img/img_prod/749804/tropheus_moorii_bemba_red_3_a_4_cm_lago_tanganica_391_1_fadeb68ff8ae60ea7223d8aa8ead2763.jpg,,"Tropheus Moori Bemba Red
Peixes de Aquário
| Ciclídeos Africanos
Peixes Ornamentais
Imagens Ilustrativas: raprap.cf
Origem:
África (Lago Tanganica)
Características:
os ciclídeos africanos são peixes ornamentais de cores vibrantes, com características bastante territorialistas e agressivas. São peixes que se movimentam bastante em seu aquário, justamente porque tentam demarcar seu território obstinadamente. Este é o caso do Tropheus Moorii Bemba Red, que  pode alcançar um tamanho médio de 12 cm e expectativa de vida de 5 a 10 anos. O dimorfismo sexual é claro nessa espécie, pois as cores dos ma"
https://www.kauar.com.br/agua-doce/ciclideos-africanos/tanganika/tropheus-moorii-kaizer-ikola-lago-tanganica,peixe_ou_camarao,Tropheus Moorii Kaizer Ikola,Lago Tanganica,,,,,,8.5 a 9.0,8.5,9.0,15 a 20,15.0,20.0,,,,,,,,Tropheus Moorii Kaizer Ikola,https://images.tcdn.com.br/img/img_prod/749804/tropheus_moorii_kaizer_ikola_3_a_4_lago_tanganica_389_1_a59fc3de487c3be9aae2650e9d33f786.png,,"Tropheus Moorii Kaizer Ikola
Peixes de Aquário
| Ciclídeos Africanos
Peixes Ornamentais
Origem:
África (Lago Tanganica)
Características:
os ciclídeos africanos são peixes ornamentais de cores vibrantes, com características bastante territorialistas e agressivas. São peixes que se movimentam bastante em seu aquário, justamente porque tentam demarcar seu território obstinadamente. Este é o caso do Tropheus Moorii Kaizer Ikola, também conhecido como Tropheus Ikola Kaizer ou Blunthead Cichlid, que  pode alcançar um tamanho médio de 12 cm  a 14 cm e expectativa de vida de 5 a 10 anos. O dimorfismo "
https://www.kauar.com.br/agua-doce/ciclideos-americanos/acara-disco-blue-diamond-symphysodon-aequifasciatus,peixe_ou_camarao,Acará Disco Blue Diamond,Symphysodon aequifasciatus,,,,,,6 a 7,6.0,7.0,26ºC a 30ºC,26.0,30.0,,,,,,,,,https://images.tcdn.com.br/img/img_prod/749804/acar_disco_blue_diamond_7_a_8_cm_symphysodon_ae_1_20260827121555_8c9e7012baa0.jpg,,"Imagem meramente ilustrativa de um individuo adulto e bem aclimatado ao aquário. Qualquer duvida peça imagens reais no whatsApp.
Acará Disco Blue Diamond é uma das mais bonitas variações do Symphysodon aequifasciatus. Possui um azul elétrico marcante que não o deixa passar despercebido em nenhum aquário
.
Na natureza os Acarás Discos vivem em igarapés, rios e lagos da região amazônica. Além de muita beleza e uma aparência exótica, possuem comportamento incrível de cardume, em que os indivíduos se reconhecem e se organizam em níveis
hierárquicos pré-definido. É
uma das espécies de peixes mais a"
https://www.kauar.com.br/agua-doce/ciclideos-americanos/acara-disco-panda-symphysodon-aequifasciatus,peixe_ou_camarao,Acará Disco Panda,Symphysodon aequifasciatus,,,,,,6 a 7,6.0,7.0,26ºC a 30ºC,26.0,30.0,,,,,,,,,https://images.tcdn.com.br/img/img_prod/749804/acar_disco_panda_7_a_8_cm_symphysodon_aequifasci_1_20260828111945_2b1e45f289fd.jpg,,"Imagem meramente ilustrativa de um individuo adulto e bem aclimatado ao aquário. Qualquer duvida peça imagens reais no whatsApp.
Surpreenda-se com o Acará Disco Panda, seu corpo claro contrasta com manchas vibrantes, criando uma pintura viva no aquário. Além da beleza exótica, exibe um comportamento pacífico e elegante, nadando em cardumes majestosos.
Na natureza os Acarás Discos vivem em igarapés, rios e lagos da região amazônica. Além de muita beleza e uma aparência exótica, possuem comportamento incrível de cardume, em que os indivíduos se reconhecem e se organizam em níveis
hierárquicos pr"
https://www.kauar.com.br/agua-doce/ciclideos-americanos/acara-disco-pigeon-symphysodon-aequifasciatus,peixe_ou_camarao,Acará Disco Pigeon Blood,Symphysodon aequifasciatus,,,,,,6 a 7,6.0,7.0,26ºC a 30ºC,26.0,30.0,,,,,,,,,https://images.tcdn.com.br/img/img_prod/749804/acar_disco_pigeon_7_a_8_cm_symphysodon_aequifasc_1_20260827180118_80ea4000813b.jpg,,"Imagem meramente ilustrativa de um individuo adulto e bem aclimatado ao aquário. Qualquer duvida peça imagens reais no whatsApp.
Acará Disco Pigeon é um peixe inesquecível, possui cores que criam um mosaico, que impressiona até aos olhos mais exigentes. Uma beleza sem igual.
Na natureza os Acarás Discos vivem em igarapés, rios e lagos da região amazônica. Além de muita beleza e uma aparência exótica, possuem comportamento incrível de cardume, em que os indivíduos se reconhecem e se organizam em níveis
hierárquicos pré-definido. É
uma das espécies de peixes mais apreciadas em diversos países do"
https://www.kauar.com.br/agua-doce/ciclideos-americanos/acara-do-congo-amatitlania-nigrofasciata,peixe_ou_camarao,Acará do Congo Rosa,Amatitlania nigrofasciata,,,,,,"6,",6.0,6.0,26° C,26.0,26.0,,,,,,,,,https://images.tcdn.com.br/img/img_prod/749804/acara_do_congo_rosa_amatitlania_nigrofasciata_857_1_20201214142127.jpg,,"Acará do Congo
Peixes de água doce | Ciclídeo Americano
Peixes Ornamentais
Origem:
distribuído na América Central
Características:
o Acará do Congo é um belíssimo peixe ornamental e também um ciclídeo, mas não se engane, trata-se de um ciclídeo americano e não africano. Esse ciclídeo amazônico é muito dócil e simpático e são conhecidos por terem uma ótima relação com seus donos.
Comportamento e Coabitação com outras espécies:
o Acará do Congo não é um peixe ornamental indicado para aquários comunitários, pois, embora a literatura “aquarística” indique se tratar de um peixe pacífico e comunitár"
https://www.kauar.com.br/agua-doce/ciclideos-americanos/bandeiras/acara-bandeira-altum-selvagem-matriz,peixe_ou_camarao,Acará Bandeira Altum Selvagem,Pterophyllum altum,,,,Da Natureza ao Aquário,,4.,4.0,4.0,30°C,30.0,30.0,,,,,,,,,https://images.tcdn.com.br/img/img_prod/749804/acara_bandeira_altum_selvagem_matriz_85_1_20201211001333.jpg,,"O Rei do Orinoco: Pterophyllum Altum
Se existe uma espécie que representa o ""Santo Graal"" para os amantes de ciclídeos sul-americanos, é o
Pterophyllum Altum
. Majestoso, alto e incrivelmente elegante, o ""Verdadeiro Altum"" não é apenas um peixe; é um compromisso de dedicação.
Muitos aquaristas confundem variedades de
Scalare
com o
Altum
, ou falham na manutenção devido à falta de compreensão sobre seu habitat extremo. Neste artigo, dissecamos a biologia, o ambiente e os segredos de reprodução desta joia da bacia do Orinoco.
1. Morfologia: A Assinatura do Verdadeiro Altum
Identificar um
Pteroph"
https://www.kauar.com.br/agua-doce/ciclideos-americanos/bandeiras/acara-bandeira-azul,peixe_ou_camarao,Acará Bandeira Leopardo Azul,Pterophyllum scalare,,,,,,"6,5 a 8,0",6.5,8.0,18ºC a 30ºC,18.0,30.0,,,,,,,,,https://images.tcdn.com.br/img/img_prod/749804/acara_bandeira_azul_3_a_4_cm_73_1_5d75d93a9464091e2b6fa1c115028528.jpg,,"ACARÁ BANDEIRA LEOPARDO AZUL
Este peixe clássico do aquarismo é um super representante do nome pelo qual são conhecidos os diversos tipos de Acará Bandeira no mundo: Angelfish. Com sua matiz azul celestial e nadadeiras que parecem asas, o Acará Bandeira Leopardo Azul é um peixe lindo que vai garantir uma vista super relaxante para seu aquário.
Natural da região amazônica, o Acará Bandeira reúne uma legião de fãs não a toa. Há muito mais curiosidades sobre esse peixe que você pode imaginar. Na natureza, curte águas menos profundas com rica vegetação de várzea. Esta preferência tem, aliás, tudo "
https://www.kauar.com.br/agua-doce/ciclideos-americanos/bandeiras/acara-bandeira-gold-red-pterophyllum-scalare,peixe_ou_camarao,Acará Bandeira Gold Red,Pterophyllum scalare,,,,,,"6,5 a 8,0",6.5,8.0,18 a 30,18.0,30.0,,,,,,,,,https://images.tcdn.com.br/img/img_prod/749804/acar_bandeira_gold_red_4_a_6_cm_pterophyllum_sc_1_20260702170505_f82ccb33496b.jpeg,,"ACARÁ BANDEIRA GOLD RED SERÁ UM ASTRO DO SEU AQUÁRIO, COM UM NADO ELAGANTE E CORES CHAMATVAS, E A ESTRELA POR ONDA PASSA
Com sua aparência imponente e cores chamativas o Acara Bandeira Gold Red é uma excelente escolha para quem busca aquele peixe especial para ser o centro das atenções dentro do aquário. Possui um corpo dourado, com pintas vermelhas no topo da cabeça e uma aparência elegante e imponente. Possui barbatanas compridas e finas, que lembram assas de anjo. Um Peixe amazônico e de cardume que aprecia muito a companhia de outros de sua espécie.
COMPORTAMENTO E COABITAÇÃO COM OUTRAS ES"
https://www.kauar.com.br/agua-doce/ciclideos-americanos/bandeiras/acara-bandeira-leopoldi,peixe_ou_camarao,Acará Bandeira Leopoldi,Pterophyllum leopoldi,,,,,,6.8,6.8,6.8,15 a 20,15.0,20.0,,,,,,,,,https://images.tcdn.com.br/img/img_prod/749804/acara_bandeira_leopoldi_4_a_7_cm_pterophyllum_leopoldi_13_1_0103262197e2b1d7f9ef647e7d26a851.jpg,,"Acará Bandeira Leopoldi - Pterophyllum leopoldi
Peixes de Aquário
Peixes de Água Doce
Origem:
Natural da Bacia Amazônica, o acará bandeira Leopoldi é uma das três espécies de Pterophyyllum comumente aceitas atualmente (Scalare, Altum e Leopoldi). O Bandeira Leopoldi apresenta, quando adulto e bem ambientado, uma belíssima coloração  avermelhada no dorso, que só valoriza e destaca seu brilho azulado nas laterais e nadadeiras pélvicas que formam sua lira. Mais calmo que os demais primos, apresenta bom convívio com demais colegas e junto aos outros bandeiras é conhecido em outros países como é um"
https://www.kauar.com.br/agua-doce/ciclideos-americanos/bandeiras/acara-bandeira-marmorato,peixe_ou_camarao,Acará Bandeira Marmorato,Pterophyllum scalare,,,,,,6.8,6.8,6.8,15 a 20,15.0,20.0,,,,,,,,,https://images.tcdn.com.br/img/img_prod/749804/acara_bandeira_marmorato_859_2_e53eb689fbb6d109d34abb4a879a1d8f.jpg,,"Acará Bandeira Marmorato
Peixes de Aquário
Peixes de Água Doce
Origem:
Natural da Bacia Amazônica, o acará-bandeira, conhecido em outros países como angelfish, é um ícone do aquarismo de água-doce entre os peixes ornamentais.
Características:
Possui expectativa de vida de até 7 anos e, na natureza, prefere águas mais rasas, tranquilas e ricas em vegetação de várzea. É um peixe bem resistente a doenças, portanto, cuidando bem dos parâmetros da água e da nutrição, você terá um belo companheiro por muitos anos em seu aquário.
Comportamento e convivência com outras espécies:
É um peixe ornamental "
https://www.kauar.com.br/agua-doce/ciclideos-americanos/bandeiras/acara-bandeira-marmorato-veu,peixe_ou_camarao,Acará Bandeira Marmorato Véu,Pterophyllum scalare,,,,,,6.8,6.8,6.8,15 a 20,15.0,20.0,,,,,,,,,https://images.tcdn.com.br/img/img_prod/749804/acara_bandeira_marmorato_veu_161_1_20201211001333.png,,"Acará-Bandeira Marmorato Véu
Peixes de Aquário
Peixes de Água Doce
Origem:
Natural da Bacia Amazônica, o acará-bandeira, conhecido em outros países como angelfish, é um ícone do aquarismo de água-doce entre os peixes ornamentais.
Características:
Possui expectativa de vida de até 7 anos e, na natureza, prefere águas mais rasas, tranquilas e ricas em vegetação de várzea. É um peixe bem resistente a doenças, portanto, cuidando bem dos parâmetros da água e da nutrição, você terá um belo companheiro por muitos anos em seu aquário.
Comportamento e convivência com outras espécies:
É um peixe ornamen"
https://www.kauar.com.br/agua-doce/ciclideos-americanos/bandeiras/acara-bandeira-zebra-azul-pterophyllum-scalare,peixe_ou_camarao,Acará Bandeira Zebra Azul,Pterophyllum Scalare,,,,,,5.5,5.5,5.5,24ºC e 26ºC,24.0,26.0,,,,,,,,,https://images.tcdn.com.br/img/img_prod/749804/acara_bandeira_zebra_azul_3_a_4_cm_pterophyllum_scalare_159_1_31f73161a1821153ceca16846a1a49fc.jpg,,"O  ACARÁ BANDEIRA ZEBRA  É UM PEIXE ORNAMENTAL DE AQUÁRIO DE ÁGUA-DOCE, PACÍFICO, IDEAL PARA AQUÁRIOS PLANTADOS. ENTRE OS PEIXES ORNAMENTAIS, É UM PEIXE DE FÁCIL ACLIMATAÇÃO E CUIDADOS. VIVERÁ MUITO BEM EM UM AQUÁRIO COM PH LEVEMENTE ÁCIDO A NEUTRO (PH ENTRE 5.5 E 7.0).
Quer saber mais sobre o Acará Bandeira Zebra e os cuidados veterinários da Kauar? E como funciona a entrega até a sua casa? Aprender tudo sobre aclimatação de um novo peixe ornamental em seu aquário? Continue com a Kauar!
ORIGEM, COMPORTAMENTO E CONVÍVIO DO ACARÁ BANDEIRA ZEBRA
O Acará Bandeira Zebra é um peixe ornamental natur"
https://www.kauar.com.br/agua-doce/ciclideos-americanos/bandeiras/acara-joia,peixe_ou_camarao,Acará Joia,Hemichromis bimaculatus,,,,,,"6,0 a 7,4",6.0,7.4,22ºC a 28ºC,22.0,28.0,,,,,,,,,https://images.tcdn.com.br/img/img_prod/749804/acara_joia_5_a_6_cm_hemichromis_bimaculatus_45_4_00160b8bd5c655f52e6887e507ed7826.jpg,,"Acará Joia, peixes de aquário
Acará  Jóia é um ciclídeos africano do Lago Malawi
Origem:
encontrado na África.
Características:
O Acará Joia também conhecido como Peixe Joia possui uma linda coloração que varia do cinza escuro a um leve amarelado com visíveis pintas azuis ou verdes. Além de belo, o Acará joia é uma espécie muito delicada e exigente, o que existe uma certa experiência no aquarismo para garantir seus cuidados.
Comportamento e Coabitação com outras espécies:
O Acará joia é um peixe territorialista e bastante temperamental como os demais ciclídeos africanos. Muito agressivo com ma"
https://www.kauar.com.br/agua-doce/ciclideos-americanos/bandeiras/acara-severo,peixe_ou_camarao,Acará Severum Gold,Heros severus,,,,,,5.5,5.5,5.5,20ºC e 30ºC,20.0,30.0,,,,,,,,,https://images.tcdn.com.br/img/img_prod/749804/acara_severum_gold_heros_severus_67_1_b81954c8005fe952452565739b6b7bc6.jpg,,"O  ACARÁ sévero É UM PEIXE ORNAMENTAL DE AQUÁRIO DE ÁGUA-DOCE. esse peixe é um ciclídeo, mas não se engane, trata-se de um ciclídeo americano e não africano. ENTRE OS PEIXES ORNAMENTAIS, É UM PEIXE DE FÁCIL ACLIMATAÇÃO E CUIDADOS. VIVERÁ MUITO BEM EM UM AQUÁRIO COM PH LEVEMENTE ÁCIDO A NEUTRO (PH ENTRE 5.5 E 7.0). o acará não é um peixe recomendado para aquários comunitários com peixes pequenos.
Quer saber mais sobre o Acará Severum Gold e os cuidados veterinários da Kauar? E como funciona a entrega até a sua casa? Aprender tudo sobre aclimatação de um novo peixe ornamental em seu aquário? Con"
https://www.kauar.com.br/agua-doce/ciclideos-americanos/crenicara-crenicara-punctulata,peixe_ou_camarao,Crenicara,Crenicara punctulata,,,,,,6.0 a 7.4,6.0,7.4,23ºC a 30ºC,23.0,30.0,,,,,,,,,https://images.tcdn.com.br/img/img_prod/749804/crenicara_punctulatum_5_a_7_cm_1_20251203180458_773f46d11e6e.jpg,,"A Crenicara punctulatum é um parente próximo do famoso Xadrezinho. É um peixe exótico e dificilmente encontrado a venda no Brasil
Também chamado de Xadrezinho Gigante, o Crenicara Punctulatum pode chegar aos 12 cm, quando adulto. É um peixe elegante e exótico, com uma beleza rara e um comportamento pacífico. No Brasil pode ser encontrado nos rios
Solimões e Amazonas, também pode ser
encontrado no Equador, Peru e Colômbia. Esse peixe possui cores incríveis, uma base mais clara, e grandes manchas escuras, em padrões alternados, que lembra um tabuleiro de xadrez. Apesar de ser um ciclídeo seu com"
https://www.kauar.com.br/agua-doce/ciclideos-americanos/discos-selvagens/acara-disco-selvagem-blue-symphysodon-discus,peixe_ou_camarao,Acará Disco Selvagem Blue,Symphysodon discus,,,,,,"6,8",6.8,6.8,28 a 30,28.0,30.0,,,,,,,,,https://images.tcdn.com.br/img/img_prod/749804/acara_disco_selvagem_blue_symphysodon_discus_363_1_20201214142049.jpg,,"Acará Disco Selvagem Blue
Symphysodon discus
Peixes Ornamentais
Origem:
nativo de igarapés da região amazônica.
Características:
além de bela, o acará disco é uma espécie muito delicada e exigente, o que existe uma certa experiência no aquarismo para garantir seus cuidados. O seu nome foi inspirado no próprio formato do seu corpo, bastante circular, medindo certa de 20 cm de comprimento.
Comportamento e Coabitação com outras espécies:
é um peixe muito sociável e de hábitos tranquilos. Pode ser mantido em um aquário somente com indivíduos da mesma espécie ou em aquários comunitários. O acará di"
https://www.kauar.com.br/agua-doce/ciclideos-americanos/discos-selvagens/acara-disco-selvagem-green-solid,peixe_ou_camarao,Acará Disco Selvagem Green,Symphysodon discus,,,,,,"6,5 a 7,5",6.5,7.5,28ºC  a 30ºC,28.0,30.0,,,,,,,,,https://images.tcdn.com.br/img/img_prod/749804/acara_disco_selvagem_green_solid_14_a_16_cm_81_1_0eff955655d8d1e4de0ffba878a1f628.jpg,,"Acará Disco Green Solid (Symphysodon discus)
O Acará Disco Green Solid nativo de igarapés, rios e lagos da região amazônica. Além de muito bela e exótica,  devido ao formato do seu corpo, é uma das espécies de peixes mais apreciadas em diversos países do mundo, Aqui no Brasil, as variantes selvagens ainda não possuem o status que atingiram em diversos países do mundo, onde são mais apreciadas do que a variantes hibridas. A espécie acará disco,  Symphysodon discus, não é recomendada para aquaristas iniciantes, pois requer uma qualidade de água muito boa e com parâmetros estáveis devido ao seu p"
https://www.kauar.com.br/agua-doce/ciclideos-americanos/discos-selvagens/acara-disco-selvagem-red-nhamunda,peixe_ou_camarao,Acará Disco Selvagem Red Nhamunda,,,,,,,"6,5 a 7,5",6.5,7.5,28ºC  a 30ºC,28.0,30.0,,,,,,,,,https://images.tcdn.com.br/img/img_prod/749804/acara_disco_selvagem_red_nhamunda_83_3_20201214142116.jpg,,"Acará Disco Red Nhamundá (Symphysodon discus)
O
Acará Disco Red Nhamundá
é nativo de igarapés, rios e lagos da região amazônica. Além de muito bela e exótica,  devido ao formato do seu corpo, é uma das espécies de peixes mais apreciadas em diversos países do mundo, Aqui no Brasil, as variantes selvagens ainda não possuem o status que atingiram em diversos países do mundo, onde são mais apreciadas do que a variantes hibridas. A espécie acará disco,  Symphysodon discus, não é recomendada para aquaristas iniciantes, pois requer uma qualidade de água muito boa e com parâmetros estáveis devido ao s"
https://www.kauar.com.br/agua-doce/ciclideos-americanos/laetacara-dorsigera-3-a-5-cm-laetacara-dorsigera,peixe_ou_camarao,Laetacara Dorsigera,Laetacara dorsigera,,,,,,6.0 a 7.4,6.0,7.4,23ºC a 30ºC,23.0,30.0,,,,,,,,,https://images.tcdn.com.br/img/img_prod/749804/laetacara_dorsigera_3_a_5_cm_laetacara_dorsigera_2540_1_b9e32abe5a740ec3041b4d116365ac62.jpg,,"Laetacara Dorsigera: Um peixe altivo Transforma Seu Aquário
Procurando um peixe com uma beleza exótica, temperamento pacífico e personalidade marcante? Te apresentamos o Laetacara dorsigera, que também é conhecido como de Acará Bobo e Acará Dorsígera. Este vibrante, e elegante ciclídeo anão é a escolha perfeita para aquaristas que desejam adicionar cor e movimento harmonioso ao aquário comunitário, ou de biótipo amazônico.
Nome popular:
Laetacara Dorsigera
, Acará Bobo, Acara
Dorsigera,
Acará Pataquira
Nome científico:
Laetacara dorsigera
Ordem;
Cichlidae(Ciclídeos)
Família:
Cichlasomatinae
Or"
https://www.kauar.com.br/agua-doce/ciclideos-americanos/peixe-boca-de-fogo,peixe_ou_camarao,Peixe Boca de Fogo,Thorichthys meeki,,,,,,"6,5 a 8,5",6.5,8.5,20ºC a 32ºC,20.0,32.0,,,,,,,,,https://images.tcdn.com.br/img/img_prod/749804/peixe_boca_de_fogo_11_1_20201211001323.jpg,,"Peixe Boca de Fogo
Peixes de água doce
Peixes Ornamentais
Origem:
encontrado em rios da Península de Yucatán, no México, ao sul de Belize e no norte da Guatemala.
Características:
também conhecido como firemouth, o Peixe Boca de Fogo é uma espécie de peixe ciclídeo nativo da América Central.
Comportamento e c
oabitação com outras espécies:
o Peixe Boca de Fogo não é lá dos um dos peixinhos mais sociáveis, se você pretende manter um casal dessa espécie o indicado é que o casal habite um aquário próprio sem outros peixes. já em casos de aquário comunitário o recomendável é manter o macho sozinho"
https://www.kauar.com.br/agua-doce/ciclideos-americanos/texas-blue-balao-herichthys-carpintis,peixe_ou_camarao,Texas Blue Balão,Herichthys carpintis,,,,,,7.0 a 9.0,7.0,9.0,15 a 20,15.0,20.0,,,,,,,,,https://images.tcdn.com.br/img/img_prod/749804/texas_blue_balao_herichthys_carpintis_151_1_20201211001323.jpg,,"Texas Blue Balão
Peixes de Aquário
Peixes Ornamentais
Origem:
América do Norte e Central
Características:
os ciclídeos são peixes ornamentais de cores vibrantes, com características muito territorialistas e agressivas. São peixes que se movimentam bastante em seu aquário, justamente porque tentam demarcar eu território obstinadamente. Este é o caso do Texas Blue Balão, que  pode alcançar um tamanho médio entre 15 cm a 25 cm. Esse ciclídeo possui expectativa de vida de 5 anos.
Comportamento e c
oabitação com outras espécies
:
o Texas Blue Balão é um peixe territorialista e bastante temperamenta"
https://www.kauar.com.br/agua-doce/ciclideos-anoes/apistogramma-agassizi-aggie,peixe_ou_camarao,Apistogramma Agassizi,Apistogramma agassizii,,,,,,"5,5 a 6,8",5.5,6.8,24°C a 29°C,24.0,29.0,,,,,,,,,https://images.tcdn.com.br/img/img_prod/749804/apistogramma_agassizi_439_1_4d04299b4b2faa6cf1e1281e94861bd9.jpg,,"APISTOGRAMMA AGASSIZI, UM CICLÍDEO ANÃO MARAVILHOSO QUE ESPERA POR VOCÊ
Os Apistogrammas, como o Apistogramma Agassizi, são popularmente conhecidos como Ciclídeos Anões Sul-Americanos. Podem ser encontrados em vários países da América do Sul. Eles podem chegar a 6 cm, possuem padrões de cores super diversificados e marcantes, que dão a ele  um visual realmente estiloso que sempre surpreende e encanta. A vibe punk rock fica por conta, principalmente, das nadadeiras dorsais, que parecem um moicano.
Os apistogrammas, como todo ciclídeo, possuem um perfil mais territorialista, porém, não são agres"
https://www.kauar.com.br/agua-doce/ciclideos-anoes/apistogramma-bitaeniata-ciclideos-anoes,peixe_ou_camarao,Apistogramma Bitaeniata,Ciclídeos Anões,,,,,,"5,5 a 6,8",5.5,6.8,24 a 29 ° C,24.0,29.0,,,,,,,,,https://images.tcdn.com.br/img/img_prod/749804/apistogramma_bitaeniata_ciclideos_anoes_365_1_fd4974a6ba8e518453a157177a29b866.jpg,,"Apistogramma Bitaeniata
Peixes de Água Doce
Peixes de Aquário
Origem:
América do Sul (Brasil e Colômbia).
Características:
pertencente ao gênero Ciclídeos, os Apistogrammas são popularmente conhecidos como Ciclídeos Anões Sul-Americanos. Podem ser encontrados em vários países da América do Sul. O Apistogramma Bitaeniata alcança até 5 cm na fase adulta, sendo mais comum que, em sua aquário, chegue até 3cm. A expectativa de vida é de 3 a 5 anos. Apesar do tamanho, é um peixe ornamental de água doce de visual muito marcante, com nadadeiras bem coloridas, com nuances de laranja e azul, além da tra"
https://www.kauar.com.br/agua-doce/ciclideos-anoes/apistogramma-elizabethae-ciclideos-anoes,peixe_ou_camarao,Apistogramma Elizabethae,Ciclídeos Anões,,,,,,"5,5 a 6,8",5.5,6.8,24°C a 29°C,24.0,29.0,,,,,,,,,https://images.tcdn.com.br/img/img_prod/749804/apistogramma_elizabethae_reestreia_ciclideos_anoes_839_1_f7a753fed85354712fd7606bdb487478.jpg,,"APISTOGRAMMA ELIZABETHAE, UM CICLÍDEO ANÃO MARAVILHOSO QUE ESPERA POR VOCÊ
O APISTOGRAMMA ELIZABETHAE, SÃO POPULARMENTE CONHECIDOS COMO CICLÍDEOS ANÕES SUL-AMERICANOS. PODEM SER ENCONTRADOS EM VÁRIOS PAÍSES DA AMÉRICA DO SUL. ELES PODEM CHEGAR A 6 CM, POSSUEM PADRÕES DE CORES SUPER DIVERSIFICADOS E MARCANTES, QUE DÃO A ELE  UM VISUAL REALMENTE ESTILOSO QUE SEMPRE SURPREENDE E ENCANTA. A VIBE PUNK ROCK FICA POR CONTA, PRINCIPALMENTE, DAS NADADEIRAS DORSAIS, QUE PARECEM UM MOICANO.
Os apistogrammas, como todo ciclídeo, possuem um perfil mais territorialista, porém, não são agressivos. Se comport"
https://www.kauar.com.br/agua-doce/ciclideos-anoes/biotecus-opercularis-biotecus-opercularis,peixe_ou_camarao,Biotecus opercularis,Biotecus opercularis,,,,,,5.,5.0,5.0,26°C a 29°C,26.0,29.0,,,,,,,,Tetras; Rasboras e Danios,https://images.tcdn.com.br/img/img_prod/749804/biotecus_opercularis_biotecus_opercularis_841_1_20201211001323.png,,"Biotecus Opercularis
Peixes de Água Doce
Peixes de Aquário
Origem:
América do Sul (Região Amazônica)
Características:
o Biotecus Opercularis é um ciclídeo que atinge cerca de 4 cm e possui expectativa de vida de até 6 anos, desde que seu aquário apresente condições ideais. O macho é maior e mais colorido que a fêmea, além de apresentar um corpo mais retilíneo. É um ciclídeo muito bonito e elegante.
Comportamento e convivência com outras espécies:
o Biotecus Opercularis é um peixe de comportamento tranquilo e pacifico, pode conviver com peixes de tamanho parecidos, como Tetras, Rasboras e Danio"
https://www.kauar.com.br/agua-doce/ciclideos-anoes/nannacara-adoketa,peixe_ou_camarao,Nannacara Adoketa,,,,,,,5.,5.0,5.0,26°C a 23°C,26.0,23.0,,,,,,,,,https://images.tcdn.com.br/img/img_prod/749804/nannacara_adoketa_835_1_20201211001323.jpg,,"Nannacara Adoketa
Peixes de Água Doce
Peixes de Aquário
Origem
:
América do Sul (Bacias do Rio Negro e Orinoco).
Características:
o Nannacara Adoketa é um ciclídeo bastante imponente, com nuances nas cores vermelhas e azuis que ficarão extremamente vibrantes em aquários com condições ideais.  É um peixe de águas rasas, ricas em vegetação submersa, com ocorrência de muitos galhos, raízes, troncos e folhas.
Comportamento e convivência com outras espécies:
o Nannacara Adoketa é um peixe de agressividade intermitente. São caçadores de tocaia e esse comportamento se replica no aquário. Ora nadam li"
https://www.kauar.com.br/agua-doce/ciclideos-anoes/ramirezi-azul-mikrogeophagus-ramirezi,peixe_ou_camarao,Ramirezi Blue German - Linhagem Importada,Mikrogeophagus ramirezi,,,,,,"5,0 a 7,0",5.0,7.0,26ºC e 30ºC,26.0,30.0,,,,,,,,,https://images.tcdn.com.br/img/img_prod/749804/ramirezi_azul_mikrogeophagus_ramirezi_837_1_20201211001323.jpg,,"Ramirezi, também conhecido como Papiliochromis Ramirezi, Apistogramma Ramirezi ou Microgeophagus Ramirezi,  é encontrado em regiões com vasta vegetação submersa e raízes na América do Sul, podendo chegar a viver por 6 anos. São peixes ornamentais pacíficos e tímidos, que vivem bem acompanhando de outros peixes em aquários.
Quer saber mais sobre o Ramirezi e os cuidados veterinários da Kauar? E como funciona a entrega até a sua casa? Aprender tudo sobre aclimatação de um novo peixe ornamental em seu aquário? Continue com a Kauar!
ORIGEM, COMPORTAMENTO E CONVÍVIO DO RAMIREZI
Os Ramirezis são ori"
https://www.kauar.com.br/agua-doce/ciclideos-anoes/ramirezi-eletric-blue-ciclideo-anao,peixe_ou_camarao,Ramirezi Eletric Blue - Linhagem importada,Ciclídeo Anão,,,,,,5.0 e 7.0,5.0,7.0,26ºC e 29 C,26.0,29.0,,,,,,,,"Tetras
",https://images.tcdn.com.br/img/img_prod/749804/ramirezi_eletric_blue_linhagem_importada_3_a_4_1_20260831101847_162c56535b81.jpg,,"Ramirezi Electric Blue
Peixes de água doce
Peixes Ornamentais
Origem:
América do Sul
Características:
o Ramirezi Electric Blue, também conhecido como Microgeophagus Ramirezi, é um peixe encontrado em regiões com vasta vegetação submersa e raízes na América do Sul, podendo chegar a viver por 6 anos. De coloração azul brilhante, são peixes ornamentais pacíficos e tímidos, que vivem bem acompanhando de outros peixes em aquários. Quando juvenis tem comportamento agregário e quando adultos se agrupam em casais e se tornam mais territorialistas com peixes da mesma espécie. Os Ramirezi Eletric Blue K"
https://www.kauar.com.br/agua-doce/ciclideos-anoes/ramirezi-koi-ciclideo-anao,peixe_ou_camarao,Ramirezi Eletric Blue Koi,Ciclídeo Anão,,,,,,5.0 e 7.0,5.0,7.0,26ºC e 29 C,26.0,29.0,,,,,,,,"Tetras
",https://images.tcdn.com.br/img/img_prod/749804/ramirezi_eletric_blue_koi_ciclideo_anao_79_1_0cf9d23b57ab1f2b69d30209e6ebc236.jpg,,"Ramirezi Koi
Peixes de água doce
Peixes Ornamentais
Origem:
América do Sul.
Características:
o Ramirezi Koi é encontrado em regiões com vasta vegetação submersa e raízes na América do Sul, podendo chegar a viver por 6 anos. São peixes ornamentais pacíficos e tímidos, que vivem bem acompanhando de outros peixes em aquários. Quando juvenis tem comportamento agregário e quando adultos se agrupam em casais e se tornam mais territorialistas com peixes da mesma espécie. Os Ramirezi Koi machos são mais coloridos e ligeiramente maiores e tem os raios iniciais da nadadeira dorsal levemente maior que o "
https://www.kauar.com.br/agua-doce/ciclideos-anoes/ramirezi-ouro-ciclideo-anao,peixe_ou_camarao,Ramirezi Ouro Super Red - Linhagem importada,Ciclídeo Anão,,,,,,5.0 e 7.0,5.0,7.0,26ºC e 29 C,26.0,29.0,,,,,,,,"Tetras
",https://images.tcdn.com.br/img/img_prod/749804/ramirezi_ouro_3_a_4_cm_ciclideo_anao_77_1_36a157d814ca8128f79a4510806d888e.png,,"Ramirezi Ouro
Peixes de água doce
Peixes Ornamentais
Imagens ilustrativas: Flickr Ömer KAYA
Origem:
América do Sul
Características:
o Ramirezi, também conhecido como Papiliochromis Ramirezi, Apistogramma Ramirezi ou Microgeophagus Ramirezi,  é encontrado em regiões com vasta vegetação submersa e raízes na América do Sul, podendo chegar a viver por 6 anos. São peixes ornamentais pacíficos e tímidos, que vivem bem acompanhando de outros peixes em aquários. Quando juvenis tem comportamento agregário e quando adultos se agrupam em casais e se tornam mais territorialistas com peixes da mesma espéci"
https://www.kauar.com.br/agua-doce/comedores-de-algas/comedor-de-algas-chines-gyrinocheilus-aymonieri,peixe_ou_camarao,Comedor de Algas Chinês Bicolor,Algae Eater,,,,,,"6,0 a 8,0",6.0,8.0,"6,0 a 8,0",6.0,8.0,,,,,,,,,https://images.tcdn.com.br/img/img_prod/749804/comedor_de_algas_chins_5_a_7_cm_algae_eater_gyri_1_20251004172108_a7c2f2c29205.jpeg,,"Comedor de Algas Chinês |
Comedor de algas
Peixes de água doce
Peixes Ornamentais
Origem:
Sudeste asiático
Características:
o Comedor de Algas Chinês é um peixe ornamental adorável, suas cores exuberantes dão um charme ao aquário. O Comedor de Algas Chinês é um peixinho dócil por isso se dá super bem em aquários comunitários.
Comportamento
: o Comedor de Algas Chinês é em geral um peixe ornamental muito pacífico, mas pode se tornar agressivo a medida que amadurece com outros peixes de tamanho parecido, assim como com outros peixes comedores de algas (espécies semelhantes fisicamente). Pode oca"
https://www.kauar.com.br/agua-doce/comedores-de-algas/comedor-de-algas-siames-crossocheilus-aymonieri,peixe_ou_camarao,Comedor de Algas Siamês,Crossocheilus siamensis,,,,,,"6,0 a 8,0",6.0,8.0,24ºC à 28ºC,24.0,28.0,,,,,,,,,https://images.tcdn.com.br/img/img_prod/749804/comedor_de_algas_siames_4_a_5_cm_crossocheilus_aymonieri_843_1_80e646cffa6078f1fbc5053412e4c61b.jpg,,"Comedor de Algas Siamês | Crossocheilus Siamensis
Peixes de água doce
Peixes Ornamentais
Origem:
Sudeste asiático
Características:
o Comedor de Algas Siamês é um peixinho muito dócil por isso se dá bem em aquários comunitários. Pacífico e muito bonito, o Comedor de algas se destaca para além da sua estética, é um peixinho funcional, pois ajuda na limpeza dos aquários.
Comportamento e
Coabitação com outras espécies:
o Comedor de Algas Siamês é em geral um peixe ornamental muito pacífico, inclusive com peixes de porte menor, por isso são ótimos peixes para serem mantidos em aquário comunitário c"
https://www.kauar.com.br/agua-doce/comedores-de-algas/curbicula-pomacea-bridgesii,peixe_ou_camarao,Curbicula / Ampulária Amarela,Pomacea bridgesii,,,,,,6.5 a 8.8,6.5,8.8,24 a 28,24.0,28.0,,,,,,,,,https://images.tcdn.com.br/img/img_prod/749804/curbicula_pomacea_bridgesii_893_1_20201211001333.jpg,,"Curbicula / Ampulária | Pomacea Bridgesii
Peixe ornamental
Peixe de aquário
Origem:
encontrado nas regiões da América do Sul.
Características:
A curbicula Pomacea bridgesi é o caramujo mais conhecido entre os aquaristas, principalmente pelo seu tamanho, mas também por sua coloração amarela e a sua voracidade quando se trata de algas.
Comportamento e Coabitação com outras espécies:
Os curbiculas, popularmente conhecido como caramujos são animais pacíficos, podem ser facilmente mantidos em aquários comunitários, desde que com possua companhias compatíveis.
Ambientação do aquário:
O aquário ideal"
https://www.kauar.com.br/agua-doce/comedores-de-algas/flying-fox-epalzeorhynchos-kalopterus,peixe_ou_camarao,Flying Fox True,Epalzeorhynchos kalopterus,,,,,,"6,8 a 8,0",6.8,8.0,23ºC a 26ºC,23.0,26.0,,,,,,,,,https://images.tcdn.com.br/img/img_prod/749804/flying_fox_epalzeorhynchos_kalopterus_55_2_e7aaf99efa6c4f82681c1de4572f2e0e.jpg,,"Flying Fox True
Peixes de água doce
Peixes Ornamentais
Origem:
encontrado na Ásia.
Características:
Em português raposa voadora, esse peixe ornamental possui características únicas como os dois barbilhões que possui e a presença de duas faixas que se destacam, uma amarela e outra negra ao longo do seu corpo.
Comportamento:
em geral é um peixe muito tranquilo e pacífico, mas  pode se tornar agressivo e territorialista com  outros comedores de alga.
Coabitação com outras espécies:
o flying fox pode ser mantido em um aquário comunitário com peixes de porte compatível. Em seu ambiente natural vive"
https://www.kauar.com.br/agua-doce/comedores-de-algas/mexilhao-de-agua-doce-berbigao-de-agua-doce-corbicula-largillierti,peixe_ou_camarao,Mexilhão de agua doce,Corbicula largillierti,,,,,,6.8 a 8.5,6.8,8.5,18ºC a 28ºC,18.0,28.0,,,,,,,,,https://images.tcdn.com.br/img/img_prod/749804/mexilho_de_agua_doce_berbigo_de_gua_doce_15_a_2_1_20250913105337_db20f24cf238.jpg,,"Já ouviu falar do Mexilhão de agua doce? Um molusco bivalve incrível, que vem cravando o seu espaço no aquarismo
O Mexilão de água doce é originário da China, mas podem ser encontrados em rios e córregos por grande parte do Brasil, isso se deve ao fato de terem chegado em navios chineses que transportavam soja, e outros produtos vindo da China, na década de 80. Desde então esses simpáticos moluscos vem vivendo por aqui, muitas vezes sem sequer serem notados, já que possuem o habito de se enterrarem na areia ficando apenas com uma parte de fora. São organismos filtradores, extremamente eficient"
https://www.kauar.com.br/agua-doce/coridora-aeneus-albina-veu,peixe_ou_camarao,Coridora Aeneus Albina Super Véu,,,,,,,6,6.0,6.0,18°C - 28°C,18.0,28.0,,,,,,,,Tetras; Cascudos; Rásboras; Nano Cascudos; Peixes Comedores de Alga e muitos outros,https://images.tcdn.com.br/img/img_prod/749804/coridora_paleatus_albina_veu_141_1_20201211001324.jpg,,"CORIDORA AENEUS ALBINA VÉU (CORYDORAS AENEUS)
A Coridora Albina Véu pode oferecer um visual cheio de contraste no fundo do seu aquário. Como outras da sua espécie, a Coridora  Albina Véu é conhecida também por sua capacidade de respirar e rastejar fora d´água por distâncias curtas.
Isso ocorre porque as várias espécies de coridoras, e isto inclui a
Coridora Albina Véu
, podem respirar ar de forma facultativa por meio do intestino. O órgão é altamente vascularizado e evoluiu para facilitar a absorção de oxigênio atmosférico. Isso também facilita que a
Coridora Aeneus Albina Véu
possa sobreviver"
https://www.kauar.com.br/agua-doce/coridora-burgessi,peixe_ou_camarao,Coridora Burgessi,Corydoras burgessi,,,,,,"6,0 a 7,4",6.0,7.4,23ºC e 26ºC,23.0,26.0,,,,,,,,Tetras; Cascudos; Rásboras; Nano Cascudos; Peixes Comedores de Alga e muitos outros,https://images.tcdn.com.br/img/img_prod/749804/coridora_burgessi_143_1_20201211001324.png,,"CORIDORA BURGESSI (CORYDORAS BURGESSI)
A Coridora Burgessi faz parte daquele grupo de coridoras de marcações clássicas, pretas e cor de laranja. Como outras da sua espécie, a Coridora Burgessi é conhecida também por sua capacidade de respirar e rastejar fora d´água por distâncias curtas.
Isso ocorre porque as várias espécies de coridoras, e isto inclui a Coridora Burgessi, podem respirar ar de forma facultativa por meio do intestino. O órgão é altamente vascularizado e evoluiu para facilitar a absorção de oxigênio atmosférico. Isso também facilita que a Coridora Burgessi possa sobreviver em ág"
https://www.kauar.com.br/agua-doce/coridora-caudimaculatus,peixe_ou_camarao,Coridora Caudimaculatus,Corydoras caudimaculatus,,,,,,6.0 a 7.4,6.0,7.4,20°C a 28°C,20.0,28.0,,,,,,,,Tetras; Cascudos; Rásboras; Nano Cascudos; Peixes Comedores de Alga e muitos outros,https://images.tcdn.com.br/img/img_prod/749804/coridora_caudimaculatus_corydora_caudimaculatus_461_1_20201211001324.jpg,,"CORIDORA CAUDIMACULATUS (CORYDORAS CAUDIMACULATUS)
A Coridora Caudimaculatus tem o corpo coberto de pintinhas pretas e uma marcação maior próxima à cauda.  Como outras da sua espécie, a Coridora Caudimaculatus é conhecida também por sua capacidade de respirar e rastejar fora d´água por distâncias curtas.
Isso ocorre porque as várias espécies de coridoras, e isto inclui a Coridora
Caudimaculatus
, podem respirar ar de forma facultativa por meio do intestino. O órgão é altamente vascularizado e evoluiu para facilitar a absorção de oxigênio atmosférico. Isso também facilita que a Coridora
Caudima"
https://www.kauar.com.br/agua-doce/coridora-duplicareus,peixe_ou_camarao,Coridora Duplicareus,Corydoras duplicareus,,,,,,6.0 - 8.0,6.0,8.0,23ºC e 26ºC,23.0,26.0,,,,,,,,Tetras; Cascudos; Rásboras; Nano Cascudos; Peixes Comedores de Alga e muitos outros,https://images.tcdn.com.br/img/img_prod/749804/coridora_duplicareus_corydora_duplicareus_459_1_20201211001324.jpg,,"CORIDORA DUPLICAREUS (CORYDORAS DUPLICAREUS)
A Coridora Duplicareus é um peixe clássico do aquarismo de água-doce. É famosa e muito procurada por aquaristas de todo o mundo.
Como outras da sua espécie, a Coridora
Duplicareus
é conhecida também por sua capacidade de respirar e rastejar fora d´água por distâncias curtas.
Isso ocorre porque as várias espécies de coridoras, e isto inclui a Coridora
Duplicareus
, podem respirar ar de forma facultativa por meio do intestino. O órgão é altamente vascularizado e evoluiu para facilitar a absorção de oxigênio atmosférico. Isso também facilita que a Cori"
https://www.kauar.com.br/agua-doce/coridora-eques,peixe_ou_camarao,Coridora Eques,Corydoras Eques,,,,,,6.0 - 8.0,6.0,8.0,24°C - 26°C,24.0,26.0,,,,,,,,Tetras; Cascudos; Rásboras; Nano Cascudos; Peixes Comedores de Alga e muitos outros,https://images.tcdn.com.br/img/img_prod/749804/coridora_eques_corydora_eques_457_1_72677edfd4f97bcbb1b4cf4d282a6f71.jpg,,"CORIDORA EQUES (CORYDORAS EQUES)
A Coridora Eques está entre os peixes ornamentais de aquário mais famosos do mundo. Seu visual é clássico e inconfundível. A Coridora Eques tem uma legião de fãs, que se encantam com seus rostinho mascarado e suas marcações laranja e preta. Como outras da sua espécie, a Coridora Eques é conhecida também por sua capacidade de respirar e rastejar fora d´água por distâncias curtas.
Isso ocorre porque as várias espécies de coridoras, e isto inclui a Coridora Eques, podem respirar ar de forma facultativa por meio do intestino. O órgão é altamente vascularizado e evo"
https://www.kauar.com.br/agua-doce/coridora-panda,peixe_ou_camarao,Coridora Panda,Corydoras panda,,,,,,6,6.0,6.0,20°C - 25°C,20.0,25.0,,,,,,,,Tetras; Cascudos; Rásboras; Nano Cascudos; Peixes Comedores de Alga e muitos outros,https://images.tcdn.com.br/img/img_prod/749804/coridora_panda_corydoras_panda_2_a_3_cm_139_3_28cdae708f3fb15a5738c4c461e7c09e.jpg,,"CORIDORA PANDA (CORYDORAS PANDA)
A Coridora Panda está entre os peixes ornamentais de aquário mais famosos do mundo e, também, entre as menores coridoras que existem. Nem precisa dizer suas marcações pretas, e seu jeitinho fofo, tão fofo quanto um urso panda, foram a inspiração para seu nome. Como outras espécies de coridora, Coridora Panda é conhecida também por sua capacidade de respirar e rastejar fora d´água por distâncias curtas.
Isso ocorre porque as várias espécies de coridoras, e isto inclui a Coridora Panda, podem respirar ar de forma facultativa por meio do intestino. O órgão é altam"
https://www.kauar.com.br/agua-doce/coridora-sterbai,peixe_ou_camarao,Coridora Sterbai,Corydoras sterbai,,,,,,6 a 8,6.0,8.0,24°C - 30°C,24.0,30.0,,,,,,,,Tetras; Cascudos; Rásboras; Nano Cascudos; Peixes Comedores de Alga e muitos outros,https://images.tcdn.com.br/img/img_prod/749804/coridora_sterbai_corydoras_sterbai_5_1_a129ec4411be5aaf7ebe215237e6ccc1.jpg,,"CORIDORA STERBAI (CORYDORAS STERBAI)
A Coridora Sterbai não desaponta quando o assunto é popularidade. Está entre as coridoras mais conhecida e, também, entre as preferidas dos aquaristas que curtem peixes amazônicos. Seu corpo cheio de pintinhas, suas barbatanas cor de laranja e sua barriguinha branca tornam seu visual único. Como outras espécies de coridora, Coridora Sterbai é conhecida também por sua capacidade de respirar e rastejar fora d´água por distâncias curtas.
Isso ocorre porque as várias espécies de coridoras, e isto inclui a
Coridora Sterbai
, podem respirar ar de forma facultativ"
https://www.kauar.com.br/agua-doce/coridora-tucano,peixe_ou_camarao,Coridora Tucano,Corydoras tukano,,,,,,6.0 a 7.4,6.0,7.4,20°C a 28°C,20.0,28.0,,,,,,,,Tetras; Cascudos; Rásboras; Nano Cascudos; Peixes Comedores de Alga e muitos outros,https://images.tcdn.com.br/img/img_prod/749804/coridora_tucano_corydora_tukano_463_1_20201211001324.jpg,,"CORIDORA TUCANO (CORYDORAS TUKANO)
As coridoras, como a Coridora Tucano, são muito pacíficas, peixes dóceis que convivem bem com outras espécies e amam a companhia de outras coridoras. A Coridora Tucano é conhecida por esse nome em função de sua marcação laranja vibrante.
COMO OUTRAS ESPÉCIES DE CORIDORA, CORIDORA STERBAI É CONHECIDA TAMBÉM POR SUA CAPACIDADE DE RESPIRAR E RASTEJAR FORA D´ÁGUA POR DISTÂNCIAS CURTAS.
ISSO OCORRE PORQUE AS VÁRIAS ESPÉCIES DE CORIDORAS, E ISTO INCLUI A
CORIDORA STERBAI
, PODEM RESPIRAR AR DE FORMA FACULTATIVA POR MEIO DO INTESTINO. O ÓRGÃO É ALTAMENTE VASCULARIZA"
https://www.kauar.com.br/agua-doce/jumbos/acaratinga-geophagus-proximus-geophagus-altifrons,peixe_ou_camarao,Geophagus proximus,Geophagus altifrons,,,,,,4.,4.0,4.0,24ºC e 32ºC,24.0,32.0,,,,,,,,,https://images.tcdn.com.br/img/img_prod/749804/acaratinga_geophagus_proximus_geophagus_altifrons_849_1_20201211001324.png,,"Acaratinga
Peixes de Água Doce
Peixes de Aquário
Origem:
Rios da bacia do Amazonas. Introduzido em reservatórios de usinas elétricas na região sudeste e sul do Brasil na Bacia do Prata (Sub-bacias do Paraná, Paraguai e Uruguai).
Características:
o Geophagus proximus, também conhecido pelos nomes populares de Cará, Acaratinga, Papa-Terra e Porquinho, é um ciclídeo que pode alcançar até 13cm e possui expectativa de vida de até 8 anos em seu aquário, desde que mantido em condições ideias. Os exemplares selvagens podem apresentar muitas variações na cor e padrão do corpo dependendo da área em que "
https://www.kauar.com.br/agua-doce/jumbos/chalceus-chalceus-macrolepidotus,peixe_ou_camarao,Chalceus,Chalceus Macrolepidotus,,,,,,6.5 a 7.2,6.5,7.2,25°C a 30°C,25.0,30.0,,,,,,,,,https://images.tcdn.com.br/img/img_prod/749804/chalceus_10_a_12_cm_chalceus_macrolepidotus_851_1_feb2d60504a9eea7408b9881c8ec0498.jpg,,"Chalceus
Peixes Ornamentais
Peixes de Água Doce
Origem:
Brasil e Peru.
Características:
o Chalceus pode alcançar até 30 cm e possui expectativa de vida desconhecida, mas estima-se que possa viver até 10 anos. É um peixe muito bonito,  com nuances avermelhadas por todo o corpo que, inclusive, inspiraram seu nome, pois em grego, Chalceus significa cobre. Suas escamas, maiores na parte superior do corpo, contribuem para realçar ainda mais as nuances vermelhas do Chalceus. A nadadeira caudal possui um vermelho intenso, que contrasta com o amarelo dourado das nadadeiras pélvica e peitoral, deixando"
https://www.kauar.com.br/agua-doce/jumbos/jack-dempsey-blue-rocio-octofasciata,peixe_ou_camarao,Jack Dempsey Blue,Rocio octofasciata,,,,,,7.0 a 8.0,7.0,8.0,15 a 20,15.0,20.0,,,,,,,,,https://images.tcdn.com.br/img/img_prod/749804/jack_dempsey_blue_rocio_octofasciata_157_1_20201211001323.jpg,,"Jack Dempsey Blue
Peixes de Aquário
Peixes Ornamentais
Origem:
América do Norte e Central
Características:
os ciclídeos são peixes ornamentais de cores vibrantes, com características muito territorialistas e agressivas. São peixes que se movimentam bastante em seu aquário, justamente porque tentam demarcar eu território obstinadamente. Este é o caso do Jack Dempsey Blue, que pode alcançar um tamanho médio entre 15 cm a 25 cm. Esse ciclídeo possui expectativa de vida de 5 anos.
Comportamento e c
oabitação com outras espécies
:
o Jack Dempsey Blue é um peixe territorialista e bastante temperamen"
https://www.kauar.com.br/agua-doce/jumbos/oscar-bronze,peixe_ou_camarao,Oscar Bronze,Astronotus Ocellatus,,,,,,6.0 a 7,6.0,7.0,22 e 28ºC,22.0,28.0,,,,,,,,,https://images.tcdn.com.br/img/img_prod/749804/oscar_red_bronze_155_1_4c13e976e1c5e753b3f4c144730241ad.jpg,,"O Peixe Oscar é um peixe ornamental surpreendente pelo seu tamanho e inteligência. Cheios de personalidade, os peixões Oscar são habitantes comuns em aquários jumbo, pois são lindos e resistentes. O peixe Oscar tem a habilidade de reconhecer seus cuidadores e podem atingir até 45 cm de comprimento.
ORIGEM, COMPORTAMENTO E CONVÍVIO DO OSCAR
Natura da Bacia Amazônica, o peixe ornamental Oscar Bronze é um peixe de características muito marcantes e de personalidade forte, além de ser muito resistente. São peixes capazes de reconhecer seu dono, tolerando até mesmo  o contato físico, o que leva eles"
https://www.kauar.com.br/agua-doce/jumbos/oscar-red-ruby-astronotus-ocellatus,peixe_ou_camarao,Oscar Red Ruby,Astronotus ocellatus,,,,,,6.0 a 7,6.0,7.0,22 e 28ºC,22.0,28.0,,,,,,,,,https://images.tcdn.com.br/img/img_prod/749804/oscar_red_ruby_6_a_8_cm_astronotus_ocellatus_847_1_22095716c2f71929e8258402fca57741.jpg,,"O Peixe Oscar Red Ruby, também conhecido como Astronotus Ocellatus,
é um peixe ornamental surpreendente pelo seu tamanho e inteligência. Cheios de personalidade, os peixões Oscar são habitantes comuns em aquários jumbo, pois são lindos e resistentes. O peixe Oscar tem a habilidade de reconhecer seus cuidadores e podem atingir até 45 cm de comprimento.
ORIGEM, COMPORTAMENTO E CONVÍVIO DO OSCAR RED RUBY
Natura da Bacia Amazônica, o peixe ornamental Oscar Red Ruby é um peixe de características muito marcantes e de personalidade forte, além de ser muito resistente. São peixes capazes de reconhecer"
https://www.kauar.com.br/agua-doce/jumbos/oscar-red-tiger,peixe_ou_camarao,Oscar Red Tiger,Astronotus ocellatus,,,,,,6.0 a 7,6.0,7.0,22 e 28ºC,22.0,28.0,,,,,,,,,https://images.tcdn.com.br/img/img_prod/749804/oscar_red_tiger_845_1_4ba109cecaf9a04e0ad769f2dd8adcb0.jpg,,"Oscar Red Tiger
Origem:
natural da Bacia Amazônica.
Características
: o
Oscar
é um peixe de características muito marcantes e de personalidade forte, além de ser muito resistente. São peixes capazes de reconhecer seu dono, tolerando até mesmo  o contato físico, o que leva eles a serem considerados como ?petfish?. Além dessas características o Oscar tem uma inteligência muito grande, o que permite alguns tipos de truques.
Comportamento e convivência com outras espécies:
é um peixe muito territorialista, mas não necessariamente agressivo. Podem até mesmo ser mantidos com outros peixes dentro do "
https://www.kauar.com.br/agua-doce/jumbos/oscar-red-tiger-albino,peixe_ou_camarao,Oscar Red Tiger Albino,Astronotus ocellatus,,,,,,6.0 a 7,6.0,7.0,22 e 28ºC,22.0,28.0,,,,,,,,,https://images.tcdn.com.br/img/img_prod/749804/oscar_red_tiger_albino_importado_4_a_6_cm_153_1_93bf8eeeaa84d2fffa4e7aa7255b3ed0.jpg,,"Oscar Red Tiger Albino
Origem:
natural da Bacia Amazônica.
Características:
o Oscar é um peixe de características muito marcantes e de personalidade forte, além de ser muito resistente. São peixes capazes de reconhecer seu dono, tolerando até mesmo  o contato físico, o que leva eles a serem considerados como petfish. Além dessas características o Oscar tem uma inteligência muito grande, o que permite alguns tipos de truques.
Comportamento e convivência com outras espécies:
é um peixe muito territorialista, mas não necessariamente agressivo. Podem até mesmo ser mantidos com outros peixes dentro"
https://www.kauar.com.br/agua-doce/jumbos/pacu-pirapitinga-casal-piaractus-brachypomus,peixe_ou_camarao,Pacu Piranha de Prata,Metynnis lippincottianus,,,,,,6.0 a 7.5,6.0,7.5,24ºC a 28ºC,24.0,28.0,,,,,,,,,https://images.tcdn.com.br/img/img_prod/749804/pacu_piranha_de_prata_5_a_8_cm_metynnis_lippinco_1_20251002094013_83226ca14fb4.jpg,,"​
UM DOS PEIXES MAIS FAMOSOS E POPULARES DA AMAZÔNIA, A PIRANHA PODE ASSUSTAR PELO NOME, MAS O PACU PIRANHA DE PRATA É UM PEIXE BEM DOCIL. VENHA DESCOBRIR MAIS SOBRE ELE
Um membro da Família
Serrasalmidae, família
que inclui as Piranhas e os Pacu. A Piranha de Prata não é um peixe agressivo, como sua prima, a Piranha Vermelha, é um peixe dócil, que na natureza se alimenta principalmente de frutas e sementes, possui uma dentição bem forte e adaptada para isso, no aquário aceitará ração em grãos. Chama bastante a atenção por sua beleza e comportamento interessante
Nome popular:
Pacu Piranha de p"
https://www.kauar.com.br/agua-doce/jumbos/pangassius-albino-pangasianodon-hypophthalmus,peixe_ou_camarao,Pangassius Albino,Pangasianodon hypophthalmus,,,,,,"6,5 a 7,5",6.5,7.5,22°C e 28°C,22.0,28.0,,,,,,,,,https://images.tcdn.com.br/img/img_prod/749804/pangassius_albino_7_a_8_cm_pangasianodon_hypophthalmus_387_1_04bc6d6187997b150677d1de77de8595.jpg,,"Pangassius Albino
Peixes de aquário
Peixes de água doce
Origem:
Ásia
Características:
o Pangassius Albino, também conhecido como Striped Catfish, Iridescent Shark ou Catfish, é uma espécie asiática de peixe ornamental da família Pangasídeos, muito apreciada no aquarismo. Os Pangasianodon hypophthalmus podem medir entre 60 e 90 centímetros, podendo chegar a 130 cm, são peixes amigáveis e pacíficos.  Sua aparência similar a de um tubarão o tornou um peixe ornamental muito popular, podendo também ser encontrado com o nome de  tubarão siamês ou bagre sutch. Quando adulto o Pangassius Comum é acinz"
https://www.kauar.com.br/agua-doce/jumbos/pangassius-comum-pangasianodon-hypophthalmus,peixe_ou_camarao,Pangassius Comum,Pangasianodon hypophthalmus,,,,,,"6,5 a 7,5",6.5,7.5,22°C e 28°C,22.0,28.0,,,,,,,,,https://images.tcdn.com.br/img/img_prod/749804/pangassius_comum_pangasianodon_hypophthalmus_385_1_6c4a5c391a2a2c25a0a554f119d14f54.jpg,,"Pangassius Comum
Peixes de aquário
Peixes de água doce
Origem:
Ásia
Características:
o Pangassius Comum, também conhecido como Striped Catfish, Iridescent Shark Catfish, é uma espécie asiática de peixe ornamental da família Pangasídeos, muito apreciada no aquarismo. Os Pangasianodon hypophthalmus podem medir entre 60 e 90, centímetros podendo chegar à 130 centímetros, e são peixes amigáveis e pacíficos.  Sua aparência similar a de um tubarão o tornou um peixe ornamental muito popular, podendo também ser encontrado com o nome de  tubarão siamês ou bagre sutch. Quando adulto o Pangassius Comum é"
https://www.kauar.com.br/agua-doce/jumbos/papagaio-vermelho-juvenil,peixe_ou_camarao,Papagaio Vermelho,Amphilophus citrinellus,,,,,,"6,5 a 7,4",6.5,7.4,25ºC e 28ºC,25.0,28.0,,,,,,,,,https://images.tcdn.com.br/img/img_prod/749804/papagaio_vermelho_juvenil_99_1_20201211001323.png,,"O Papagaio Vermelho é um cruzamento de dois ciclídeos, gerando um híbrido com características únicas e beleza marcante, seu formato lembra o bico de um papagaio e por isso o nome lhe caiu tão bem. Possui comportamento característico dos demais ciclídeos americanos, embora seja mais pacífico do que a maioria dos seus parentes. Atinge por volta dos 25 cm de tamanho e sua coloração só se apresenta na fase adulta, sendo cinza esverdeado na fase juvenil. Alguns indivíduos começam a apresentar a mudança de coloração por volta dos 12 a 15 cm, com manhas avermelhadas surgindo e crescendo por seu corpo"
https://www.kauar.com.br/agua-doce/jumbos/tucunare-pinima-cichla-pinima,peixe_ou_camarao,Tucunaré Pinima,Cichla pinima,,,,,,6.0 a 7,6.0,7.0,25 e 30ºC,25.0,30.0,,,,,,,,,https://images.tcdn.com.br/img/img_prod/749804/tucunare_pinima_17_a_19_cm_cichla_pinima_2528_1_606a0963eeee1dd24f950249200688ba.jpg,,"TUCUNARÉ PINIMA
Origem:
natural da Bacia Amazônica.
Características
: o Tucunaré Pinima é uma das espécies de ciclideos americanos mais imponente e desejada pelos aquaristas. Originário da Bacia do Bacia Amazônica, especialmente da região do Rio Tapajós, esse peixe se destaca por sua beleza exotica, e comportamento predador. Deve ser mantido com peixes maiores, ou do seu tamanho, pois se mantido com peixes muito menores pode devora-los.
Comportamento e convivência com outras espécies:
.É um peixe de grande porte, por isso, e com o comportamento territorialista, mas podem até mesmo ser mantidos"
https://www.kauar.com.br/agua-doce/mudskipper-barred-periophthalmus-argentilineatus,peixe_ou_camarao,Mudskipper Barred,Periophthalmus argentilineatus,,,,,,"7,5 a 8.5",7.5,8.5,24ºC a 28ºC,24.0,28.0,,,,,,,,,https://images.tcdn.com.br/img/img_prod/749804/mudskipper_barred_4_a_5_cm_periophthalmus_argent_1_20260731125354_5a96feede96e.jpg,,"Mudskipper Barred é um daqueles peixes que parecem ter saído de um documentário sobre a evolução da vida na terra, ou de um filme de ficção cientifica. Venha descobrir mais sobre esse peixe incrível, carismático e fascinante.
O Mudskipper Barred é um peixe muito diferente dos outros, pois ele possui características únicas, como respiração fora da água, nadadeiras que funcionam como pernas, olhos de anfíbios, e no topo da cabeça, e que piscam. Além disso ele possui uma vida social bem ativa fora da água, arrastando e saltando, e interagindo com o ambiente ao seu redor.
O Mudskipper Barred sobre"
https://www.kauar.com.br/agua-doce/peixes-matrizes-para-reproducao,peixe_ou_camarao,Peixes Matrizes para Reprodução,,,,,,,,,,,,,,,,,,,,,,,"Peixes Matrizes para Reprodução 	Os melhores peixes para seu aquário | Compre online
Menu
Peixes de Água Doce
Ver Peixes de Água Doce
Peixes Asiáticos
Barbos e Dânios
Botias
Bettas
Camarões e Lagostas
Cascudos e Coridoras
Aulonocaras e mais Ciclídeos Africanos
Malawi
Malawi Aulonocaras
Malawi Mbunas
Malawi Haplochromis
Tanganika
Vitória
Ramirezi, Apistogramma e mais ciclídeos anões
Acará Bandeira e Discos
Discos Selvagens
Bandeiras
Peixes comedores de algas
Peixes Jumbos
Killifish
Kinguios
Guppys Especiais
Tetras e Rásboras
Peixes para lagos
Platis, Espadas e Molinésias
Promoção de Cardumes
La"
https://www.kauar.com.br/agua-doce/poecilideos/espada-kohaku-albina-xiphophorus-helleri-poecilideos,peixe_ou_camarao,Espada Kohaku,Xiphophorus helleri,,,,,,"7,4",7.4,7.4,22 e 26ºC,22.0,26.0,,,,,,,,,https://images.tcdn.com.br/img/img_prod/749804/espada_kohaku_xiphophorus_helleri_poecilideos_115_1_326065c4b4376eca8e998b6c7ee2171a.jpg,,"Espada Kohaku
Peixes de água doce
Peixes de Aquário
Origem:
América Central
Características:
o espada é um peixe super popular, praticamente todo mundo conhece, é um peixinho de fácil manutenção e criação. Mas suas qualidades não param por aí, o espada possui tantas particularidades que sua criação torna-se um agradável e curioso exercício.
Comportamento:
O Espada é um peixe muito sensível ao frio e a doenças, mas apesar disso são muito agitados, são conhecidos por serem excelentes saltadores. Os machos dessa espécie são muito temperamentais e costumam brigar entre si, para contornar essa situ"
https://www.kauar.com.br/agua-doce/poecilideos/espada-showa-tricolor-xiphophorus-helleri-poecilideos,peixe_ou_camarao,Espada Showa Tricolor,Xiphophorus helleri,,,,,,"7,4",7.4,7.4,22 e 26ºC,22.0,26.0,,,,,,,,,https://images.tcdn.com.br/img/img_prod/749804/espada_showa_tricolor_xiphophorus_helleri_poecilideos_117_1_20201211001333.jpg,,"Espada Showa Tricolor
Xiphophorus helleri
Poecilídeos
Origem:
América Central
Características:
o espada é um peixe super popular, praticamente todo mundo conhece, é um peixinho de fácil manutenção e criação. Mas suas qualidades não param por aí, o espada possui tantas particularidades que sua criação torna-se um agradável e curioso exercício.
Comportamento:
O Espada é um peixe muito sensível ao frio e a doenças, mas apesar disso são muito agitados, são conhecidos por serem excelentes saltadores. Os machos dessa espécie são muito temperamentais e costumam brigar entre si, para contornar essa si"
https://www.kauar.com.br/agua-doce/poecilideos/guppy-dumbo-azul-2-a-4-cm-casal-poecilia-reticulata,peixe_ou_camarao,Guppy Dumbo Azul,Poecilia Reticulata,,,,,,"7,0 a 7,2",7.0,7.2,25ºC e 30ºC,25.0,30.0,,,,,,,,,https://images.tcdn.com.br/img/img_prod/749804/guppy_dumbo_azul_2_a_4_cm_casal_poecilia_retic_1_20251020174148_5d2ef5d6f9d5.jpg,,"GUPPY DUMBO AZUL, UM PEIXE LINDO E COM CORES CHAMATIVAS, PARA SER O CENTRO DAS ATENÇÕES EM SEU AQUÁRIO.
O Guppy Dumbo Azul é um peixe ornamental de de água-doce, super pacífico, ideal para aquários comunitários. Suas cores geram contrastes incríveis, seu nado ágil e seu temperamento ativo transformam o aquário em um verdadeiro show de cores e movimento.
São peixes que encantam as crianças e também adultos! O Guppy é o peixe escolhido por muitos aquaristas experientes que levam o hobby bem a sério. Existem diversos campeonatos nacionais e mundiais que avaliam os peixes mais representativos dos "
https://www.kauar.com.br/agua-doce/poecilideos/guppy-koi-casal-poecilideos,peixe_ou_camarao,Guppy Koi Albino,Poecilia Reticulata,,,,,,"7,0 a 7,2",7.0,7.2,25ºC e 30ºC,25.0,30.0,,,,,,,,,https://images.tcdn.com.br/img/img_prod/749804/guppy_koi_casal_poecilideos_123_1_61dd6c94e8cbc633b690ae791947104c.jpg,,"GUPPY KOI ALBINO CASAL, UM PEIXE LINDO PARA SEU AQUÁRIO DE ÁGUA DOCE
O Guppy Koi Albino é um peixe ornamental de de água-doce, pacífico, ideal para aquários comunitários. Suas cores geram contrastes incríveis, seu nado ágil e seu temperamento ativo transformam o aquário em um verdadeiro show de cores e movimento.
São peixes que encantam as crianças e também adultos! O Guppy é o peixe escolhido por muitos aquaristas experientes que levam o hobby bem a sério. Existem diversos campeonatos nacionais e mundiais que avaliam os peixes mais representativos dos padrões da espécie nas suas diversas vari"
https://www.kauar.com.br/agua-doce/poecilideos/guppy-moscow-poecilideos,peixe_ou_camarao,Guppy Moscow Dark Casal,,,,,,,"7,0 a 7,2",7.0,7.2,25ºC e 30ºC,25.0,30.0,,,,,,,,,https://images.tcdn.com.br/img/img_prod/749804/guppy_moscow_dark_casal_poecilideos_29_1_0543978c5f165fd670a47be74afb2f15.jpg,,"GUPPY MOSCOW DARK, UM PEIXE LINDO PARA SEU AQUÁRIO DE ÁGUA DOCE
O Guppy Moscow Dark é um peixe ornamental de de água-doce, pacífico, ideal para aquários comunitários. Suas cores geram contrastes incríveis, seu nado ágil e seu temperamento ativo transformam o aquário em um verdadeiro show de cores e movimento.
São peixes que encantam as crianças e também adultos! O Guppy é o peixe escolhido por muitos aquaristas experientes que levam o hobby bem a sério. Existem diversos campeonatos nacionais e mundiais que avaliam os peixes mais representativos dos padrões da espécie nas suas diversas variedad"
https://www.kauar.com.br/agua-doce/poecilideos/guppy-red-dragon-casal-poecilideos,peixe_ou_camarao,Guppy Red Dragon Casal,,,,,,,"7,0 a 7,2",7.0,7.2,25ºC e 30ºC,25.0,30.0,,,,,,,,,https://images.tcdn.com.br/img/img_prod/749804/guppy_red_dragon_casal_poecilideos_121_1_a9f3d3dc6cdda4d3225dc8badbb939e6.jpg,,"GUPPY RED DRAGON, UM PEIXE LINDO PARA SEU AQUÁRIO DE ÁGUA DOCE
O Guppy Red Dragon é um peixe ornamental de de água-doce, pacífico, ideal para aquários comunitários. Suas cores geram contrastes incríveis, seu nado ágil e seu temperamento ativo transformam o aquário em um verdadeiro show de cores e movimento.
São peixes que encantam as crianças e também adultos! O Guppy é o peixe escolhido por muitos aquaristas experientes que levam o hobby bem a sério. Existem diversos campeonatos nacionais e mundiais que avaliam os peixes mais representativos dos padrões da espécie nas suas diversas variedades"
https://www.kauar.com.br/agua-doce/poecilideos/guppy-red-lace-snakeskin-poecilideos,peixe_ou_camarao,Guppy Red Lace Snakeskin,,,,,,,"7,0 a 7,2",7.0,7.2,25ºC e 30ºC,25.0,30.0,,,,,,,,,https://images.tcdn.com.br/img/img_prod/749804/guppy_red_lace_snakeskin_poecilideos_35_1_52497c67613c72cc41a2e96ef472775e.jpg,,"GUPPY RED LACE SNAKESKIN, UM PEIXE LINDO PARA SEU AQUÁRIO DE ÁGUA DOCE
O Guppy Red Lace Snakeskin é um peixe ornamental de de água-doce, pacífico, ideal para aquários comunitários. Suas cores geram contrastes incríveis, seu nado ágil e seu temperamento ativo transformam o aquário em um verdadeiro show de cores e movimento.
São peixes que encantam as crianças e também adultos! O Guppy é o peixe escolhido por muitos aquaristas experientes que levam o hobby bem a sério. Existem diversos campeonatos nacionais e mundiais que avaliam os peixes mais representativos dos padrões da espécie nas suas div"
https://www.kauar.com.br/agua-doce/poecilideos/guppy-red-platinum-albino-poecilideos,peixe_ou_camarao,Guppy Red Platinum,,,,,,,"7,0 a 7,2",7.0,7.2,25ºC e 30ºC,25.0,30.0,,,,,,,,,https://images.tcdn.com.br/img/img_prod/749804/guppy_red_platinum_albino_poecilideos_39_1_11061ad4f0d9e2260d1557a9c918010d.jpg,,"GUPPY RED PLATINUM, UM PEIXE LINDO PARA SEU AQUÁRIO DE ÁGUA DOCE
O Guppy Red Platinum é um peixe ornamental de de água-doce, pacífico, ideal para aquários comunitários. Suas cores geram contrastes incríveis, seu nado ágil e seu temperamento ativo transformam o aquário em um verdadeiro show de cores e movimento.
São peixes que encantam as crianças e também adultos! O Guppy é o peixe escolhido por muitos aquaristas experientes que levam o hobby bem a sério. Existem diversos campeonatos nacionais e mundiais que avaliam os peixes mais representativos dos padrões da espécie nas suas diversas varied"
https://www.kauar.com.br/agua-doce/poecilideos/guppy-red-platinum-poecilideos,peixe_ou_camarao,Guppy Red Platinum,,,,,,,"7,0 a 7,2",7.0,7.2,25ºC e 30ºC,25.0,30.0,,,,,,,,,https://images.tcdn.com.br/img/img_prod/749804/guppy_red_platinum_poecilideos_33_1_6ca7a9c3ff0dbba7bca6d02775d50d66.jpg,,"GUPPY RED PLATINUM, UM PEIXE LINDO PARA SEU AQUÁRIO DE ÁGUA DOCE
O Guppy Red Platinum é um peixe ornamental de de água-doce, pacífico, ideal para aquários comunitários. Suas cores geram contrastes incríveis, seu nado ágil e seu temperamento ativo transformam o aquário em um verdadeiro show de cores e movimento.
São peixes que encantam as crianças e também adultos! O Guppy é o peixe escolhido por muitos aquaristas experientes que levam o hobby bem a sério. Existem diversos campeonatos nacionais e mundiais que avaliam os peixes mais representativos dos padrões da espécie nas suas diversas varied"
https://www.kauar.com.br/agua-doce/poecilideos/guppy-red-spanish-big-ear-casal-poecilideos,peixe_ou_camarao,Guppy Big Ear Platinum Red Tail,Poecilia Reticulata,,,,,,"7,0 a 7,2",7.0,7.2,25ºC e 30ºC,25.0,30.0,,,,,,,,,https://images.tcdn.com.br/img/img_prod/749804/guppy_big_ear_platinum_red_tail_2_a_4_cm_poecilia_reticulata_119_1_8396b0eb1c497fc46180ed554f4193e0.jpg,,"GUPPY BIG EAR PLATINUM RED TAIL, UM PEIXE LINDO PARA SEU AQUÁRIO DE ÁGUA DOCE
O Guppy Big Ear Platinum Red Tail é um peixe ornamental de de água-doce, pacífico, ideal para aquários comunitários. Suas cores geram contrastes incríveis, seu nado ágil e seu temperamento ativo transformam o aquário em um verdadeiro show de cores e movimento.
São peixes que encantam as crianças e também adultos! O Guppy é o peixe escolhido por muitos aquaristas experientes que levam o hobby bem a sério. Existem diversos campeonatos nacionais e mundiais que avaliam os peixes mais representativos dos padrões da espéci"
https://www.kauar.com.br/agua-doce/poecilideos/guppy-yellow-albino-poecilideos,peixe_ou_camarao,Guppy Full Yellow Albino Platinum,Poecilia Reticulata,,,,,,"7,0 a 7,2",7.0,7.2,25ºC e 30ºC,25.0,30.0,,,,,,,,,https://images.tcdn.com.br/img/img_prod/749804/guppy_yellow_albino_casal_poecilideos_37_1_8ac7defa27fcd7dde4563ebdb72b652c.jpg,,"GUPPY YELLOW ALBINO, UM PEIXE LINDO PARA SEU AQUÁRIO DE ÁGUA DOCE
O Guppy Yellow Albino é um peixe ornamental de de água-doce, pacífico, ideal para aquários comunitários. Suas cores geram contrastes incríveis, seu nado ágil e seu temperamento ativo transformam o aquário em um verdadeiro show de cores e movimento.
São peixes que encantam as crianças e também adultos! O Guppy é o peixe escolhido por muitos aquaristas experientes que levam o hobby bem a sério. Existem diversos campeonatos nacionais e mundiais que avaliam os peixes mais representativos dos padrões da espécie nas suas diversas vari"
https://www.kauar.com.br/agua-doce/poecilideos/guppy-yellow-platinum-poecilideos,peixe_ou_camarao,Guppy Full Yellow Platinum,Poecilia Reticulata,,,,,,"7,0 a 7,2",7.0,7.2,25ºC e 30ºC,25.0,30.0,,,,,,,,,https://images.tcdn.com.br/img/img_prod/749804/guppy_full_yellow_platinum_poecilideos_31_1_0e592a55e812b7e44c55da983504614c.jpg,,"GUPPY YELLOW PLATINUM, UM PEIXE LINDO PARA SEU AQUÁRIO DE ÁGUA DOCE
O Guppy Yellow Platinum é um peixe ornamental de de água-doce, pacífico, ideal para aquários comunitários. Suas cores geram contrastes incríveis, seu nado ágil e seu temperamento ativo transformam o aquário em um verdadeiro show de cores e movimento.
São peixes que encantam as crianças e também adultos! O Guppy é o peixe escolhido por muitos aquaristas experientes que levam o hobby bem a sério. Existem diversos campeonatos nacionais e mundiais que avaliam os peixes mais representativos dos padrões da espécie nas suas diversas "
https://www.kauar.com.br/agua-doce/poecilideos/molinesia-balao-dalmata-poecilia-latipinna,peixe_ou_camarao,Molinésia Balão Dálmata,Poecilia latipinna,,,,,,"7,2",7.2,7.2,21ºC à 29ºC,21.0,29.0,,,,,,,,,https://images.tcdn.com.br/img/img_prod/749804/molinesia_balao_dalmata_poecilia_latipinna_895_1_58188553852b17de8d10703257be9506.jpg,,"Molinésia Balão Dálmata, um peixe que vai te fazer feliz
As molinésias são peixes ornamentais de aquário muito populares, são particularmente brincalhonas, alegres e muito divertidas. Comumente chamadas de Molly, os peixes molinésia podem chegar até 6 cm e vivem de 2 a 3 anos.
Comportamento e convivência com outras espécies
Dentro do aquário, os peixes estarão prontos para explorar cada cantinho, cada espaço. Uma das coisas que os molinésias adoram fazer é passar boa parte do tempo no fundo em busca de algas, também procuram nos enfeites e no próprio vidro do aquário. São peixes bastante sociá"
https://www.kauar.com.br/agua-doce/poecilideos/molinesia-balao-lyra-preta-poecilideos,peixe_ou_camarao,Molinésia Balão Lyra Preta,,,,,,,"7,2",7.2,7.2,21ºC à 29ºC,21.0,29.0,,,,,,,,,https://images.tcdn.com.br/img/img_prod/749804/molinesia_balao_lyra_preta_poecilideos_17_1_4a5a2dd149fcd3fb59f1839ac4019557.jpg,,"MOLINÉSIA BALÃO Lyra Preta, UM PEIXE QUE VAI TE FAZER FELIZ
AS MOLINÉSIAS SÃO PEIXES ORNAMENTAIS DE AQUÁRIO MUITO POPULARES, SÃO PARTICULARMENTE BRINCALHONAS, ALEGRES E MUITO DIVERTIDAS. COMUMENTE CHAMADAS DE MOLLY, OS PEIXES MOLINÉSIA PODEM CHEGAR ATÉ 6 CM E VIVEM DE 2 A 3 ANOS.
Comportamento e convivência com outras espécies
Dentro do aquário, os peixes estarão prontos para explorar cada cantinho, cada espaço. Uma das coisas que os molinésias adoram fazer é passar boa parte do tempo no fundo em busca de algas, também procuram nos enfeites e no próprio vidro do aquário. São peixes bastante so"
https://www.kauar.com.br/agua-doce/poecilideos/molinesia-balao-poecilideos,peixe_ou_camarao,Molinésia Full Black,,,,,,,"7,2",7.2,7.2,21ºC à 29ºC,21.0,29.0,,,,,,,,,https://images.tcdn.com.br/img/img_prod/749804/molinesia_balao_preta_poecilideos_19_1_65c550a54d1379b595de6bdf21fe357c.jpg,,"Molinésia Balão
Peixes de Aquário
Peixes de Água Doce
Origem:
América Central
Características:
as Molinésias são peixes ornamentais de aquário muito populares, são particularmente brincalhonas, alegres e muito divertidas. Comumente chamadas de Molly, os peixes Molinésia podem chegar até 8 cm e vivem mais de 2 ou 3 anos em aquário.
Comportamento e convivência com outras espécies:
dentro do aquário, os peixes estarão prontos para explorar cada cantinho, cada espaço. Uma das coisas que os molinésias adoram fazer é passar boa parte do tempo no fundo em busca de algas, também procuram nos enfeites "
https://www.kauar.com.br/agua-doce/poecilideos/molinesia-balao-prata-poecilideos,peixe_ou_camarao,Molinésia Balão Prata,,,,,,,"7,2",7.2,7.2,21ºC à 29ºC,21.0,29.0,,,,,,,,,https://images.tcdn.com.br/img/img_prod/749804/molinesia_balao_prata_poecilideos_897_1_0f460d4522c0a9ad5ec25508522eb0d9.jpg,,"Molinésia Balão Prata, um peixe cheio de cor para te fazer feliz
As molinésias são peixes ornamentais de aquário muito populares, são particularmente brincalhonas, alegres e muito divertidas. Comumente chamadas de Molly, os peixes molinésia podem chegar até 6 cm e vivem de 2 a 3 anos.
Comportamento e convivência com outras espécies
Dentro do aquário, os peixes estarão prontos para explorar cada cantinho, cada espaço. Uma das coisas que os molinésias adoram fazer é passar boa parte do tempo no fundo em busca de algas, também procuram nos enfeites e no próprio vidro do aquário. São peixes bastan"
https://www.kauar.com.br/agua-doce/poecilideos/molinesia-dalmata-lyra-poecilia-sphenops-poecilideos,peixe_ou_camarao,Molinésia Dálmata,Poecilia sphenops,,,,,,"7,2",7.2,7.2,21ºC à 29ºC,21.0,29.0,,,,,,,,,https://images.tcdn.com.br/img/img_prod/749804/molinesia_dalmata_lyra_poecilia_sphenops_poecilideos_137_1_84995771d4cd940e260662938f98caa5.jpg,,"MOLINÉSIA DÁLMATA lYRA, UM PEIXE QUE VAI TE FAZER FELIZ
AS MOLINÉSIAS SÃO PEIXES ORNAMENTAIS DE AQUÁRIO MUITO POPULARES, SÃO PARTICULARMENTE BRINCALHONAS, ALEGRES E MUITO DIVERTIDAS. COMUMENTE CHAMADAS DE MOLLY, OS PEIXES MOLINÉSIA PODEM CHEGAR ATÉ 6 CM E VIVEM DE 2 A 3 ANOS.
Comportamento e convivência com outras espécies
Dentro do aquário, os peixes estarão prontos para explorar cada cantinho, cada espaço. Uma das coisas que os molinésias adoram fazer é passar boa parte do tempo no fundo em busca de algas, também procuram nos enfeites e no próprio vidro do aquário. São peixes bastante sociáv"
https://www.kauar.com.br/agua-doce/poecilideos/molinesia-gold-black-lyra-poecilideos,peixe_ou_camarao,Molinésia Gold Black Lyra,,,,,,,"7,2",7.2,7.2,21ºC à 29ºC,21.0,29.0,,,,,,,,,https://images.tcdn.com.br/img/img_prod/749804/molinesia_gold_black_lyra_poecilideos_135_1_be09a89a183f613adece878f72728a63.jpg,,"Molinésia Gold Black Lyra, um peixe cheio de cor para te fazer feliz
As molinésias são peixes ornamentais de aquário muito populares, são particularmente brincalhonas, alegres e muito divertidas. Comumente chamadas de Molly, os peixes molinésia podem chegar até 6 cm e vivem de 2 a 3 anos.
Comportamento e convivência com outras espécies
Dentro do aquário, os peixes estarão prontos para explorar cada cantinho, cada espaço. Uma das coisas que os molinésias adoram fazer é passar boa parte do tempo no fundo em busca de algas, também procuram nos enfeites e no próprio vidro do aquário. São peixes ba"
https://www.kauar.com.br/agua-doce/poecilideos/molinesia-milk-pavao-comum-poecilideos,peixe_ou_camarao,Molinésia Milk Pavão,Poecilia Latipinna,,,,,,"7,2",7.2,7.2,21ºC à 29ºC,21.0,29.0,,,,,,,,,https://images.tcdn.com.br/img/img_prod/749804/molinesia_milk_pavao_poecilideos_133_1_d8dafd2863d765d430040856c2680a9b.jpg,,"Molinésia Milk Pavão, um peixe cheio de cor para te fazer feliz
As molinésias são peixes ornamentais de aquário muito populares, são particularmente brincalhonas, alegres e muito divertidas. Comumente chamadas de Molly, os peixes molinésia podem chegar até 6 cm e vivem de 2 a 3 anos.
Comportamento e convivência com outras espécies
Dentro do aquário, os peixes estarão prontos para explorar cada cantinho, cada espaço. Uma das coisas que os molinésias adoram fazer é passar boa parte do tempo no fundo em busca de algas, também procuram nos enfeites e no próprio vidro do aquário. São peixes bastant"
https://www.kauar.com.br/agua-doce/poecilideos/molinesia-milk-pavao-lyra-poecilideos,peixe_ou_camarao,Molinésia Milk Pavão Lyra,,,,,,,"7,2",7.2,7.2,21ºC à 29ºC,21.0,29.0,,,,,,,,,https://images.tcdn.com.br/img/img_prod/749804/molinesia_milk_pavao_lyra_poecilideos_131_1_7f781ee97de03440455c907a457c96c7.jpg,,"Molinésia Milk Pavão Lira, um peixe cheio de cor para te fazer feliz
As molinésias são peixes ornamentais de aquário muito populares, são particularmente brincalhonas, alegres e muito divertidas. Comumente chamadas de Molly, os peixes molinésia podem chegar até 6 cm e vivem de 2 a 3 anos.
Comportamento e convivência com outras espécies
Dentro do aquário, os peixes estarão prontos para explorar cada cantinho, cada espaço. Uma das coisas que os molinésias adoram fazer é passar boa parte do tempo no fundo em busca de algas, também procuram nos enfeites e no próprio vidro do aquário. São peixes ba"
https://www.kauar.com.br/agua-doce/poecilideos/molinesia-prata-comum,peixe_ou_camarao,Molinésia Prata,,,,,,,"7,2",7.2,7.2,21ºC à 29ºC,21.0,29.0,,,,,,,,,https://images.tcdn.com.br/img/img_prod/749804/molinesia_prata_185_1_3c800422c7c011fdbaa3672a25f0c3b2.jpg,,"MOLINÉSIA PRATA UM PEIXE QUE VAI TE FAZER FELIZ
AS MOLINÉSIAS SÃO PEIXES ORNAMENTAIS DE AQUÁRIO MUITO POPULARES, SÃO PARTICULARMENTE BRINCALHONAS, ALEGRES E MUITO DIVERTIDAS. COMUMENTE CHAMADAS DE MOLLY, OS PEIXES MOLINÉSIA PODEM CHEGAR ATÉ 6 CM E VIVEM DE 2 A 3 ANOS.
Comportamento e convivência com outras espécies
Dentro do aquário, os peixes estarão prontos para explorar cada cantinho, cada espaço. Uma das coisas que os molinésias adoram fazer é passar boa parte do tempo no fundo em busca de algas, também procuram nos enfeites e no próprio vidro do aquário. São peixes bastante sociáveis que "
https://www.kauar.com.br/agua-doce/poecilideos/molinesia-prata-lyra-poecilideos,peixe_ou_camarao,Molinésia Prata Lyra,,,,,,,"7,2",7.2,7.2,21ºC à 29ºC,21.0,29.0,,,,,,,,,https://images.tcdn.com.br/img/img_prod/749804/molinesia_prata_lyra_poecilideos_129_1_dc3addf857c58adc97f41fa6f3a21cab.jpg,,"MOLINÉSIA PRATA LYRA UM PEIXE QUE VAI TE FAZER FELIZ
AS MOLINÉSIAS SÃO PEIXES ORNAMENTAIS DE AQUÁRIO MUITO POPULARES, SÃO PARTICULARMENTE BRINCALHONAS, ALEGRES E MUITO DIVERTIDAS. COMUMENTE CHAMADAS DE MOLLY, OS PEIXES MOLINÉSIA PODEM CHEGAR ATÉ 6 CM E VIVEM DE 2 A 3 ANOS.
Comportamento e convivência com outras espécies
Dentro do aquário, os peixes estarão prontos para explorar cada cantinho, cada espaço. Uma das coisas que os molinésias adoram fazer é passar boa parte do tempo no fundo em busca de algas, também procuram nos enfeites e no próprio vidro do aquário. São peixes bastante sociáveis"
https://www.kauar.com.br/agua-doce/poecilideos/molinesia-tangerina-poecilideos,peixe_ou_camarao,Molinésia Tangerina,,,,,,,"7,2",7.2,7.2,21ºC à 29ºC,21.0,29.0,,,,,,,,,https://images.tcdn.com.br/img/img_prod/749804/molinesia_tangerina_poecilideos_127_1_95bc94c62dad3e4e359b5bf18f8cdef8.jpg,,"Molinésia Tangerina, um peixe cheio de cor para te fazer feliz
As molinésias são peixes ornamentais de aquário muito populares, são particularmente brincalhonas, alegres e muito divertidas. Comumente chamadas de Molly, os peixes molinésia podem chegar até 6 cm e vivem de 2 a 3 anos.
Comportamento e convivência com outras espécies
Dentro do aquário, os peixes estarão prontos para explorar cada cantinho, cada espaço. Uma das coisas que os molinésias adoram fazer é passar boa parte do tempo no fundo em busca de algas, também procuram nos enfeites e no próprio vidro do aquário. São peixes bastante"
https://www.kauar.com.br/agua-doce/poecilideos/molinesia-vermelha-velifera-super-red-poecilideos,peixe_ou_camarao,Molinésia Vermelha Velífera Super Red Albina,,,,,,,"7,2",7.2,7.2,21ºC à 29ºC,21.0,29.0,,,,,,,,,https://images.tcdn.com.br/img/img_prod/749804/molinesia_vermelha_velifera_super_red_albina_6_a_8_cm_poecilideos_125_1_afd3c5919591821f162591e2d4ea65fa.jpg,,"Molinésia Vermelha Velífera Super Red Albina
, um peixe cheio de cor para te fazer feliz
As molinésias são peixes ornamentais de aquário muito populares, são particularmente brincalhonas, alegres e muito divertidas. Comumente chamadas de Molly, os peixes molinésia podem chegar até 6 cm e vivem de 2 a 3 anos.
Comportamento e convivência com outras espécies
Dentro do aquário, os peixes estarão prontos para explorar cada cantinho, cada espaço. Uma das coisas que os molinésias adoram fazer é passar boa parte do tempo no fundo em busca de algas, também procuram nos enfeites e no próprio vidro do aq"
https://www.kauar.com.br/agua-doce/poecilideos/plati-aurora-poecilideos,peixe_ou_camarao,Plati Aurora,Xiphophorus maculatus,,,,,,"7,0 a 7,5",7.0,7.5,24ºC e 27ºC,24.0,27.0,,,,,,,,,https://images.tcdn.com.br/img/img_prod/749804/plati_aurora_poecilideos_xiphophorus_maculatus_21_1_39bfe7fdd4cc765df9b5775feb8671cd.jpg,,"QUE TAL O PLATI AURORA PARA DEIXAR SEU AQUÁRIO MAIS LINDO?
Os Platis são peixes alegres e nem um pouco tímidos. São inúmeras as variedades de cores e de formatos de nadadeiras dos platis.  É um dos peixes mais populares entre os aquaristas. O nome popular foi dado devido à sua classificação inicial, que era Platypoecilus maculatus, em grego, plati é chato, que se relaciona com seu corpo levemente alto e fino.
Quer saber mais sobre o Plati Bumblebee e os cuidados veterinários da Kauar? E como funciona a entrega até a sua casa? Aprender tudo sobre aclimatação de um novo peixe ornamental em seu a"
https://www.kauar.com.br/agua-doce/poecilideos/plati-azul-poecilideos,peixe_ou_camarao,Plati Azul,Xiphophorus maculatus,,,,,,"7,0 a 7,5",7.0,7.5,24ºC e 27ºC,24.0,27.0,,,,,,,,,https://images.tcdn.com.br/img/img_prod/749804/plati_azul_xiphophorus_maculatus_poecilideos_23_1_23858237655e44e304f931073a461f0e.jpg,,"QUE TAL O PLATI AZUL PARA DEIXAR SEU AQUÁRIO MAIS EXUBERANTE?
Os Platis são peixes alegres e nem um pouco tímidos. São inúmeras as variedades de cores e de formatos de nadadeiras dos platis.  O Plati Azul é um dos platis mais populares, seja na companhia de peixes de outras espécies ou em um aquário monoespécie, o Plati Azul realmente se destaca com seus tons celestiais. O nome popular foi dado devido à sua classificação inicial, que era Platypoecilus maculatus, em grego, plati é chato, que se relaciona com seu corpo levemente alto e fino.
Quer saber mais sobre o Plati Azul e e os cuidados vet"
https://www.kauar.com.br/agua-doce/poecilideos/plati-negro-seta-xiphophorus-machulatus-poecilideos,peixe_ou_camarao,Plati Negro Seta,Xiphophorus Machulatus,,,,,,"7,0 a 7,5",7.0,7.5,24ºC e 27ºC,24.0,27.0,,,,,,,,,https://images.tcdn.com.br/img/img_prod/749804/plati_negro_seta_xiphophorus_machulatus_poecilideos_113_1_98ac5f90b6e32c96c7daff0d92e6647d.jpg,,"QUE TAL O PLATI NEGRO SETA PARA DEIXAR SEU AQUÁRIO MAIS LINDO?
Os Platis são peixes alegres e nem um pouco tímidos. São inúmeras as variedades de cores e de formatos de nadadeiras dos platis.  É um dos peixes mais populares entre os aquaristas. O nome popular foi dado devido à sua classificação inicial, que era Platypoecilus maculatus, em grego, plati é chato, que se relaciona com seu corpo levemente alto e fino.
Quer saber mais sobre o Plati Negro Seta e os cuidados veterinários da Kauar? E como funciona a entrega até a sua casa? Aprender tudo sobre aclimatação de um novo peixe ornamental em "
https://www.kauar.com.br/agua-doce/poecilideos/plati-red-coral-seta-xiphophorus-machulatus-poecilideos,peixe_ou_camarao,Plati Red Coral Seta,Xiphophorus Machulatus,,,,,,"7,0 a 7,5",7.0,7.5,24ºC e 27ºC,24.0,27.0,,,,,,,,,https://images.tcdn.com.br/img/img_prod/749804/plati_red_coral_seta_xiphophorus_machulatus_poecilideos_111_1_fb8a1fab7b336e294100ed4ac796ad12.jpg,,"QUE TAL O PLATI RED CORAL SETA PARA DEIXAR SEU AQUÁRIO MAIS LINDO?
Os Platis são peixes alegres e nem um pouco tímidos. São inúmeras as variedades de cores e de formatos de nadadeiras dos platis.  É um dos peixes mais populares entre os aquaristas. O nome popular foi dado devido à sua classificação inicial, que era Platypoecilus maculatus, em grego, plati é chato, que se relaciona com seu corpo levemente alto e fino.
Quer saber mais sobre o Plati Red Coral Seta e os cuidados veterinários da Kauar? E como funciona a entrega até a sua casa? Aprender tudo sobre aclimatação de um novo peixe orname"
https://www.kauar.com.br/agua-doce/poecilideos/plati-rubi-poecilideos,peixe_ou_camarao,Plati Rubí,Xiphophorus maculatus,,,,,,"7,0 a 7,5",7.0,7.5,24ºC e 27ºC,24.0,27.0,,,,,,,,,https://images.tcdn.com.br/img/img_prod/749804/plati_rubi_xiphophorus_maculatus_poecilideos_27_1_a5f86c0cb1eebc0117ef8ad84d7b2e69.jpg,,"QUE TAL O PLATI RUBY PARA DEIXAR SEU AQUÁRIO MAIS LINDO?
Os Platis são peixes alegres e nem um pouco tímidos. São inúmeras as variedades de cores e de formatos de nadadeiras dos platis.  É um dos peixes mais populares entre os aquaristas. O nome popular foi dado devido à sua classificação inicial, que era Platypoecilus maculatus, em grego, plati é chato, que se relaciona com seu corpo levemente alto e fino.
Quer saber mais sobre o Plati Ruby e os cuidados veterinários da Kauar? E como funciona a entrega até a sua casa? Aprender tudo sobre aclimatação de um novo peixe ornamental em seu aquário?"
https://www.kauar.com.br/agua-doce/poecilideos/plati-tricolor-poecilideos,peixe_ou_camarao,Plati Tricolor,Xiphophorus maculatus,,,,,,"7,0 a 7,5",7.0,7.5,24ºC e 27ºC,24.0,27.0,,,,,,,,,https://images.tcdn.com.br/img/img_prod/749804/plati_tricolor_xiphophorus_maculatus_poecilideos_25_1_6a2d2d656c49373abdaa69b02db494df.jpg,,"QUE TAL O PLATI TRICOLOR PARA DEIXAR SEU AQUÁRIO MAIS LINDO?
Os Platis são peixes alegres e nem um pouco tímidos. São inúmeras as variedades de cores e de formatos de nadadeiras dos platis.  É um dos peixes mais populares entre os aquaristas. O nome popular foi dado devido à sua classificação inicial, que era Platypoecilus maculatus, em grego, plati é chato, que se relaciona com seu corpo levemente alto e fino.
Quer saber mais sobre o Plati Tricolor e os cuidados veterinários da Kauar? E como funciona a entrega até a sua casa? Aprender tudo sobre aclimatação de um novo peixe ornamental em seu "
https://www.kauar.com.br/agua-doce/tetras-e-rasboras/-tetra-myrmex-super-red,peixe_ou_camarao,Tetra Myrmex Super Red,Hyphessobrycon myrmex,,,,,,6.4 a 7.4,6.4,7.4,23ºC a 30ºC,23.0,30.0,,,,,,,,,https://images.tcdn.com.br/img/img_prod/749804/tetra_myrmex_super_red_2_a_3_cm_hyphessobrycon_m_1_20250809124028_fc0074141054.jpeg,,"Com um vermelho intenso, o Tetra Myrmex será a estrela do seu aquário. Ele também da um show no quesito comportamento.
O
Tetra Myrmex, é um tetra ativo e super tranquilo, mas o que chama mais chama a atenção é a sua extraordinária coloração vermelha, que se destaca bastante dentro do aquário, ainda mais em aquários plantados. Quando adulto fica em media entre 2,5 a 3 cm, um tamanho pequeno, que o torna perfeito para vários tipos de aquários, mas é importante que os companheiros de aquários também sejam pacíficos, para que tenham uma boa convivência
.
Nome popular:
Tetra
Myrmex,
Tetra
Myrmex Su"
https://www.kauar.com.br/agua-doce/tetras-e-rasboras/astyanax-joaovitori-2-a-3-cm-astyanax-joaovitori,peixe_ou_camarao,Astyanax joaovitori,Astyanax joaovitori,,,,,,6.5 a 7.4,6.5,7.4,24ºC a 28ºC,24.0,28.0,,,,,,,,,,,"Tetra Xavante e cheio de energia e elegância. Possui um comportamento agitado e ativo. Leve mais movimento e luminosidade para seu aquário!
O Tetra Xavante, Psalidodon xavante, é um peixe bonito e resistente. Endêmica da bacia do Araguari recebeu esse nome como forma de homenagear a resiliência e força do povo Xavante. Ele possui um corpo prateado, com reflexos metálicos, com realces rosa e amarelo. Uma mancha umeral escura, que percorre seu corpo quase todo. Um peixe de personalidade ativa, que é sempre destaque no aquário
.
Quer saber mais sobre o Tetra Xavante e os cuidados da Kauar? A baix"
https://www.kauar.com.br/agua-doce/tetras-e-rasboras/cruzeiro-do-sul-hemiodus-gracilis,peixe_ou_camarao,Cruzeiro do Sul,Hemiodus gracilis,,,,,,"6,8",6.8,6.8,23 a 28ºC,23.0,28.0,,,,,,,,,https://images.tcdn.com.br/img/img_prod/749804/cruzeiro_do_sul_hemiodus_gracilis_901_1_1c0381e2beb17c31b7b402d509d71092.png,,"Cruzeiro do Sul | Hemiodus gracilis
Peixes de água doce
Peixes Ornamentais
Origem:
encontrado na América do Sul, bacias da Amazônia.
Características:
a
coloração prateada em tons esverdeados, faz com o que o Cruzeiro do Sul seja um peixe muito atrativo entre os aquaristas. Esse peixinho possui uma faixa preta que começa na metade de seu corpo e termina na sua extremidade.
Comportamento e coabitação com outras espécies:
Em um primeiro momento o Cruzeiro do Sul pode parecer tímido, mas este é apenas o primeiro contato, com o tempo ele se estabelece e se torna bastante ativo, ainda mais se estive"
https://www.kauar.com.br/agua-doce/tetras-e-rasboras/danio-azul,peixe_ou_camarao,Danio Azul,,,,,,,PH ligeiramente ácido a alcalino (entre 6.0 a 8.8). E,6.0,8.8,"20
ºC  a 26
ºC",20.0,26.0,,,,,,,,,,,"Venha se APAIXONAR PELO danio AZUL. UM PEIXE SUPER ATIVO E COM cores maravilhoSAS para seu aquario.
O Tetra Azul, é natural da Península Malaia, na Ásia, mas por sua beleza, é resistência, se popularizou pelo mundo todo, se tornando um dos queridinhos dos aquaristas, principalmente daqueles iniciantes. O Danio Azul é um peixinho pequeno e maravilhoso, com cores bem vibrantes e chamativas. Um peixe tranquilo e gregário, viverá muito bem com outros peixes menores. Por ser um peixe de cardume é importante que seja mantido com outros de sua espécie. Muito resistente esse peixinho e fácil de cuidar"
https://www.kauar.com.br/agua-doce/tetras-e-rasboras/hasemania-nambiquara-4-a-5-cm-hasemania-nambiquara,peixe_ou_camarao,Tetra Nambiquara,Hasemania nambiquara,,,,,,6.0 a 7.5,6.0,7.5,23ºC a 28ºC,23.0,28.0,,,,,,,,,https://images.tcdn.com.br/img/img_prod/749804/tetra_nambiquara_2_a_25_cm_hasemania_nambiquara_3_20250813130201_699386c08b12.jpg,,"O TETRA NAMBIQUARA PEQUENO, PACIFICO
O Tetra Nambiaquara, é um Tetra bem ativo e sociável, endêmico do Brasil, sendo encontrado no Alto Rio Tapajós. Gosta de nadar entre o meio e a superfície do aquário, sempre em cardume, com movimentos rápidos e sincronizados, dando um efeito visual bem bonito. Em media fica entre 2,5 a 3 cm, quando adulto. Ótima opção para aquários nanos, plantados, amazônicos e comunitários.
O nome
nambiquara
é uma homenagens aos Nambiquara, ou
Nambikwaras,
povos indígenas originários do alto Rio Tapajós, com uma rica cultura
.
Quer saber mais sobre o Tetra
Nambiaquara e o"
https://www.kauar.com.br/agua-doce/tetras-e-rasboras/peixe-borboleta-carnegiella-strigata,peixe_ou_camarao,Peixe Borboleta,Carnegiella Strigata,,,,,,5.0,5.0,5.0,24ºC e 28ºC,24.0,28.0,,,,,,,,,https://images.tcdn.com.br/img/img_prod/749804/peixe_borboleta_carnegiella_strigata_899_1_779f29828fd7d6a42ac189838afa5792.jpg,,"Peixe Borboleta
Peixes de Aquário
Peixes Ornamentais
Origem:
Brasil
(Bacia Amazônica), Colômbia, Guiana, Peru e Suriname
Características:
os peixes borboletas estão entre os mais charmosos do aquarismo. São peixinhos de superfície e o nome popular está associado ao formato de seu corpo, que se assemelha à asa de uma borboleta.  Com suas nadadeiras peitorais, que são bastante fortes, os peixes borboletas saltam em busca de insetos que sobrevoam a superfície da água.
Comportamento e convivência com outras espécies:
é uma espécie de cardume e em seu aquário ficará muito mais feliz se estiver na c"
https://www.kauar.com.br/agua-doce/tetras-e-rasboras/peixe-lapis-imperial-2-cm-a-4-cm-nannostomus-sp,peixe_ou_camarao,Tetra Lápis imperial,,,,,,,6.4 a 7.4,6.4,7.4,23ºC a 30ºC,23.0,30.0,,,,,,,,,https://images.tcdn.com.br/img/img_prod/749804/tetra_lpis_imperial_2_cm_a_4_cm_hyphessobrycon_s_1_20250813171925_fade613c395b.jpeg,,"UM PEIXE PACIFICO E COM UMA COLORAÇÃO EXTRAORDINÁRIA, LEVE ESSE BRILHO A MAIS PARA SEU AQUÁRIO, LEVE ESSE TETRA RARO E MARAVILHOSO
O Tetra Lápis Imperial é um tetra com cores e
scandescentes
que vão do azul, verde e purpura, com uma linha negra que percorre todo seu corpo na horizontal. Seu comportamento é super pacifico, e com comportamento social, como a maioria dos tetras é um peixe de cardume, e manter acima de 6 ajuda a manter as cores mais fortes e o comportamento mais natural.
Quer saber um pouco mais sobre o Tetra Lápis Imperial e os cuidados da Kauar? A baixo temos mais informações.
N"
https://www.kauar.com.br/agua-doce/tetras-e-rasboras/peixe-mocinha-characidium-fasciatum,peixe_ou_camarao,Peixe Mocinha,Characidium fasciatum,,,,,,5.5 e 7.0,5.5,7.0,20ºC e 30ºC,20.0,30.0,,,,,,,,,https://images.tcdn.com.br/img/img_prod/749804/peixe_mocinha_characidium_fasciatum_4_a_7_cm_43_1_ce4ddf067fde8e43fa2995c36e16de4a.jpg,,"O Peixe Mocinha (Characidium fasciatum) é um peixe ornamental de aquário de água-doce, pacífico, ideal para aquários plantados e aquários comunitários. Entre os peixes ornamentais, é um peixe de fácil aclimatação e cuidados. Viverá muito bem em um aquário com PH levemente ácido a neutro (PH entre 5.5 e 7.0). Além de boa convivência com peixes ornamentais de outras espécies, o Mocinha ainda prestará um serviço extra de limpeza do seu aquário, pois também é um grande caçador de caramujos.
Quer saber mais sobre o Peixe Mocinha  e os cuidados veterinários da Kauar? E como funciona a entrega até a "
https://www.kauar.com.br/agua-doce/tetras-e-rasboras/rasbora-galaxy-danio-margaritatus,peixe_ou_camarao,Rásbora Galaxy,Danio margaritatus,,,,,,PH ligeiramente ácido a alcalino (entre 6.4 a 7.6),6.4,7.6,"22
ºC  a 26
ºC",22.0,26.0,,,,,,,,,https://images.tcdn.com.br/img/img_prod/749804/rasbora_galaxy_1_a_1_5_cm_danio_margaritatus_383_1_98e0ed20b588189888a06fc657e2c496.jpg,,"RÁSBORA galaxy: esse peixe nano é um show!
A Rásbora Galaxy é um peixe ornamental que alcança no máximo 2 cm, por isso, é considerada uma microrásbora. O tamanho é inversamente proporcional à beleza da Rásbora Galaxy, que apresenta um padrão de pequenas pintas claras sobre o corpo azul escuro, em contraste com nadadeiras vermelhas. Esse padrão de cores e marcações inspirou seu nome popular.
Em disputa por fêmeas, as cores dos machos ficam extremamente vibrantes. As fêmeas, por sua vez, possuem nuances um pouco mais pálidas. O corpo tem um tom mais esverdeado e nadadeiras douradas.
comportament"
https://www.kauar.com.br/agua-doce/tetras-e-rasboras/rasbora-harlequim-trigonostigma-heteromorpha,peixe_ou_camarao,Rásbora Arlequim,Trigonostigma heteromorpha,,,,,,,,,22ºC  a 28ºC,22.0,28.0,,,,,,,,,https://images.tcdn.com.br/img/img_prod/749804/rasbora_arlequim_1_5_a_2_cm_trigonostigma_heteromorpha_367_1_b021f9ad7bb58bae2de26fb3f0d78c0c.jpg,,"RÁSBORA ARLEQUIM
A Rásbora Arlequim é um peixe ornamental muito conhecido, que pode atingir até 5 cm na fase adulta, sendo mais comum que alcance em seu aquário cerca de 3 cm. O tamanho é inversamente proporcional à beleza da Rásbora Arlequim, que possui lindas marcações negras azuladas a partir da metade do corpo, em direção à nadadeira caudal, contrastando com o restante das escamas em que a cor prata é predominante.
O nome é inspirado na marcação preta que lembram as roupas dos Arlequins, artistas cômicos que se vestiam com estampas de losangos, um tipo de palhaço antigo que animava as pess"
https://www.kauar.com.br/agua-doce/tetras-e-rasboras/rasbora-hengeli-trigonostigma-hengeli,peixe_ou_camarao,Rasbora Hengeli,Trigonostigma hengeli,,,,,,,,,22ºC  a 28ºC,22.0,28.0,,,,,,,,,https://images.tcdn.com.br/img/img_prod/749804/rasbora_hengeli_1_5_a_2_cm_trigonostigma_hengeli_915_1_1af2c5091c6afb4e1d166fa00c32f479.jpg,,"rÁSBORA hengeli, um peixe maravilhoso para seu aquário de água doce
A Rásbora Hengeli é um peixe asiático nano, encontrado na Tailândia, Sumatra e Indonésia. Adulta, pode chegar, no máximo, a 3cm.
O tamanho é inversamente proporcional à beleza da Rásbora Hengeli, que se destaca pelas marcações elegantes
nas cores
pretas e laranjadas nas laterais do corpo, lembrando duas asas angelicais.
COMPORTAMENTO E CONVIVÊNCIA COM OUTRAS ESPÉCIES
Rásbora Hengeli é um peixe ornamental de cardume, então é importante que você tenha em seu aquário pelo menos 6 a 10 indivíduos. A vida em grupo deixará esse peix"
https://www.kauar.com.br/agua-doce/tetras-e-rasboras/rasbora-sawbwa-sawbwa-resplendens,peixe_ou_camarao,Rasbora Sawbwa Macho,Sawbwa resplendens,,,,,,,,,21ºC  a 28ºC,21.0,28.0,,,,,,,,,https://images.tcdn.com.br/img/img_prod/749804/rasbora_sawbwa_macho_3_a_4_cm_sawbwa_resplendens_381_1_434773d69df10c15d86d8e5f09bbb163.jpg,,"RÁSBORA SAWBWA, UM PEIXE LINDO PARA SEU AQUÁRIO
A Rásbora Sawbwa é um peixe ornamental que alcança no máximo 5 c
m, sendo muito mais comum 4 cm. Os machos possuem corpo azulado com manchas vermelhos na face e nadadeira caudal. Em disputa por fêmeas, as cores dos machos ficam extremamente vibrantes. Na natureza é encontrado em águas claras e rasas do Lago Inlé, que fica 900 m acima do nível do mar, cercado por montanhas, em Myanmar. Uma paisagem inspiradora e idílica, cheia de vida e com uma cultura muito rica, formada por cerca de 70 mil pessoas que habitam a região.
Uma das atrações turística"
https://www.kauar.com.br/agua-doce/tetras-e-rasboras/rosaceo-vermelho-hyphessobrycon-erythrostigma,peixe_ou_camarao,Rosaceo Vermelho Super Red,Hyphessobrycon erythrostigma,,,,,,6.0 a 7.2,6.0,7.2,24ºC e 28ºC,24.0,28.0,,,,,,,,Rosáceos,https://images.tcdn.com.br/img/img_prod/749804/rosaceo_vermelho_super_red_3_a_4_cm_hyphessobrycon_erythrostigma_maravilhoso_903_1_965e74e166c56fef69cbda3dfd1680a3.jpg,,"Rosáceo Vermelho, um peixe clássico para seu aquário de água doce
O Rosáceo Vermelho, Hyphessobrycon erythrostigma
, está entre os peixes mais clássicos do aquarismo brasileiro. Natural da América do Sul, da Bacia do Rio Negro, o Rosáceo Vermelho é
u
m peixe tetra vibrante, com um nado elegante. Todas as variações de Rosáceos
possuem uma mancha avermelhada umeral que o tornam facilmente reconhecíveis!  Pacífico e gregário, o Rosáceo Vermelho, com certeza, vai deixar seu aquário mais colorido e cheio de vida.
Comportamento e convivência com outras espécies
O Rosáceo Vermelho é uma espécie de ca"
https://www.kauar.com.br/agua-doce/tetras-e-rasboras/tanictis-gold-tanichthys-albonubes,peixe_ou_camarao,Tanictis Gold,Tanichthys albonubes,,,,,,6.0 a 7.5,6.0,7.5,18ºC a 30ºC,18.0,30.0,,,,,,,,,https://images.tcdn.com.br/img/img_prod/749804/tanictis_gold_1_5_a_3_cm_tanichthys_albonubes_2538_1_eae8ee713502aa83f69bab5bfb0442c6.jpg,,"Tanictis Gold |
Tanichthys albonubes
Origem:
Encontrado nas regiões da Ásia.
Características:
Resistente aos variados parâmetros de água, o Tanicts Gold é uma ótima opção para aquaristas iniciantes. A sua coloração Dourada, com um leve tom realces avermelhadas chama atenção dos aquaristas, pois contrasta com as cores das nadadeiras dorsal e caudal que possuem um forte tom de vermelho.
Nome popular:
Tanictis Gold
Nome científico:
Tanichthys albonubes
Ordem;
Cypriniformes
Família:
Cyprinidae
Origem:
América do Sul, bacia do Rio Paraguai
Alimentação:
Onívoro, no aquário aceita bem rações em floco"
https://www.kauar.com.br/agua-doce/tetras-e-rasboras/tanicts-tanichthys-albonubes,peixe_ou_camarao,Tanictis,Tanichthys albonubes,,,,,,"6,0 a 8,0",6.0,8.0,"6,0 a 8,0",6.0,8.0,,,,,,,,,https://images.tcdn.com.br/img/img_prod/749804/tanicts_tanichthys_albonubes_905_1_690f5aa27359892573544b4ef289e61e.jpg,,"Tanicts | Tanichthys albonubes
Peixe ornamental
Peixe de aquário
Origem:
encontrado nas regiões da Ásia.
Características:
Resistente aos variados parâmetros de água, o Tanicts é uma ótima opção para aquaristas iniciantes. A sua coloração prateada com um leve tom azulado chama atenção dos aquaristas, pois contrasta com as cores das nadadeiras dorsal e caudal que possuem um forte tom de vermelho.
Comportamento e Coabitação com outras espécies:
é um peixe pacífico e de hábitos tranquilos. Espécie bastante sociável, por isso aconselha-se a mantê-lo em grupos de pelo menos 6 espécimes. Pode ser man"
https://www.kauar.com.br/agua-doce/tetras-e-rasboras/telmaterina-ladigesi-marosatherina-ladigesi,peixe_ou_camarao,Telmaterina Ladigesi,Marosatherina ladigesi,,,,,,7.0 a 7.4,7.0,7.4,24ºC a 28ºC,24.0,28.0,,,,,,,,,https://images.tcdn.com.br/img/img_prod/749804/telmaterina_ladigesi_marosatherina_ladigesi_907_1_b6e908c4c7c9ee96f0cf54bfed6a6f18.jpg,,"Telmaterina Ladgesi
Peixes de Aquário
Peixes Ornamentais
Indivíduo adulto
Tamanho: 2 a 2,5 cm
Origem:
Ásia (Indonésia)
Características:
o Telmaterina Ladgesi também é conhecida como Peixe-Vela das Celebes, Peixe Arco-Íris das Celebes ou
Celebs Rainbowfish
devido ao seu padrão de cores. Esse peixe ornamental de água doce tem um corpo alongado e achatado nas laterais com coloração castanho clara no dorso, às vezes azulada, até chegar à cor prateada no ventre. Ao se movimentar, cria reflexos azuis e verdes que inspiraram um de seus nomes populares.
Comportamento e coabitação com outras espécies:
"
https://www.kauar.com.br/agua-doce/tetras-e-rasboras/tetra-amandae-hyphessobrycon-amandae,peixe_ou_camarao,Tetra Foguinho Super Red,Tetra Amandae,,,,,,5.0 a 7,5.0,7.0,24ºC a 28ºC,24.0,28.0,,,,,,,,Coridoras e Rásboras,https://images.tcdn.com.br/img/img_prod/749804/tetra_foguinho_tetra_amandae_1cm_hyphessobrycon_amandae_379_1_c518ba17243040bb6f1fdb1fb2447d91.jpg,,"Tetra Foguinho (Hyphessobrycon amandae)
O Tetra Foguinho, também conhecido como Tetra Amandae, é um dos menores peixes tetras que existem, alcançando no máximo 2 cm. O nome popular foi inspirado em sua cor vermelha, sendo um dos poucos peixes tetras que apresentam este tom nesta intensidade. Esse peixinho tetra de água doce, que pertence à ordem Characiforme e à família dos Caracídeos, pode viver em seu aquário por cerca de 3 a 5 anos. É um espécie cardumeira, que convive muito bem com outros peixes tetras, além de rásboras, coridoras e camarões. O Tetra Foguinho é encontrado na América do Sul"
https://www.kauar.com.br/agua-doce/tetras-e-rasboras/tetra-azul-mimagoniates-microlepis,peixe_ou_camarao,Tetra Azul Real,Mimagoniates microlepis,,,,,,6.0 a 7.5,6.0,7.5,23ºC a 28ºC,23.0,28.0,,,,,,,,"Coridoras e Cascudos
",https://images.tcdn.com.br/img/img_prod/749804/tetra_azul_25_a_3_cm_mimagoniates_microlepis_1_20251002122048_e3577715a5e8.jpg,,"Tetra Azul Real, um tetra pequeno e com um brilho metálico, que vai dar um show em seu aquário.
O Tetra Azul Real é um peixe pequeno, sociável e muito bonito. Possui um comportamento pacifico e gregário, normalmente não passa dos 5 cm. Tem uma coloração exuberante, um corpo esguio e levemente dourado, com realces azuis metálicos, que com sua movimentação frenética, e a iluminação do aquário, destacam bastante. Nativo da Mata Atlântica o Tetra azul Real é encontrado em rios e riachos costeiros, do Sul da Bahia ao norte do Rio Grande do Sul
Quer saber mais sobre o Tetra Azul Real e os cuidados v"
https://www.kauar.com.br/agua-doce/tetras-e-rasboras/tetra-black-phanton-hyphessobrycon-megalopterus,peixe_ou_camarao,Tetra Black Phanton,Hyphessobrycon megalopterus,,,,,,"6,0 a 7,5",6.0,7.5,23ºC e 28ºC,23.0,28.0,,,,,,,,,https://images.tcdn.com.br/img/img_prod/749804/tetra_black_phanton_hyphessobrycon_megalopterus_2_5_a_3_5_cm_377_2_351ae0d9c044a9fd0566c7bfee5181a4.jpeg,,"Tetra Black Phanton alcança um tamanho máximo de 3,5cm e possui expectativa de vida de 3 a 5 anos. Esse tetra também é um peixe ornamental clássico do aquarismo de água doce.
Quer saber mais sobre o Black Phanton e os cuidados veterinários da Kauar? E como funciona a entrega até a sua casa? Aprender tudo sobre aclimatação de um novo peixe ornamental em seu aquário? Continue com a Kauar!
ORIGEM, COMPORTAMENTO E CONVÍVIO DO BLACK PHANTON
O Black Phanton possui uma marcação negra na lateral do corpo, contornada por marcações mais claras de brilho intenso. Esses espécie possui um claro dimorfismo "
https://www.kauar.com.br/agua-doce/tetras-e-rasboras/tetra-blue-devi-hyphessobrycon-notidanos,peixe_ou_camarao,Tetra Blue Devil,Hyphessobrycon notidanos,,,,,,6.0 a 7.5,6.0,7.5,23ºC a 28ºC,23.0,28.0,,,,,,,,Tetra Nen Innesi; Tetra Red Cherry; Peixe Borboleta; Cascudos e Coridoras,https://images.tcdn.com.br/img/img_prod/749804/tetra_blue_devil_2_a_3_cm_hyphessobrycon_notidan_1_20260206164924_91850ee18d64.jpg,,"COM UMA COR AZUL INTENSA O TETRA BLUE DEVIL É UM DAQUELES PEIXES AMAZÔNICOS DIFÍCEIS DE ENCONTRAR. DEPOIS DE MUITO TEMPO TENTANDO, FINALMENTE CONSEGUIMOS TER EM NOSSO ESTOQUE
O Tetra Blue Devil é encontrado, na natureza, no Rio Orinoco. Em condições ideais, apresenta um brilho azul metálico intenso e marcante. Um peixe de habito tranquilo e cardumeiro
Nome popular:
Tetra Blue Devil
Nome científico:
Hyphessobrycon notidanos
Ordem;
Characiformes
Família:
Characidae (Caracídeos)
Origem:
Bacia do Rio Orinoco, Colômbia e Venezuela, América do Sul,
Alimentação:
Onívoro, no aquário aceita bem rações "
https://www.kauar.com.br/agua-doce/tetras-e-rasboras/tetra-buenos-aires-hyphessobrycon-anisitsi,peixe_ou_camarao,Tetra Buenos Aires,Hyphessobrycon anisitsi,,,,,,5.5,5.5,5.5,24ºC a 28ºC,24.0,28.0,,,,,,,,"Ciclídeos Anões
",https://images.tcdn.com.br/img/img_prod/749804/tetra_buenos_aires_25_a_3_cm_hyphessobrycon_anisi_1_20251023130247_97f799ee0510.jpg,,"Tetra Buenos Aires, um peixe robusto e cheio de brilho para seu aquário
O Tetra Bueno Aires é uma joia dos grandes rios do Sul da América do Sul. É encontrado nos rios Paraguai e Uruguai. Possui um corpo com cores levemente azuladas e acinzentadas, barbatanas com as bordas avermelhada, o que o torna especial. Em seu habitat natural, nada em águas com densa vegetação de folhas, troncos e raízes.  O macho é ligeiramente menor que a fêmea e mais retilíneo. Em seu aquário, a expectativa de vida é de até 3 anos e tamanho máximo de cerca de 4 cm.
Comportamento e convivência com outras espécies
É uma"
https://www.kauar.com.br/agua-doce/tetras-e-rasboras/tetra-colombiano-gold-hyphessobrycon-columbianus,peixe_ou_camarao,Tetra Colombiano Gold,Hyphessobrycon Columbianus,,,,,,6.0 a 7.0,6.0,7.0,24ºC a 28ºC,24.0,28.0,,,,,,,,,https://images.tcdn.com.br/img/img_prod/749804/tetra_colombiano_gold_hyphessobrycon_columbianus_15_1_18cf407272e0283238827bdac617362d.jpg,,"Tetra Colombiano Gold
Peixes de Aquário
Peixes de Água Doce
Origem:
América do Sul.
Características:
De coloração brilhante, o Tetra Colombiano faz sucesso em qualquer aquário comunitário. Esse peixinho é pacífico e convive bem com a maioria dos peixes.
Comportamento e convivência com outras espécies:
é uma espécie de cardume, de comportamento pacífico que, que convive muito bem em aquário comunitários, especialmente, com outros tetras. Mantenha, pelo menos, cerca de 10 indivíduos em seu aquário, para que as cores dos tetras fiquem ainda mais realçadas.  Aqui na Kauar você encontra outras espé"
https://www.kauar.com.br/agua-doce/tetras-e-rasboras/tetra-comodoro-hyphessobrycon-comodoro-novidade,peixe_ou_camarao,Tetra Comodoro,Hyphessobrycon  comodoro,,,,,,6.0 a 7.5,6.0,7.5,22ºC a 30ºC,22.0,30.0,,,,,,,,Cascudos e Coridoras,https://images.tcdn.com.br/img/img_prod/749804/tetra_comodoro_2_a_3_cm_hyphessobrycon_comodoro_novidade_2544_1_962ebcbc167052c985b536163b1d8744.jpeg,,"Tetra Comodoro
:
Com uma coloração vibrante e metálica que vai do azul-esverdeado com extremidades avermelhadas, esse tetra será um destaque em seu aquário. Venha descobrir e se apaixonar por ele.
O Tetra Comodoro conhecido assim em homenagem a cidade de Comodoro, no Estado de Matogrosso. Possui cores bem chamativas, que vão de um brilho metálico, com destaques para os tons azul-esverdeados e o vermelho em suas extremidades. possui um corpo levemente alongado, e um nado elegante, que faz dele um destaque no aquário, especialmente para quem deseja montar um aquário plantado e comunitário.
Nome "
https://www.kauar.com.br/agua-doce/tetras-e-rasboras/tetra-cyanotaenia-amarela-4-a-5-cm-hyphessobrycon-cyanotaenia,peixe_ou_camarao,Tetra Cyanotaenia Amarelo,Hyphessobrycon cyanotaenia,,,,,,6.4 a 7.4,6.4,7.4,23ºC a 30ºC,23.0,30.0,,,,,,,,,https://images.tcdn.com.br/img/img_prod/749804/tetra_cyanotaenia_amarelo_4_a_5_cm_hyphessobrycon_cyanotaenia_2554_1_a2057e431f806d3989da99d1ad53c2bc.jpeg,,"O TETRA CYANOTAENIA AMARELO, UM PEIXE MARAVILHOSO PARA SEU AQUÁRIO DE ÁGUA DOCE
O Tetra Cyanotaenia Amarelo alcança um tamanho de até 3.7 cm e possui expectativa de vida de 3 a 5 anos. O Tetra Cyanotaenia Amarelo é um peixe novo no universo do aquarismo, já que foi catalogado apenas em 2006. Possui um corpo robusto, com cores cinzas e um tom azulado e uma faixa negra que vai da cabeça até a calda, envolto por uma  faixa íris que o deixa ainda mais bonito. Em condições ideais, o apresenta um brilho intenso, ainda mais realçado em aquários de águas ácidas.
Nome popular:
Tetra,
Cyanotaenia Amarel"
https://www.kauar.com.br/agua-doce/tetras-e-rasboras/tetra-dourado-hyphessobrycon-moniliger,peixe_ou_camarao,Tetra Dourado,Hyphessobrycon moniliger,,,,,,6.0 a 7.4,6.0,7.4,23ºC a 30ºC,23.0,30.0,,,,,,,,Tetras Dourados,https://images.tcdn.com.br/img/img_prod/749804/tetra_dourado_hyphessobrycon_moniliger_1_20251030154249_b6aec6b880ce.jpg,,"Tetra Dourado e cheio de energia e elegância. Leve mais movimento e luminosidade para seu aquário!
O Tetra Dourado é um peixe perfeito para quem busca peixes pequenos e luminosos. Possui um brilho dourado metálico, que se destaca bastante, principalmente em luz azul, levemente quente, e agua levemente âmbar. De fácil cuidado e altamente sociável. Perfeito para aquários plantados, amazônicos e comunitários.
Quer saber mais sobre o Tetra Dourado e os cuidados da Kauar? A baixo temos mais informações;
Nome popular:
Tetra Dourado, Tetra Moniliger
Nome científico:
Hyphessobrycon moniliger
Ordem;
Ch"
https://www.kauar.com.br/agua-doce/tetras-e-rasboras/tetra-foguinho-gold-tetra-engracadinho-hyphessobrycon-griemii,peixe_ou_camarao,Tetra Engraçadinho Gold,Hyphessobrycon griemi,,,,,,5.8 a 7.8,5.8,7.8,23ºC a 28ºC,23.0,28.0,,,,,,,,Coridoras e Rásboras,https://images.tcdn.com.br/img/img_prod/749804/tetra_foguinho_gold_tetra_engraadinho_hyphessobry_2_20250919102200_e3ad5616b8eb.jpg,,"Tetra Foguinho Gold (Hyphessobrycon griemi)
O Tetra Foguinho Gold é um daqueles peixes que nos apaixonamos ao primeiro olhar. Um peixes com cores únicas entre os Tetras. O nome Gold não é por acaso, possui uma grande parte do corpo em um tom dourado metálico, que pode variar do amarelo-esverdeado ao laranja-dourado. As nadadeiras são ficam mais avermelhadas, principalmente nos machos, em época de reprodução. É um peixe de cardume, o ideal seria manter acima de 6 indivíduos.
Nome popular:
Tetra Foguinho Gold, Tetra Engraçadinho, Tetra Griemi
Nome científico:
Hyphessobrycon griemi/Hyphessobrycon"
https://www.kauar.com.br/agua-doce/tetras-e-rasboras/tetra-glowlight-hemigrammus-erythrozonus,peixe_ou_camarao,Tetra Glowlight (Neon Vermelho),,,,,,,6.0 a 7.5,6.0,7.5,23°C a 28°C,23.0,28.0,,,,,,,,Cascudos e Coridoras,https://images.tcdn.com.br/img/img_prod/749804/tetra_glowlight_neon_vermelho_2_5_a_3_cm_375_1_6eebf987324093557ea6f764befc87e2.jpg,,"TETRA GLOWLIGHT, UM PEIXE DE ÁGUA DOCE PARA SEU AQUÁRIO
O Tetra Glowlight (Hemigrammus Erythrozonus) é
natural da América do Sul e alcança, quando adulto, cerca de 3,5 cm. Possui expectativa de vida de 3 a 5 anos. Em condições ideais, apresenta um brilho intenso, especialmente, na linha vermelha que cobre toda a extensão central de seu corpo. Esse brilho característico inspirou seu nome popular.
COMPORTAMENTO E CONVIVÊNCIA COM OUTRAS ESPÉCIES
Como outros tetras, o Tetra Glowlight é uma espécie de cardume e temperamento pacífico. Por isso, convive muito bem com outros peixes tetras da mesma esp"
https://www.kauar.com.br/agua-doce/tetras-e-rasboras/tetra-iguana-iguanodectes-adujai,peixe_ou_camarao,Tetra Iguana,Iguanodectes adujai,,,,,,"6,5 a 7,5",6.5,7.5,22ºC e 28ºC,22.0,28.0,,,,,,,,,https://images.tcdn.com.br/img/img_prod/749804/tetra_iguana_iguanodectes_adujai_435_1_7da76bc546d093fbb8ee16788bc9b903.png,,"Tetra Iguana
Peixes de Aquário
Peixes Ornamentais
Origem:
Rios Madeira e Negro da Bacia Amazônica e Rio Orinoco na Venezuela.
Características:
o Tetra Iguana, também conhecido como Tetra Lagarto, possui marcações características que conferem um visual muito bonito e vibrante a esse peixinho pacífico que pode atingir até 5,5 na fase adulta. Ao longo do corpo, três faixas nas cores vermelha, prata e preta se destacam sobre o corpo verde oliva.  Mas não foi apenas a cor verde de seu corpo que serviu de inspiração para seu nome popular. Sua forma alongada também permite que o Tetra Iguana nade alc"
https://www.kauar.com.br/agua-doce/tetras-e-rasboras/tetra-imperador-albino-nematobrycon-palmeri,peixe_ou_camarao,Tetra Imperador Albino,Nematobrycon palmeri,,,,,,5.0 a 7.6,5.0,7.6,22ºC a 28ºC,22.0,28.0,,,,,,,,,https://images.tcdn.com.br/img/img_prod/749804/tetra_imperador_albino_4_a_5_cm_nematobrycon_palmeri_2520_1_a25f684827665f61a2b9f864653e53fa.jpg,,"TETRA IMPERADOR ALBINO, UM PEIXE MARAVILHOSO PARA SEU AQUÁRIO DE ÁGUA DOCE
O Tetra Imperador Albino alcança um tamanho de até 4.2 cm e possui expectativa de vida de 3 a 5 anos. O Tetra Imperador Albino é um peixe ornamental clássico do aquarismo de água doce. Possui nadadeira mais alongadas que outras espécies de tetra, o que lhe confere um visual mais imponente, que inspirou seu nome popular. Em condições ideais, seu corpo prateado apresenta um brilho intenso, ainda mais realçado em aquários de águas ácidas. Outras característica marcante do Tetra Imperador Albino é linha preta que cobre toda"
https://www.kauar.com.br/agua-doce/tetras-e-rasboras/tetra-imperador-nematobrycon-palmeri,peixe_ou_camarao,Tetra Imperador,Nematobrycon palmeri,,,,,,5.0 a 7.6,5.0,7.6,22ºC a 28ºC,22.0,28.0,,,,,,,,,https://images.tcdn.com.br/img/img_prod/749804/tetra_imperador_4_a_5_cm_nematobrycon_palmeri_373_1_e9441b97f4dc37365f8a441cf9ee4e55.jpg,,"TETRA IMPERADOR, UM PEIXE MARAVILHOSO PARA SEU AQUÁRIO DE ÁGUA DOCE
O Tetra Imperador alcança um tamanho de até 4.2 cm e possui expectativa de vida de 3 a 5 anos. O Tetra Imperador é um peixe ornamental clássico do aquarismo de água doce. Possui nadadeira mais alongadas que outras espécies de tetra, o que lhe confere um visual mais imponente, que inspirou seu nome popular. Em condições ideais, seu corpo prateado apresenta um brilho intenso, ainda mais realçado em aquários de águas ácidas. Outras característica marcante do Tetra Imperador é linha preta que cobre toda a extensão central de seu c"
https://www.kauar.com.br/agua-doce/tetras-e-rasboras/tetra-limao-hyphessobrycon-pulchripinnis,peixe_ou_camarao,Tetra Limão,Hyphessobrycon pulchripinnis,,,,,,6.0 a 7.0,6.0,7.0,23ºC a 26ºC,23.0,26.0,,,,,,,,,https://images.tcdn.com.br/img/img_prod/749804/tetra_limao_2_5_a_3_cm_hyphessobrycon_pulchripinnis_107_1_bd0d3bc895200121330deaa37fd0f3b2.jpg,,"Tetra Limão
Peixes de Aquário  |
Peixes de Água Doce
Tamanho: 5 cm
Origem:
América do Sul (Bacia do Araguaia)
Características:
O Tetra Limão é um peixe pacífico e pequeno. Este peixe pode alcançar no máximo 5cm. O seu nome popular foi inspirado por sua cor. Esse peixe de água doce pode viver em seu aquário por cerca de 3 a 5 anos.
Comportamento e convivência com outras espécies:
é uma espécie de cardume, de comportamento pacífico que, que convive muito bem em aquário comunitários, especialmente, com outros tetras. Mantenha, pelo menos, cerca de 10 indivíduos em seu aquário, para que as cores d"
https://www.kauar.com.br/agua-doce/tetras-e-rasboras/tetra-matogrosso-super-veu-hyphessobrycon-eques,peixe_ou_camarao,Tetra Matogrosso Super Véu,Hyphessobrycon eques,,,,,,"6,0 a 7,0",6.0,7.0,24ºC e 26ºC,24.0,26.0,,,,,,,,,https://images.tcdn.com.br/img/img_prod/749804/tetra_matogrosso_super_veu_3_a_4_cm_hyphessobrycon_eques_maravilhoso_105_1_57f441d0d9bab7a7fb1a06cc3f77f5f1.jpg,,"Tetra Matogrosso Véu, clássico do aquarismo para seu aquário de água doce
O Tetra Matogrosso Véu é um peixe ornamental de aquário de água doce, pacífico, natural da América do Sul. o Tetra Matogrosso é um peixe pequeno, mas muito resistente. Atingindo apenas 4cm, essa espécie é uma das mais indicadas para decorar qualquer aquário.
Quer saber mais sobre o Tetra Matogrosso e os cuidados veterinários da Kauar? E como funciona a entrega até a sua casa? Aprender tudo sobre aclimatação de um novo peixe ornamental em seu aquário? Continue com a Kauar!
Comportamento
Pacífico e de fácil adaptação, o Te"
https://www.kauar.com.br/agua-doce/tetras-e-rasboras/tetra-negro-gymnocorymbus-ternetzi-super-resistente-ideal-para-iniciantes,peixe_ou_camarao,Tetra Negro,Gymnocorymbus ternetzi,,,,,,"6,0",6.0,6.0,"6,90",6.9,6.9,,,,,,,,Tetra Nen Innesi; Tetra Red Cherry; Peixe Borboleta; Cascudos e Coridoras,https://images.tcdn.com.br/img/img_prod/749804/tetra_negro_3_a_4_cm_gymnocorymbus_ternetzi_sup_1_20250801115546_1c0d89c000e6.jpeg,,"TETRA NEGRO, PARA QUEM BUSCA UM TETRA ROBUSTO, ELEGANTE E DE GRANDE RESISTÊNCIA, E QUE PODE CONVIVER COM MUITAS OUTRAS ESPÉCIES.
O Tetra Negro é um peixe famoso pela sua resistência, e capacidade de viver em várias faixas de PH diferentes, pode ir de 6,0 a 8,0, e devido ao seu grande porte, chega aos 7,5, vive bem com peixes maiores, que não vê como presa. Nativo das bacias dos rios Paraguai e Guaporé, mas encontrado em muitas outras regiões.
Nome popular:
Tetra Negro, Tetra Preto
Nome científico:
Gymnocorymbus ternetzi
Ordem;
Characiformes
Família:
Acestrorhamphidae
Origem:
Bacias dos Rios Pa"
https://www.kauar.com.br/agua-doce/tetras-e-rasboras/tetra-neon-cardinal-paracheirodon-axelrodi,peixe_ou_camarao,Tetra Neon Cardinal,Paracheirodon Axelrodi,,,,,,4.0 a 7,4.0,7.0,23ºC a 30ºC,23.0,30.0,,,,,,,,Cascudos e Coridoras,https://images.tcdn.com.br/img/img_prod/749804/tetra_neon_cardinal_1_a_3_cm_paracheirodon_axelrodi_913_1_fdf95d55f3a9e2695812dc4331475fef.jpg,,"Tetra Neon Cardinal (Paracheidon Aroldoi) é um peixe amazônico lindo para seu aquário de água doce
O Tetra Neon Cardinal (Paracheidon Aroldoi) é um dos peixes ornamentais mais conhecidos do mundo, pertencente à classe
Actinopterygii, à ordem Characiformes e, finalmente, à família Characidae.
Um verdadeiro clássico do aquarismo de água doce, o peixe Neon Cardinal alcança um tamanho máximo de 4 cm, muito similar ao tamanho de outros peixes tetra, com expectativa de vida de 3 a 5 anos. Em condições ideais, apresenta um brilho intenso no corpo vermelho e na linha azul que cobre toda a extensão sup"
https://www.kauar.com.br/agua-doce/tetras-e-rasboras/tetra-neon-innesi-paracheirodon-innesi,peixe_ou_camarao,Tetra Neon Innesi JUMBO!!! (reproduzido em aquários),Paracheirodon innesi,,,,,,4.0 a 7.,4.0,7.0,23ºC a 30ºC,23.0,30.0,,,,,,,,Cascudos e Coridoras,https://images.tcdn.com.br/img/img_prod/749804/tetra_neon_innesi_jumbo_reproduzido_em_aquarios_2_5_a_4_cm_paracheirodon_innesi_371_1_fc4317e9aae7ad349cfb30b71e8d2532.jpg,,"Tetra Neon Innesi (Paracheidon Innesi)
O Tetra Neon Innesi é uma espécie de cardume e temperamento pacífico. Por isso, convive muito bem com outros peixes tetras da mesma espécie e outros peixes tetras em aquários comunitários. É um peixe também conhecido como Tetra Neon Verdadeiro e pertence à ordem Characiformes e família dos Caracídeos. O Tetra Neon Innesi é encontrado na Bacia Amazônica, com expectativa de vida de até 5 anos.
Comportamento e convivência com outras espécies
Como outros peixes tetras, o Tetra Neon Innesi é uma espécie de cardume e temperamento pacífico. Por isso, convive mui"
https://www.kauar.com.br/agua-doce/tetras-e-rasboras/tetra-neon-negro-hyphessobrycon-herbertaxelrodi,peixe_ou_camarao,Tetra Neon Negro,Hyphessobrycon herbertaxelrodi,,,,,,5.5,5.5,5.5,24ºC a 28ºC,24.0,28.0,,,,,,,,,https://images.tcdn.com.br/img/img_prod/749804/tetra_neon_negro_2_5_a_3_cm_hyphessobrycon_herbertaxelrodi_911_1_d3b0830114eba931ed516fe7e8aa8ce9.jpg,,"Neon Negro, um peixe cheio de brilho para seu aquário
O Neon Negro (Hyphessobrycon herbetaxelrodi)
é um peixinho clássico do aquarismo de água doce. Em seu habitat natural, nada em águas negras com densa vegetação de folhas, troncos e raízes. Possui um brilho prata característico e um linha negra que percorre todo seu corpo e inspirou seu nome popular.  O macho é ligeiramente menor que a fêmea e mais retilíneo. Em seu aquário, a expectativa de vida é de até 3 anos e tamanho máximo de cerca de 3cm.
Comportamento e convivência com outras espécies
É uma espécie de cardume e em seu aquário ficará "
https://www.kauar.com.br/agua-doce/tetras-e-rasboras/tetra-olho-de-fogo-balao-pequeno,peixe_ou_camarao,Tetra Olho de Fogo Balão Pequeno,,,,,,,6.0 a 7.0,6.0,7.0,22ºC a 27ºC,22.0,27.0,,,,,,,,,https://images.tcdn.com.br/img/img_prod/749804/tetra_olho_de_fogo_balao_pequeno_103_1_c193bc8a4a271e9c2f2917e21e6c2086.jpg,,"Tetra Olho de Fogo Balão
Peixes de Aquário
Peixes de Água Doce
Origem:
América do Sul.
Características:
O Tetra Olho de Fogo Balão é um peixe tranquilo, pequeno e ágil. Parece estar sempre ""de bem com a vida"", nadando tranquilo durante todo o tempo. Esse peixe de água doce é muito bonito e brilhante, todo translucido, a luminosidade de seu corpo é encantadora, é uma verdadeira lanterninha submarina"".
Comportamento e convivência com outras espécies:
é uma espécie de cardume, de comportamento pacífico que, que convive muito bem em aquário comunitários, especialmente, com outros tetras. Mantenha,"
https://www.kauar.com.br/agua-doce/tetras-e-rasboras/tetra-panda-anao-tetra-paraguaio-aphyocharax-paraguayensis,peixe_ou_camarao,Tetra Panda Anão,Aphyocharax nattereri,,,,,,6.4 a 7.4,6.4,7.4,23ºC a 30ºC,23.0,30.0,,,,,,,,Cascudos e Coridoras,https://images.tcdn.com.br/img/img_prod/749804/tetra_anao_panda_tetra_paraguaio_2_a_3_cm_aphyocharax_paraguayensis_2536_1_abc5a51aed735e30988a7d9e472d248d.jpg,,"Tetra Panda
Anão:
Conheça o pequeno Tetra Panda
Anão
, novo queridinho dos amantes de peixes pequenos, e aquários nanos
O Tetra Panda
Anão
(
Aphyocharax
nattereri
), também conhecido como Tetra Paraguaio, é um pequeno peixe natural do Rio Paraguai, que encanta aquaristas pelo seu tamanho diminuto, geralmente fica entre 3 a 4 cm, comportamento tranquilo e cores vibrantes. Perfeito para aquários nanos, plantados e comunitários. Perfeito para aquaristas iniciantes, pois é uma espécie muito resistente
Nome popular:
Tetra Panda
Anão
Nome científico:
Aphyocharax
nattereri
Ordem;
Characiformes
Famíli"
https://www.kauar.com.br/agua-doce/tetras-e-rasboras/tetra-peugeot-hyphessobrycon-peugeot-radiante-e-brilhante,peixe_ou_camarao,Tetra Peugeot,Hyphessobrycon peugeot,,,,,,6.0 a 7.5,6.0,7.5,23ºC a 28ºC,23.0,28.0,,,,,,,,,https://images.tcdn.com.br/img/img_prod/749804/tetra_peugeot_2_a_3_cm_hyphessobrycon_peugeot_radiante_e_brilhante_2510_1_7a7a1889ba2d3f779b4d7bb5b664a236.jpg,,"Tetra Peugeot, um Tetra Pacífico e resistente, perfeito para seu aquário
O Tetra Peugeot é um peixe brasileiro, da bacia do Rio Tapajós. Ele alcança um tamanho máximo de 4 cm e possui expectativa de vida de 3 a 5 anos. O Tetra Peugeot é um peixe ornamental que vem conquistando o coração dos aquaristas de água doce, catalogado em 2013, é um peixe, relativamente novo no universo do aquarismo. Em condições ideias, apresenta um brilho intenso avermelhado, com o pendúculo caudal e cauda negra.
COMPORTAMENTO E CONVIVÊNCIA COM OUTRAS ESPÉCIES
Como outros tetras, o Tetra Peugeot é uma espécie de cardu"
https://www.kauar.com.br/agua-doce/tetras-e-rasboras/tetra-phaenota-moenkhausia-phaenota,peixe_ou_camarao,Tetra Phaenota,Moenkhausia phaenota,,,,,,6.0 a 7.4,6.0,7.4,23ºC a 30ºC,23.0,30.0,,,,,,,,,https://images.tcdn.com.br/img/img_prod/749804/tetra_phaenota_3_a_4_cm_moenkhausia_phaenota_2542_1_6949bbfbc8619bf0afceded20a4b8fc6.jpg,,"Tetra Phaenota: Venha conhecer e se apaixonar por esse lindo Tetra, e descobrir sua beleza fascinante.
O Tetra Phaenota é um verdadeiro destaque visual no aquário, com uma coloração vibrante que combina tons de prata reluzente com nuances de purpura, vermelho, preto e alaranjado em seu corpo alongado e esguio. Suas nadadeiras, especialmente a dorsal, podem apresentar tons escuros com detalhes translúcidos, criando um contraste que brilha sob a iluminação adequada. A intensidade das cores pode ser amplificada com uma boa alimentação e manter com outros
Tetras Phaenotas. Por seu um peixe de card"
https://www.kauar.com.br/agua-doce/tetras-e-rasboras/tetra-pinguim-balao-thayeria-boehlkei,peixe_ou_camarao,Tetra Pinguim,Thayeria Boehlkei,,,,,,6.0 a 7.6,6.0,7.6,22ºC a 28ºC,22.0,28.0,,,,,,,,,https://images.tcdn.com.br/img/img_prod/749804/tetra_pinguim_thayeria_boehlkei_101_1_1dd213d9648f26c157b57f14adf7c9b2.jpg,,"Tetra Pinguim
Peixes de Aquário
Peixes de Água Doce
Imagens ilustrativas : @jjphoto.dk
Origem:
América do Sul.
Características:
O Tetra Pinguim é um peixe sociável, e de cardumes, portanto são bons para serem mantidos em aquários comunitários. Esse peixe de água doce pode viver em seu aquário por cerca de 3 a 5 anos.
Comportamento e convivência com outras espécies
: é uma espécie de cardume, de comportamento pacífico que, que convive muito bem em aquário comunitários, especialmente, com outros tetras. Mantenha, pelo menos, cerca de 10 indivíduos em seu aquário, para que as cores dos tetras fiq"
https://www.kauar.com.br/agua-doce/tetras-e-rasboras/tetra-rainbow-super-red-2-5-a-3-cm-hyphessobrycon-melanostichos-um-tetra-maravilhoso,peixe_ou_camarao,Tetra Rainbow Super Red,Hyphessobrycon melanostichos,,,,,,"5,5 a 7,0",5.5,7.0,20ºC e 30ºC,20.0,30.0,,,,,,,,,https://images.tcdn.com.br/img/img_prod/749804/tetra_rainbow_super_red_25_a_3_cm_hyphessobrycon_1_20250813171331_7c0ce2e695a8.jpeg,,"Tetra Rainbow Super Red, um peixe maravilhoso e brilhante que une beleza e elegância, com uma coloração exuberante.
O Tetra Rainbow Red é um dos Tetras mais coloridos que encontramos no mercado brasileiro.
Ele p
ossui um corpo que bastante a atenção, com uma faixa escura percorre todo o seu corpo, contrastando com sua
parte dorsal que é bastante colorida, com nuances azuis e furtacor, e o penduculo e a calda que vão do laranja escuro ao vermelho, dando um contrate que chama bastante a atenção. Essa variedade de cores inspirou seu nome popular, Rainbow super Red. Esse peixe pode alcançar um tam"
https://www.kauar.com.br/agua-doce/tetras-e-rasboras/tetra-rubra-moenkhausia-rubra,peixe_ou_camarao,Tetra Rubra,Moenkhausia rubra,,,,,,6.0 a 7.5,6.0,7.5,23ºC a 28ºC,23.0,28.0,,,,,,,,,https://images.tcdn.com.br/img/img_prod/749804/tetra_rubra_2_a_3_cm_moenkhausia_rubra_1_20250913122211_8cec60f22188.jpg,,"Tetra Rubra, um peixe incrível que não encontramos com facilidade no mercado
O Tetra Rubra é um peixe nativo do Brasil, que encanta por seu comportamento e cores. Muito conhecido por seu comportamento pacífico, e uma coloração vermelha vibrante que o destaca bastante. É uma ótima opção para aquários comunitários, amazônicos e plantados. Se esta buscando um peixe de cardume ativo e colorido, o Tetra Rubra é o que você esta procurando.
Nome popular:
Tetra Rubra
Nome científico:
Moenkhausia rubra
Ordem;
Characiformes
Família:
Acestrorhamphidae
Origem:
América do Sul, bacia do Rio Tapajós
Alimenta"
https://www.kauar.com.br/agua-doce/tetras-e-rasboras/tetra-sangue-vermelho-brittanichthys-axelrodi-novidade,peixe_ou_camarao,Tetra Sangue Vermelho,Brittanichthys axelrodi,,,,,,4.5 a 6.8,4.5,6.8,22ºC a 30ºC,22.0,30.0,,,,,,,,,https://images.tcdn.com.br/img/img_prod/749804/tetra_sangue_vermelho_2_a_3_cm_brittanichthys_ax_1_20250924141806_4af973aede0b.jpg,,"Com um corpo transparente uma calda vermelha sangue, o Tetra Sangue Vermelho será a estrela do seu aquário.
Nativo das águas negras do Amazônia o Tetra Sangue Vermelho possui um corpo esquio e translucido, com uma calda vermelha que dá um contraste incrível e chamativo, fazendo dele um peixe único. Esse contraste acontece principalmente em cardume, quando todos nadam juntos, e as cores vermelhas chamam bastante a atenção. É uma espécie muito valorizada por aquaristas do mundo todo, por ser um peixe bonito e tranquilo
.
Quando adulto fica em media entre 2,5 a 3 cm, um tamanho pequeno, e isso o "
https://www.kauar.com.br/agua-doce/tetras-e-rasboras/tetra-sangue-vermelho-brittanichthys-myersi,peixe_ou_camarao,Tetra Sangue Vermelho,Brittanichthys myersi,,,,,,4.0 a 6.5,4.0,6.5,22ºC e 28ºC,22.0,28.0,,,,,,,,,https://images.tcdn.com.br/img/img_prod/749804/tetra_sangue_vermelho_brittanichthys_myersi_437_1_8efb8f3fb41504a4a4e42453810d6042.jpg,,"Tetra Sangue Vermelho
Peixes de Aquário
Peixes Ornamentais
Tamanho: 3 cm
Origem:
América do Sul, Bacia do Rio Negro
Características:
o Tetra Sangue Vermelho é um peixinho clássico do aquarismo. Em seu habitat natural, nada em águas negras com densa vegetação de folhas, troncos e raízes. Possui um brilho prata característico e marcações em vermelho que serviram de inspiração para seu nome popular. O macho é ligeiramente maior que a fêmea e possui cores mais vívidas. Em seu aquário, a expectativa de vida é de até 3 anos e tamanho máximo de cerca de 3cm.
Comportamento e convivência com outras esp"
https://www.kauar.com.br/agua-doce/tetras-e-rasboras/tetra-savana-hyphessobrycon-stegemanni,peixe_ou_camarao,Tetra Savana,Hyphessobrycon stegemanni,,,,,,"6.5 a 7,0",6.5,7.0,22ºC a 30ºC,22.0,30.0,,,,,,,,,https://images.tcdn.com.br/img/img_prod/749804/tetra_savana_2_a_25_cm_hyphessobrycon_stegemanni_1_20251230145301_93483ca45e27.png,,"Tetra Savana, um peixe de água doce para seu aquário
O Tetra Savana é um tetra que se destaca por sua aparência elegante e comportamento tranquilo. Possui um corpo levemente alongado, e realces de cores azuis, prateados e acinzentados, e uma faixa escura que percorre todo seu corpo. Suas barbatanas dorsal e anal são compridas, o que lhe dá um formato triangular, essas possuem as pontas brancas, e forma um belo contraste, que se destaca bastante. É um peixe de comportamento pacifico, nada em cardume bem juntos, principalmente quando se sentem ameaçados, o ideal é que seja mantido com ao menos 6"
https://www.kauar.com.br/agua-doce/tetras-e-rasboras/tetra-silver-tip-hasemania-nana,peixe_ou_camarao,Tetra Silver Tip,Hasemania nana,,,,,,6.0 a 7.6,6.0,7.6,22ºC e 28ºC,22.0,28.0,,,,,,,,,https://images.tcdn.com.br/img/img_prod/749804/tetra_silver_tip_hasemania_nana_369_1_da37da01b42e1030da9de32617f828e1.jpg,,"Tetra Silver Tip, um tetra dourado e cheio de energia para seu aquário!
O Tetra Silver Tip, também conhecido como Tetra Cobre, é um peixinho clássico do aquarismo de água doce. O macho é ligeiramente maior que a fêmea e possui cores mais vívidas. Em seu aquário, a expectativa de vida é de 5 anos ou mais. Ele é natural da Bacia do São Francisco.
Comportamento e convivência com outras espécies
É uma espécie de cardume e em seu aquário ficará muito mais feliz se estiver na companhia de outros companheiros da mesma espécie e outros peixes igualmente pacíficos. Aqui na Kauar você encontra várias es"
https://www.kauar.com.br/agua-doce/tetras-e-rasboras/tetra-skolioplatus-hyphessobrycon-skolioplatus-super-novidade-poucas-unidades,peixe_ou_camarao,Tetra Skolioplatus,Hemigrammus skolioplatus,,,,,,6.0 a 7.5,6.0,7.5,24ºC a 28ºC,24.0,28.0,,,,,,,,Tetra Nen Innesi; Tetra Red Cherry; Peixe Borboleta; Cascudos e Coridoras,https://images.tcdn.com.br/img/img_prod/749804/tetra_skolioplatus_3_a_4_cm_hyphessobrycon_skolioplatus_super_novidade_poucas_unidades_2558_1_d0ebfe44563ec4c1b30f6388ac7e92d2.png,,"TETRA SKOLIOPLATUS, UM PEIXE MARAVILHOSO, UM TESOURO A SER DESVENDADO, VAI DAR MAIS VIDA AO SEU AQUÁRIO DE ÁGUA DOCE
O Tetra Skolioplatus, Hemigrammus
skolioplatus, é uma novidade no mundo do aquarismo, peixe muito raro e difícil de encontrar no mercado brasileiro. Com seu corpo prateado levemente translúcido e um brilho metálico, ele se destaca em aquários plantados, refletindo a luz com elegância e suavidade. É uma espécie de comportamento pacífico, como a maioria dos Tetras, e natação elegante, ideal para quem busca um cardume tranquilo e visualmente encantador, que marca presença dentro do"
https://www.kauar.com.br/agua-doce/tetras-e-rasboras/tetra-tucano-tucanoichthys-tucano,peixe_ou_camarao,Tetra Tucano,Tucanoichthys tucano,,,,,,4.4 a 6.0,4.4,6.0,22°C a 28°C,22.0,28.0,,,,,,,,,https://images.tcdn.com.br/img/img_prod/749804/tetra_tucano_1_a_2_cm_tucanoichthys_tucano_909_1_aa0eae08295e7fde6589b2cb4634cc18.jpg,,"Tetra Tucano
Peixes de Água Doce |
Peixes de Aquário
Tamanho: em média 1,0 cm
Origem
:
América do Sul.
Características:
o Tetra Tucano alcança no máximo 2 cm e recebeu esse nome devido às suas cores e marcações que lembram as da ave, em especial, a mancha em tom laranja muito forte na região da cabeça. Em seu aquário, podem viver de 3 a 5 anos.
Comportamento e convivência com outras espécies:
o Tetra Tucano é uma espécie muito calma, cardumeira, que formam hierarquia livre, com machos em constante disputa pela atenção das fêmeas do grupo. Mantenha pelo menos 10 exemplares para seu aquário. Ass"
https://www.kauar.com.br/agua-doce/tetras-e-rasboras/tetra-ulrey-hemigrammus-ulreyi,peixe_ou_camarao,Tetra Ulrey,Hemigrammus ulreyi,,,,,,6.4 a 7.4,6.4,7.4,23ºC a 30ºC,23.0,30.0,,,,,,,,Cascudos e Coridoras,https://images.tcdn.com.br/img/img_prod/749804/tetra_ulrey_2_a_3_cm_hemigrammus_ulreyi_raro_2534_1_12e3b871b9cf6c9aa7a246875cf01c65.jpeg,,"Tetra Ulrey: Um peixinho encantador e radiante, que levará ainda mais vida e brilho ao seu aquário
O Tetra Ulrey, é o nome popular do
Hemigrammus ulreyi
. Uma joia ainda pouco conhecida no aquarismo nacional. Originário da bacia do Rio Paraguai, possui um chame luminoso, um corpo alongado exibe tons prateados e translúcidos, atravessado por uma faixa horizontal, que brilha suavemente sob a luz do aquário. Essa linha iridescente é seu traço mais marcante, e fica ainda mais forte em grupo, criando um belíssimo efeito visual.
Nome popular:
Tetra Ulrey
Nome científico:
Hemigrammus ulreyi
Ordem;
Ch"
https://www.kauar.com.br/agua-doce/tetras-e-rasboras/tetra-xavante-psalidodon-xavante,peixe_ou_camarao,Tetra Xavante,Psalidodon xavante,,,,,,6.5 a 7.4,6.5,7.4,24ºC a 28ºC,24.0,28.0,,,,,,,,,https://images.tcdn.com.br/img/img_prod/749804/tetra_xavante_2_a_3_cm_psalidodon_xavante_1_20260227161017_937329cadc88.jpeg,,"Tetra Xavante e cheio de energia e elegância. Possui um comportamento agitado e ativo. Leve mais movimento e luminosidade para seu aquário!
O Tetra Xavante, Psalidodon xavante, é um peixe bonito e resistente. Endêmica da bacia do Araguari recebeu esse nome como forma de homenagear a resiliência e força do povo Xavante. Ele possui um corpo prateado, com reflexos metálicos, com realces rosa e amarelo. Uma mancha umeral escura, que percorre seu corpo quase todo. Um peixe de personalidade ativa, que é sempre destaque no aquário
.
Quer saber mais sobre o Tetra Xavante e os cuidados da Kauar? A baix"
https://www.kauar.com.br/agua-doce/tetras-e-rasboras/tetra-yellow-devil-hyphessobrycon-notidanos-2-a-3-cm,peixe_ou_camarao,Tetra Yellow Devil,Hyphessobrycon notidanos,,,,,,6.0 a 7.5,6.0,7.5,23ºC a 28ºC,23.0,28.0,,,,,,,,Tetra Nen Innesi; Tetra Red Cherry; Peixe Borboleta; Cascudos e Coridoras,https://images.tcdn.com.br/img/img_prod/749804/tetra_yellow_devil_hyphessobrycon_notidanos_2_a_1_20250804184148_0996a2cb1475.jpg,,"TETRA YELLOW DEVIL, UM PEIXE MARAVILHOSO PARA SEU AQUÁRIO DE ÁGUA DOCE
O Tetra Yellow Devil é encontrado, na natureza, no Rio Tapajós. Essa espécie foi catalogada somente em 2006, sendo, portanto, relativamente nova no aquarismo. Em condições ideais, apresenta um brilho magenta intenso e nuances azuis, com tons amarelados por todo o corpo. Esse brilho característico inspirou seu nome popular. Na natureza ocorre junto do
Tetra Red Devil
.
Nome popular:
Tetra Yellow Devil
Nome científico:
Hyphessobrycon notidanos
Ordem;
Characiformes
Família:
Characidae (Caracídeos)
Origem:
Bacia do Rio Tapajós,"
https://www.kauar.com.br/agua-doce/tetras-e-rasboras/tetra-zigzag-hyphessobrycon-hexastichos-novidade,peixe_ou_camarao,Tetra parauapiranga,Hyphessobrycon hexastichos,,,,,,6.0 a 7.5,6.0,7.5,22ºC a 30ºC,22.0,30.0,,,,,,,,Cascudos e Coridoras,https://images.tcdn.com.br/img/img_prod/749804/tetra_zig_zag_2_a_3_cm_hyphessobrycon_hexastichos_super_novidade_2546_1_7ee835816a40f6fe50f733711c4bc9c6.jpg,,"O Tetra Zig Zag(
Hyphessobrycon hexastichos) possui uma
beleza única entre os Tetras, venha descobrir mais sobre ele
Nativo do Alto Rio Tapajós, o Tetra Zig Zag vem conquistando aquaristas do mundo todo, esse peixe possui características únicas entre os Tetras. Sua coloração é sem dúvida um de seus maiores atrativos, possui cores bem vibrantes e chamativas, que vão do vermelho, azul, prateado, separadas por
linhas escuras longitudinais, de modo alternadas
, alternadas, daí vem o seu nome popular. Por ser um peixe de cardume, recomendamos que seja mantido acima de 6 indivíduos. Aquários acima d"
https://www.kauar.com.br/aquapaisagismo/botanicos/anubia-nana-anubias-barteri,planta_ou_aquascape,Anúbia Nana,Anubias barteri,,,,,,5.7 a 8.0,5.7,8.0,20 a 30ºC,20.0,30.0,,,,fraca a média,,,,,https://images.tcdn.com.br/img/img_prod/749804/anubia_nana_anubias_barteri_porcao_2339_1_b24a6b0a4b406a496288b50474faed76.jpg,,"ANÚBIA NANA
Anubias Barteri na variedade Nana é uma das Anúbias mais populares no hobby. A Anúbia Nana prosperará em luz baixa a média e seu rizoma crescerá lentamente horizontalmente em seu aquário enquanto envia hastes altas em direção à luz.
Anubias Barteri Nana
Porção: 2 mudas
Iluminação: fraca a média
pH: 5.7 a 8.0
Temperatura: 20 a 30ºC
Que tal incluir a Anúbia Nana agora mesmo em seu aquário? Aproveite para ampliar a fauna com
peixes
que vão curtir demais esta novidade no seu plantado."
https://www.kauar.com.br/aquapaisagismo/botanicos/bolsa-de-pastor,planta_ou_aquascape,Bolsa de Pastor,,,,,,,,,,,,,,,,,,,,,https://images.tcdn.com.br/img/img_prod/749804/bolsa_de_pastor_aquapaisagismo_807_1_5b2eb2a9516e3a5ec97f48144c2f3a85.jpg,,"Bolsa de Pastor
|
Aquapaisagismo | Aquário Biótopo | Biótopo Amazônico | Aquascape | Hardscape
Embalagem com 1 unidade do botânico Bolsa de Pastor pesando aproximadamente 25 g.
Esse botânico bem resistente habitará seu aquário biótopo por muito tempo. Com casca dura em castanho intenso e interior dourado, a bolsa de pastor é um lindo elemento natural de aquapaisagismo e um ótimo abrigo para seus peixes ornamentais. A bolsa de pastor é originada do Ipê-felpudo, árvore que ocorre naturalmente nas regiões da Bahia, Espírito Santo, Minas Gerais, Paraná e São Paulo.
Aqui na Kauar você encontra lind"
https://www.kauar.com.br/aquapaisagismo/botanicos/capa-de-fava,planta_ou_aquascape,Capa de Fava,,,,,,,,,,,,,,,,,,,,,https://images.tcdn.com.br/img/img_prod/749804/capa_de_fava_aquapaisagismo_793_1_ac22956d0fc2e27c0064fd03865c7cce.png,,"Fava | Biótopos Amazônicos | Aquascape | Hardscape | Ornamentação de Aquário | Aquapaisagismo
Embalagem com 2 unidades do botânico Fava pesando aproximadamente 30 g no total. Cada unidade mede aproximadamente 22 cm.
Aqui na Kauar você encontra lindos
botânicos
para a criação de aquários de águas negras, ricos em taninos. Aproveite também e confira nossa linha de
peixes amazônicos e condicionadores de água.
Antes de colocar os botânicos em seu aquário, você precisa fazer uma breve preparação. Primeiro, abra os pacotes com cuidado. Depois lave-os em água corrente e ferva os elementos naturais po"
https://www.kauar.com.br/aquapaisagismo/botanicos/capote-de-coqueiro,planta_ou_aquascape,Capote de Coqueiro,,,,,,,,,,,,,,,,,,,,,https://images.tcdn.com.br/img/img_prod/749804/capote_de_coqueiro_aquapaisagismo_805_1_16af0eda3168e78131f0ea09b86efffa.png,,"Capote de Coqueiro |
Aquapaisagismo | Aquário Biótopo | Biótopo Amazônico
|
Aquascape | Hardscape
Embalagem contendo 1 unidade do botânico Capote de Coco pesando aproximadamente 20g.
Aqui na Kauar você encontra lindos
botânicos
para a criação de aquários de águas negras, ricos em taninos. Aproveite também e confira nossa linha de
peixes amazônicos
e
condicionadores de água.
Preparação:
Também conhecido como casca de coqueiro, esse botânico em forma de canoa é um elemento de aquapaisagismo muito original e resistente para seu aquário. Encontrado em todo Brasil, o coqueiro (Cocos nucifera), é um"
https://www.kauar.com.br/aquapaisagismo/botanicos/casca-estrelinha,planta_ou_aquascape,Casca Estrelinha,,,,,,,,,,,,,,,,,,,,,https://images.tcdn.com.br/img/img_prod/749804/casca_estrelinha_aquapaisagismo_797_1_f8f744d459309addce9fcc2aed43943a.png,,"Casca Estrelinha | Aquapaisagismo | Aquário | Aquário Biótopo | Aquário Amazônico | Aquascape | Hardscape
Embalagem com 60 g do botânico Semente de Estrelinha contendo aproximadamente 30 unidades. Cada unidade mede aproximadamente 5 cm.
Aqui na Kauar você encontra lindos
botânicos
para a criação de aquários de águas negras, ricos em taninos. Aproveite também e confira nossa linha de
peixes amazônicos
e
condicionadores de água.
Preparação
Antes de colocar os botânicos em seu aquário, você precisa fazer uma breve preparação. Primeiro, abra os pacotes com cuidado. Depois lave-os em água corrente "
https://www.kauar.com.br/aquapaisagismo/botanicos/casca-pereirinha,planta_ou_aquascape,Casca Pereirinha,,,,,,,,,,,,,,,,,,,,,https://images.tcdn.com.br/img/img_prod/749804/casca_pereirinha_aquapaisagismo_819_1_3d802d6233284532026e872d33b88f8d.png,,"Semente de Pereirinha |
Aquapaisagismo | Aquário | Aquário Biótopo | Biótopo Amazônico
| Aquascape | Hardscape
Embalagem com 3 unidades do botânico Semente de Pereirinha pesando aproximadamente 40 g no total. Cada unidade mede aproximadamente 6 cm.
Aqui na Kauar você encontra lindos
botânicos
para a criação de aquários de águas negras, ricos em taninos. Aproveite também e confira nossa linha de
peixes amazônicos
e
condicionadores de água.
Esse lindo elemento natural de aquapaisagismo é um botânico bem resistente, em formato de coração e aparência aveludada, vai conquistar você. Em seu aquário,"
https://www.kauar.com.br/aquapaisagismo/botanicos/folha-de-catappa,planta_ou_aquascape,Folha de Catappa  C/ 6 folhas,,,,,,,,,,,,,,,,,,,,,https://images.tcdn.com.br/img/img_prod/749804/folha_de_catappa_aquapaisagismo_1904_1_ac948b934cbce9834b10f714a5370540.jpg,,"Folha
de Catappa
|
Aquapaisagismo | Aquário Biótopo | Biótopo Amazônico
|
Aquascape | Hardscape
Embalagem contendo 6 folhas de
Catappa,
tamanhos variados, aproximadamente 14 g.
Aqui na Kauar você encontra lindos
botânicos
para a criação de aquários de águas negras, ricos em taninos. Aproveite também e confira nossa linha de
peixes amazônicos
e
condicionadores de água.
A
Catappa, também conhecida como Amêndoa Indiana, e Amendoeira de Praia e
Castanheira,
é uma planta muito utilizada no mundo para fins ornamentais e medicinais. Sua folha é um poderoso antifúngico, além disso rica em
flavonóides,"
https://www.kauar.com.br/aquapaisagismo/botanicos/folha-de-espinheira-santa,planta_ou_aquascape,Folha de Espinheira Santa,,,,,,,,,,,,,,,,,,,,,https://images.tcdn.com.br/img/img_prod/749804/folha_de_espinheira_santa_aquapaisagismo_809_1_b179e5ee9da6ee9688b997f922203552.png,,"Folha de Espinheiro Santa |
Aquapaisagismo | Aquário Biótopo | Biótopo Amazônico
|
Aquascape | Hardscape
Embalagem com  25 g contendo aproximadamente 27 folhas de tamanhos variados do botânico Folha de Espinheira Santa.
Aqui na Kauar você encontra lindos
botânicos
para a criação de aquários de águas negras, ricos em taninos. Aproveite também e confira nossa linha de
peixes amazônicos
e
condicionadores de água.
A espinheira santa é uma planta muito utilizada no Brasil para fins ornamentais e medicinais. Sua textura é bastante marcante e suas formas delicadas . A espécie prefere solos úmidos em "
https://www.kauar.com.br/aquapaisagismo/botanicos/folha-do-cerrado,planta_ou_aquascape,Folha  Coração,,,,,,,,,,,,,,,,,,,,,https://images.tcdn.com.br/img/img_prod/749804/folha_do_cerrado_aquapaisagismo_801_1_f63b32eaad3cc8a23045bafc5122fe32.png,,"Folha Coração | Aquapaisagismo | Aquário Biótopo | Biótopo Amazônico | Aquascape | Hardscape
Embalagem com 15 g do botânico Folha Coração, contendo aproximadamente  180 unidades de folhas por embalagem.
Aqui na Kauar você encontra lindos
botânicos
para a criação de aquários de águas negras, ricos em taninos. Aproveite também e confira nossa linha de
peixes amazônicos
e
condicionadores de água.
A folha do cerrado é um elemento de aquapaisagismo leve, delicado em formato de coração. Você poderá criar lindos layouts ampliando as composições estéticas em seu aquário biótopo, combinando-as com outr"
https://www.kauar.com.br/aquapaisagismo/botanicos/folha-moeda,planta_ou_aquascape,Folha Moeda,,,,,,,,,,,,,,,,,,,,,https://images.tcdn.com.br/img/img_prod/749804/folha_moeda_aquapaisagismo_799_1_f5b784e9b710a0d44169831489bb7240.png,,"Folha Moeda | Aquapaisagismo | Aquário | Aquário Biótopo | Biótopo Amazônico | Aquascape | Hardascape
Embalagem com 15g, contendo em média de 100 a 150 folhas.
Aqui na Kauar você encontra lindos
botânicos
para a criação de aquários de águas negras, ricos em taninos. Aproveite também e confira nossa linha de
peixes amazônicos
e
condicionadores de água.
Com folhas redondas que se assemelham a grandes moedas, esse delicado botânico é derivado da árvore Chamaecrista orbiculata que tem tronco geralmente curto e tortuoso. Combinada com outros elementos naturais de aquapaisagismo, as folhas moeda dar"
https://www.kauar.com.br/aquapaisagismo/botanicos/jacaranda-gigante,planta_ou_aquascape,Jacarandá Gigante,,,,,,,,,,,,,,,,,,,,,https://images.tcdn.com.br/img/img_prod/749804/jacaranda_gigante_aquapaisagismo_803_1_e49b50d802e4e20f9364a6a537acb5a6.png,,"Jacarandá Gigante | Aquapaisagismo | Aquário Biótopo | Biótopo Amazônico | Aquascape | Hardscape
Embalagem com 2 unidades do botânico Jacarandá Gigante pesando aproximadamente 50 g no total. Cada unidade mede aproximadamente 8 cm.
Aqui na Kauar você encontra lindos
botânicos
para a criação de aquários de águas negras, ricos em taninos. Aproveite também e confira nossa linha de
peixes amazônicos
e
condicionadores de água.
De casca dura e resistente, com coloração quase dourada e detalhes mais claros nas bordas esse botânico advindo do Jacarandá Gigante traz um ar exótico e e marcante para seu a"
https://www.kauar.com.br/aquapaisagismo/botanicos/jacaranda-mimoso,planta_ou_aquascape,Jacarandá Mimoso,,,,,,,,,,,,,,,,,,,,,https://images.tcdn.com.br/img/img_prod/749804/jacaranda_mimoso_aquapaisagismo_817_1_9f037ace2b63d5be3dfacfe040082db9.png,,"Jacarandá Mimoso | Aquapaisagismo | Aquário | Aquário Biótopo | Biótopo Amazônico | Aquascape | Hardscape
Embalagem com 4 unidades do botânico Jacarandá Mimoso pesando no total aproximadamente 40 g. Cada unidade mede aproximadamente 7 cm.
Aqui na Kauar você encontra lindos
botânicos
para a criação de aquários de águas negras, ricos em taninos. Aproveite também e confira nossa linha de
peixes amazônicos
e
condicionadores de água.
Olha que botânico incrível para seu aquário biótopo. A cápsula do jacarandá mimoso é muito dura, com coloração exterior em um tom castanho muito profundo. No interior,"
https://www.kauar.com.br/aquapaisagismo/botanicos/musgo-de-java,planta_ou_aquascape,Musgo de Java,,,,,,,5.7 a 8.0,5.7,8.0,20 a 30ºC,20.0,30.0,,,,forte a fraca,,,,,https://images.tcdn.com.br/img/img_prod/749804/musgo_de_java_porcao_2096_1_c690bcd141b5c2baeffd8dace45f3097.jpg,,"MUSGO DE JAVA
O Musgo de Java é uma planta de água doce nativa do Sudeste da Ásia
.
Possui
uma grande resistência e fácil manutenção, o que a torna uma das plantas mais utilizadas por aquapaisagistas em todo o mundo.
Com pouca demanda de luz e sem requisitos de parâmetros específicos, o Musgo de Java é uma ótima opção para quem trabalha com plantas vivas pela primeira vez.
Ele é bem fácil de plantar, bastando, para isso, fixá-la em troncos ou rochas.
Com o tempo, o Musgo de Java vai se
agarrando ao local
, se mantendo bem preso
.
Pode ser mantida em praticamente todo tipo de água (ácida, neutr"
https://www.kauar.com.br/aquapaisagismo/botanicos/pau-terra-mirim,planta_ou_aquascape,Pau-Terra Mirim,,,,,,,,,,,,,,,,,,,,,https://images.tcdn.com.br/img/img_prod/749804/pau_terra_mirim_aquapaisagismo_811_1_cddb0ca7dd78f2dca92a22f5bce6fcaf.png,,"Pau-Terra Mirim | Aquapaisagismo | Aquário | Aquário Biótopo | Biótopo Amazônico | Aquascape | Hardscape
Embalagem com 60 g do botânico Pau-Terra Mirim, contendo aproximadamente 35 unidades. Cada unidade mede aproximadamente 3 cm.
Aqui na Kauar você encontra lindos
botânicos
para a criação de aquários de águas negras, ricos em taninos. Aproveite também e confira nossa linha de
peixes amazônicos
e
condicionadores de água.
Esse botânico mirim possui cores e texturas que vão encantar você e criar um substrato muito natural em seu aquário biótopo. Na parte externa, possui uma superfície muito dura"
https://www.kauar.com.br/aquapaisagismo/botanicos/semente-de-bromelia,planta_ou_aquascape,Semente de Bromélia,,,,,,,,,,,,,,,,,,,,,https://images.tcdn.com.br/img/img_prod/749804/semente_de_bromelia_aquapaisagismo_791_1_22202b4d8ae45cde06e947824588ceba.png,,"Semente de Bromélia | Biótopos Amazônicos | Aquascape | Hardscape | Ornamentação de Aquário | Aquapaisagismo
Embalagem com aproximadamente 30 unidades do botânico Semente de Bromélia pesando aproximadamente 10 g no total. Cada unidade mede aproximadamente 2,5 cm.
Aqui na Kauar você encontra lindos
botânicos
para a criação de aquários de águas negras, ricos em taninos. Aproveite também e confira nossa linha de
peixes amazônicos
e
condicionadores de água.
PREPARAÇÃO
Antes de colocar os botânicos em seu aquário, você precisa fazer uma breve preparação. Primeiro, abra os pacotes com cuidado. Depoi"
https://www.kauar.com.br/aquapaisagismo/botanicos/vagem-caracol,planta_ou_aquascape,Vagem Caracol,,,,,,,,,,,,,,,,,,,,,https://images.tcdn.com.br/img/img_prod/749804/vagem_caracol_aquapaisagismo_795_1_cfd4c6b1c64cb75220700dfc72809bcd.png,,"Vagem Caracol | Aquapaisagismo | Aquário | Aquário Biótopo | Biótopo Amazônico | Aquascape | Hardscape
Embalagem com 4 unidades do botânico Vagem Caracol pesando aproximadamente 30 g no total. Cada unidade mede aproximadamente 15 cm.
Aqui na Kauar você encontra lindos
botânicos
para a criação de aquários de águas negras, ricos em taninos. Aproveite também e confira nossa linha de
peixes amazônicos
e
condicionadores de água.
Antes de colocar os botânicos em seu aquário, você precisa fazer uma breve preparação. Primeiro, abra os pacotes com cuidado. Depois lave-os em água corrente e ferva os ele"
https://www.kauar.com.br/aquapaisagismo/substrato/rocha-zanzibar,planta_ou_aquascape,ROCHA MARINHA ZANZIBAR 40 A 60CM (KG),,,,,,,,,,,,,,,,,,,,,https://images.tcdn.com.br/img/img_prod/749804/rocha_marinha_zanzibar_40_a_60cm_kg_1537_1_20201211001325.png,,"ROCHA MARINHA ZANZIBAR
A rocha zanzibar é uma linda maneira de tornar seu aquário único. Com suas formas orgânicas e naturais, é um ótimo esconderijo para peixes ornamentais. A rocha Marinha Zanzibar é ideal para aquários marinhos ou aquários de ciclídeos.
Eleva o PH NEUTRO
Ótimo para esconderijos de peixes pequenos."
https://www.kauar.com.br/aquapaisagismo/substratos/rocha-dragon-stone,planta_ou_aquascape,ROCHA DRAGON STONE,,,,,,,,,,,,,,,,,,,,,https://images.tcdn.com.br/img/img_prod/749804/rocha_dragon_stone_aquario_1539_1_20201211001325.png,,"Rocha Dragon Stone
Rocha para Aquário
A Rocha Dragon Stone é uma rocha natural para compor o layout dos mais lindos aquários ornamentais, desde os mais simples comunitários aos mais complexos e plantados.
Sua coloração e formato fazem dela única, dando um lindo visual para o seu aquário.
A ROCHA DRAGON STONE NÃO ALTERA O PH.
Disponível nos tamanhos:
P - Rochas únicas até 1,5 kg
M - Rochas únicas até 3 kg
G - Rochas únicas acima de 3 kg
Pode haver variação de peso de acordo com tamanho e formato.
Devido o produto ser proveniente da natureza, sua cor, formato também podem variar."
https://www.kauar.com.br/aquapaisagismo/tocas/toca-para-peixes-tamanho-p,planta_ou_aquascape,Toca para peixes,,,,,,,,,,,,,,,,,,,,,https://images.tcdn.com.br/img/img_prod/749804/toca_para_aquario_p_toca_para_peixes_193_1_2a0261e92b8672c92afc7c3861857cc1.jpg,,"Toca para peixes
Toca para aquário
Toca aquascape
Toca para aquário modelada artesanalmente em cerâmica crema. As tocas para peixes da Kauar são charmosas, elegantes e exclusivas. Nenhuma toca é igual à outra! Foram modeladas à mão em um design elegante inspirado nas curvas das natureza. As tocas para peixes são um lindo elemento de aquascape e um ótimo refúgio para os peixinhos mais exploradores, como os apistogramas.
As tocas para peixes Kauar ficarão lindas em qualquer tipo de aquário, seja um aquário biótopo de águas negras ou em um aquário de águas cristalinas.
AQUAPAISAGISMO
O aquapaisag"
https://www.kauar.com.br/aquascaping/botanicos/fava-de-olho-de-boi,planta_ou_aquascape,Fava de Olho de  Boi,,,,,,,,,,,,,,,,,,,,,,,"Fava | Biótopos Amazônicos | Aquascape | Hardscape | Ornamentação de Aquário | Aquapaisagismo
Embalagem com 2 unidades do botânico Fava de Olho de Boi pesando aproximadamente 30 g no total. A unidade mede aproximadamente 15 cm.
Aqui na Kauar você encontra lindos
botânicos
para a criação de aquários de águas negras, ricos em taninos. Aproveite também e confira nossa linha de
peixes amazônicos
e
condicionadores de água.
Preparação
Antes de colocar os botânicos em seu aquário, você precisa fazer uma breve preparação. Primeiro, abra os pacotes com cuidado. Depois lave-os em água corrente e ferva o"
https://www.kauar.com.br/aquascaping/botanicos/sterculia-striata-aquapaisagismo,planta_ou_aquascape,Sterculia Striata,,,,,,,,,,,,,,,,,,,,,https://images.tcdn.com.br/img/img_prod/749804/sterculia_striata_aquapaisagismo_815_1_20201211001325.png,,"Sterculia Striata | Aquapaisagismo | Aquário | Aquário Biótopo | Aquascape | Hardscape
Embalagem com 2 unidades pesando aproximadamente 10g.
Os frutos da  Sterculia Striata são lindas cápsulas vermelhas que se assemelham ao formato de uma folha. Em seu aquário biótopo podem se transformar em um ótimo refúgio para os peixes ornamentais de menor porte.
É uma planta de rápido crescimento, bem adaptada a terrenos secos e pedregosos.
São bastantes resistentes e com certeza habitarão seu aquáriopor muito tempo. Por ser um elemento natural, apresenta diferenças de formato e cor. Ocorre em toda a regi"
https://www.kauar.com.br/aquascaping/substratos/oolite-sand-ocean-tech-8kg-aragonita-premium,planta_ou_aquascape,OOLITE SAND OCEAN TECH 8KG,,,,,,,,,,,,,,,,,,,,,https://images.tcdn.com.br/img/img_prod/749804/oolite_sand_ocean_tech_8kg_aragonita_premium_783_1_20201211001325.png,,"CORAL SAND OOLITE OCEAN TECH 8KG
ARAGONITA PREMIUM
Granulometria: 1mm
Quantidade: 8kg
Composata por mineral de aragonita, o substrato para aquários Coral Sand Oolite auxilia na manutenção do PH além de possuir estrutura porosa
permeável para fixação de bactérias benéficas.
O Substrato Ocean Tech é uma linha especializada em substratos naturais selecionados de alta qualidade e especializada nos diversos tipos de aquário. A utilização de um substrato de qualidade é fundamental para a montagem de um aquário que reproduza com fidelidade os ecossistemas marinhos, de água doce, plantados ou até mesm"
https://www.kauar.com.br/aquascaping/substratos/substrato-snow-white-25-kg,planta_ou_aquascape,SUBSTRATO SNOW WHITE 25 KG,,,,,,,"7,5",7.5,7.5,,,,,,,,,,,,https://images.tcdn.com.br/img/img_prod/749804/substrato_snow_white_25_kg_659_1_b0624e8d381b671c8a42afaf7a3686af.jpg,,"SUBSTRATO SNOW WHITE
Ocean Tech Snow White Sand é um substrato alcalino desenvolvido especialmente para aquários água doce.
É da cor branca e possui granulometria média de 1,0mm, além de subir o pH para 7,5 em média.
Com o Snow White da Ocean Tech seu aquário terá um destaque especial branco como neve garantindo um visual muito bonito e de alto brilho na base de seu aquário.
Aquário água salgada:
Não é recomendado
Cor:
Branco
Granulometria:
2 a 3 mm
Precisa lavar?
É recomendado
PH:
7,5
Substrato Fértil:
Não
Base
: Dolomita
Validade:
Indeterminada
Embalagem com 25 Kg"
https://www.kauar.com.br/coridora/coridora-albina,peixe_ou_camarao,Coridora Albina,Corydoras aeneus,,,,,,6.0 a  7.6,6.0,7.6,4 a 7 c,4.0,7.0,,,,,,,,Tetras; Cascudos; Rásboras; Nano Cascudos; Peixes Comedores de Alga e muitos outros,https://images.tcdn.com.br/img/img_prod/749804/coridora_albina_corydoras_aeneus_145_2_e144e4e3b4167badab6747196aa22a8b.jpg,,"CORIDORA ALBINA (CORYDORAS ALBINA)
A Coridora Albina é uma escolha certeira para todo aquarista que deseja um visual de alto contraste para o fundo do aquário, especialmente, se o substrato for mais escuro. O albinismo é um característica genética. Peixes albinos não produzem (ou produzem apenas parcialmente) os pigmentos responsáveis por suas cores originais. Uma das características marcantes dos peixes albinos, além da clara pigmentação, são os olhos vermelhos.
Como outras espécies de coridora, Coridora Albina, também é conhecida também por sua capacidade de respirar e rastejar fora d´água p"
https://www.kauar.com.br/disco-selvagem/camiseta,peixe_ou_camarao,Disco Selvagem,Camiseta Masculina,,,,,,,,,,,,,,,,,,,,https://images.tcdn.com.br/img/img_prod/749804/camiseta_personalizada_disco_amazonico_masculina_821_2_ea34752a15edffe9a1034f4f63b030b3.jpg,,"Na Kauar você encontra camisetas do Peixe Disco Amazônico
Camiseta feita artesanalmente com 100% de fibra natural de algodão sustentável, refinada e penteada
Estampada em processo de serigrafia com tinta a base d'água e padrão de cores exclusivo
Devido ao processo artesanal de estamparia, as cores da sua camiseta podem apresentar diferenças com relação ao site
As estampas têm tamanho padrão chegando no máximo a 42x30 cm aproximadamente, independentemente do tamanho da camiseta
A tonalidade da malha pode apresentar pequenas diferenças com relação à foto por conta da iluminação e variação de mon"
https://www.kauar.com.br/discos-selvagens/camiseta,peixe_ou_camarao,Disco Selvagem,Camiseta Feminina,,,,,,,,,,,,,,,,,,,,https://images.tcdn.com.br/img/img_prod/749804/camiseta_personalizada_disco_amazonico_feminina_473_2_20201211001334.png,,"CAMISETA PERSONALIZADA PEIXES DISCO
Camiseta feita artesanalmente com 100% de fibra natural de algodão sustentável, refinada e penteada
Estampada em processo de serigrafia com tinta a base d'água e padrão de cores exclusivo
Devido ao processo artesanal de estamparia, as cores da sua camiseta podem apresentar diferenças com relação ao site
As estampas têm tamanho padrão chegando no máximo a 42x30 cm aproximadamente, independentemente do tamanho da camiseta
A tonalidade da malha pode apresentar pequenas diferenças com relação à foto por conta da iluminação e variação de monitores
Produto vegano "
https://www.kauar.com.br/kits-e-cardumes-kauar/compra-de-cardume-compre-10-peixes-e-leve-11-baiacu-anao-baiacu-malabar-0-5-a-1-5-cm,peixe_ou_camarao,COMPRA DE CARDUME: COMPRE 10 PEIXES E LEVE 11,Baiacu Anão,,,,,,7.0 a 8.0,7.0,8.0,22ºC e 28ºC,22.0,28.0,,,,,,,,,https://images.tcdn.com.br/img/img_prod/749804/compra_de_cardume_compre_10_peixes_e_leve_11_baiacu_anao_baiacu_malabar_0_5_a_1_5_cm_2251_1_634ce494d478747a66b01d93018dd841.jpg,,"BAIACU ANÃO, O MENOR BAIACU DO MUNDO ESTÁ AQUI
Se você gosta de peixes pequenos já deve ter ouvido falar nesse carinha, o Baiacu Anão, ou Baiacu Malabar. Nativo do Sudoeste da Índia, ele atinge o
tamanho máximo de 2,5 cm
, por isso, é considerado o menor baiacu do mundo, e um dos menores peixes para aquários de água-doce que existem.
Possui um corpo arredondado, como é comum nos Tetrasdontídeos, com coloração verde amarelado, manchas pretas arredondadas e barbatanas transparente. Possui a boca característica dos baiacus, em formato de bico, formada pela junção de dois dentes em cada mandíbula."
https://www.kauar.com.br/kits-e-cardumes-kauar/compra-de-cardume-compre-10-peixes-e-leve-11-barbo-denisoni-2-5-a-4-cm,peixe_ou_camarao,COMPRA DE CARDUME: COMPRE 10 PEIXES E LEVE 11,Barbo Denisoni,,,,,,"6,6 e 7,6",6.6,7.6,15°C e 28°C,15.0,28.0,,,,,,,,,https://images.tcdn.com.br/img/img_prod/749804/compra_de_cardume_compre_10_peixes_e_leve_11_barbo_denisoni_2_5_a_4_cm_2231_1_3d6b2c1036884a234f1832c8d76a7a19.png,,"BARBO DENISONI, UM DOS PEIXES MAIS LINDOS DO AQUARISMO!
Da família dos ciprinídeos, o Barbus Denisoni, também conhecido como Barbo Denisoni, é oriundo do continente Asiático. Seu tamanho pode chegar a  15 cm, sendo comum encontrar peixes desta espécie com tamanhos a partir de 10 cm. Por ser uma espécie que se organiza em cardume, com comportamento gregário, deve ser mantido com pelo menos 6 indivíduos. São peixes com poucas diferenças entre machos e fêmeas, sendo que as fêmeas são ligeiramente maiores e possuem a barriga um pouco mais arredondada. Tem o costume de habitar o meio e o fundo do a"
https://www.kauar.com.br/kits-e-cardumes-kauar/compra-de-cardume-compre-10-peixes-e-leve-11-camarao-black-sakura-1-a-2-cm,peixe_ou_camarao,COMPRA DE CARDUME: COMPRE 10 CAMARÕES E LEVE 11,,,,,,,"6,5",6.5,6.5,21ºC e 27ºC,21.0,27.0,,,,,,,,,https://images.tcdn.com.br/img/img_prod/749804/compra_de_cardume_compre_10_peixes_e_leve_11_camarao_black_sakura_1_a_2_cm_2239_1_a0fb36f128155c9b509411d2d697b206.jpg,,"CAMARÃO BLACK SAKURA
As neocaridinas, como o Camarão Black Sakura, recebem diversos nomes populares dependendo da cor. As variedades coloridas foram criadas em cativeiro pois, no habitat de origem, as neocaridinas possuem cores mais neutras e menos vibrantes. Elas medem cerca de 2,5 cm até 3 cm com expectativa de vida de até 2 anos. As cores dos camarões neocaridinas se tornam mais intensas em condições ideais no aquário, parâmetros da água e exposição à luz equilibrados, além de alimentação adequada. Quando atingem a maturidade sexual, suas cores também ficam mais realçadas.
O Camarão Black S"
https://www.kauar.com.br/kits-e-cardumes-kauar/compra-de-cardume-compre-10-peixes-e-leve-11-camarao-blue-fantasy-dream-1-a-2-cm,peixe_ou_camarao,COMPRA DE CARDUME: COMPRE 10 CAMARÕES E LEVE 11,,,,,,,"6,5",6.5,6.5,21ºC e 27ºC,21.0,27.0,,,,,,,,,https://images.tcdn.com.br/img/img_prod/749804/compra_de_cardume_compre_10_peixes_e_leve_11_camarao_blue_fantasy_dream_1_a_2_cm_2241_1_a68b4a9b9f1ffdcd86a13c42a977248f.jpg,,"CAMARÃO BLUE FANTASY DREAM
As neocaridinas, como o Camarão Blue Fantasy Dream, recebem diversos nomes populares dependendo da cor. As variedades coloridas foram criadas em cativeiro pois, no habitat de origem, as neocaridinas possuem cores mais neutras e menos vibrantes. Elas medem cerca de 2,5 cm até 3 cm com expectativa de vida de até 2 anos. As cores dos camarões neocaridinas se tornam mais intensas em condições ideais no aquário, parâmetros da água e exposição à luz equilibrados, além de alimentação adequada. Quando atingem a maturidade sexual, suas cores também ficam mais realçadas.
O Cam"
https://www.kauar.com.br/kits-e-cardumes-kauar/compra-de-cardume-compre-10-peixes-e-leve-11-camarao-green-jade-1-a-2-cm,peixe_ou_camarao,COMPRA DE CARDUME: COMPRE 10 CAMARÕES E LEVE 11,,,,,,,"6,5",6.5,6.5,21ºC e 27ºC,21.0,27.0,,,,,,,,,https://images.tcdn.com.br/img/img_prod/749804/compra_de_cardume_compre_10_peixes_e_leve_11_camarao_green_jade_1_a_2_cm_2237_1_c4515550e2be60f696e7201a10c0b271.jpg,,"CAMARÃO green jade
AS NEOCARIDINAS, COMO O CAMARÃO green jade, RECEBEM DIVERSOS NOMES POPULARES DEPENDENDO DA COR. AS VARIEDADES COLORIDAS FORAM CRIADAS EM CATIVEIRO POIS, NO HABITAT DE ORIGEM, AS NEOCARIDINAS POSSUEM CORES MAIS NEUTRAS E MENOS VIBRANTES. ELAS MEDEM CERCA DE 2,5 CM ATÉ 3 CM COM EXPECTATIVA DE VIDA DE ATÉ 2 ANOS. AS CORES DOS CAMARÕES NEOCARIDINAS SE TORNAM MAIS INTENSAS EM CONDIÇÕES IDEAIS NO AQUÁRIO, PARÂMETROS DA ÁGUA E EXPOSIÇÃO À LUZ EQUILIBRADOS, ALÉM DE ALIMENTAÇÃO ADEQUADA. QUANDO ATINGEM A MATURIDADE SEXUAL, SUAS CORES TAMBÉM FICAM MAIS REALÇADAS.
O Camarão Green Jade "
https://www.kauar.com.br/kits-e-cardumes-kauar/compra-de-cardume-compre-10-peixes-e-leve-11-camarao-orange-sakura-1-a-2-cm,peixe_ou_camarao,COMPRA DE CARDUME: COMPRE 10 CAMARÕES E LEVE 11,,,,,,,"6,5",6.5,6.5,21ºC e 27ºC,21.0,27.0,,,,,,,,,https://images.tcdn.com.br/img/img_prod/749804/compra_de_cardume_compre_10_peixes_e_leve_11_camarao_orange_sakura_1_a_2_cm_2243_1_03f07b7e71c1df15fee917b27340fce1.jpg,,"CAMARÃO orange sakura
AS NEOCARIDINAS, COMO O CAMARÃO orange sakura, RECEBEM DIVERSOS NOMES POPULARES DEPENDENDO DA COR. AS VARIEDADES COLORIDAS FORAM CRIADAS EM CATIVEIRO POIS, NO HABITAT DE ORIGEM, AS NEOCARIDINAS POSSUEM CORES MAIS NEUTRAS E MENOS VIBRANTES. ELAS MEDEM CERCA DE 2,5 CM ATÉ 3 CM COM EXPECTATIVA DE VIDA DE ATÉ 2 ANOS. AS CORES DOS CAMARÕES NEOCARIDINAS SE TORNAM MAIS INTENSAS EM CONDIÇÕES IDEAIS NO AQUÁRIO, PARÂMETROS DA ÁGUA E EXPOSIÇÃO À LUZ EQUILIBRADOS, ALÉM DE ALIMENTAÇÃO ADEQUADA. QUANDO ATINGEM A MATURIDADE SEXUAL, SUAS CORES TAMBÉM FICAM MAIS REALÇADAS.
O Camarão Orang"
https://www.kauar.com.br/kits-e-cardumes-kauar/compra-de-cardume-compre-10-peixes-e-leve-11-camarao-red-rili-1-a-2-cm,peixe_ou_camarao,COMPRA DE CARDUME: COMPRE 10 CAMARÕES E LEVE 11,,,,,,,"6,5",6.5,6.5,21ºC e 27ºC,21.0,27.0,,,,,,,,,https://images.tcdn.com.br/img/img_prod/749804/compra_de_cardume_compre_10_peixes_e_leve_11_camarao_red_rili_1_a_2_cm_2235_1_5c483363470d2deecbd2593ccd92f387.jpg,,"CAMARÃO red rili
AS NEOCARIDINAS, COMO O CAMARÃO red rili, RECEBEM DIVERSOS NOMES POPULARES DEPENDENDO DA COR. AS VARIEDADES COLORIDAS FORAM CRIADAS EM CATIVEIRO POIS, NO HABITAT DE ORIGEM, AS NEOCARIDINAS POSSUEM CORES MAIS NEUTRAS E MENOS VIBRANTES. ELAS MEDEM CERCA DE 2,5 CM ATÉ 3 CM COM EXPECTATIVA DE VIDA DE ATÉ 2 ANOS. AS CORES DOS CAMARÕES NEOCARIDINAS SE TORNAM MAIS INTENSAS EM CONDIÇÕES IDEAIS NO AQUÁRIO, PARÂMETROS DA ÁGUA E EXPOSIÇÃO À LUZ EQUILIBRADOS, ALÉM DE ALIMENTAÇÃO ADEQUADA. QUANDO ATINGEM A MATURIDADE SEXUAL, SUAS CORES TAMBÉM FICAM MAIS REALÇADAS.
O Camarão Red Rili a vai "
https://www.kauar.com.br/kits-e-cardumes-kauar/compra-de-cardume-compre-10-peixes-e-leve-11-camarao-red-sakura-1-a-2-cm,peixe_ou_camarao,COMPRA DE CARDUME: COMPRE 10 CAMARÕES E LEVE 11,,,,,,,"6,5",6.5,6.5,21ºC e 27ºC,21.0,27.0,,,,,,,,,https://images.tcdn.com.br/img/img_prod/749804/compra_de_cardume_compre_10_peixes_e_leve_11_camarao_red_sakura_1_a_2_cm_2247_1_256181d48cb7c9d73be024e5cd8e22ad.jpg,,"CAMARÃO red sakura
AS NEOCARIDINAS, COMO O CAMARÃO red sakura, RECEBEM DIVERSOS NOMES POPULARES DEPENDENDO DA COR. AS VARIEDADES COLORIDAS FORAM CRIADAS EM CATIVEIRO POIS, NO HABITAT DE ORIGEM, AS NEOCARIDINAS POSSUEM CORES MAIS NEUTRAS E MENOS VIBRANTES. ELAS MEDEM CERCA DE 2,5 CM ATÉ 3 CM COM EXPECTATIVA DE VIDA DE ATÉ 2 ANOS. AS CORES DOS CAMARÕES NEOCARIDINAS SE TORNAM MAIS INTENSAS EM CONDIÇÕES IDEAIS NO AQUÁRIO, PARÂMETROS DA ÁGUA E EXPOSIÇÃO À LUZ EQUILIBRADOS, ALÉM DE ALIMENTAÇÃO ADEQUADA. QUANDO ATINGEM A MATURIDADE SEXUAL, SUAS CORES TAMBÉM FICAM MAIS REALÇADAS.
O Camarão Red Sakura "
https://www.kauar.com.br/kits-e-cardumes-kauar/compra-de-cardume-compre-10-peixes-e-leve-11-camarao-snowball-1-a-2-cm,peixe_ou_camarao,COMPRA DE CARDUME: COMPRE 10 CAMARÕES E LEVE 11,,,,,,,"6,5",6.5,6.5,21ºC e 27ºC,21.0,27.0,,,,,,,,,https://images.tcdn.com.br/img/img_prod/749804/compra_de_cardume_compre_10_camaroes_e_leve_11_camarao_wild_type_1_a_2_cm_2233_1_e7dc57d68dfbf53f69de48d8aef754ed.jpg,,"CAMARÃO WILD TYPE
As neocaridinas, como o camarão wild type, recebem diversos nomes populares dependendo da cor. As variedades coloridas foram criadas em cativeiro pois, no habitat de origem, as neocaridinas possuem cores mais neutras e menos vibrantes. O wild type é uma versão muito parecida com a selvagem, são individuos selecionados e separados, para manter a coloração parecida com a original, dos animais selvagens, devido a isso, as cores podem sofrer pequenas variações. Medem cerca de 2,5 cm até 3 cm com expectativa de vida de até 2 anos. As cores dos camarões neocaridinas se tornam mais "
https://www.kauar.com.br/kits-e-cardumes-kauar/compra-de-cardume-compre-10-peixes-e-leve-11-camarao-yellow-1-a-2-cm,peixe_ou_camarao,COMPRA DE CARDUME: COMPRE 10 CAMARÕES E LEVE 11,Camarão Yellow,,,,,,"6,5",6.5,6.5,21ºC e 27ºC,21.0,27.0,,,,,,,,,https://images.tcdn.com.br/img/img_prod/749804/compra_de_cardume_compre_10_peixes_e_leve_11_camarao_yellow_1_a_2_cm_2245_1_60d2b547fccae88f1f38506c9c79da76.png,,"CAMARÃO yellow
AS NEOCARIDINAS, COMO O CAMARÃO GREEN yellow, RECEBEM DIVERSOS NOMES POPULARES DEPENDENDO DA COR. AS VARIEDADES COLORIDAS FORAM CRIADAS EM CATIVEIRO POIS, NO HABITAT DE ORIGEM, AS NEOCARIDINAS POSSUEM CORES MAIS NEUTRAS E MENOS VIBRANTES. ELAS MEDEM CERCA DE 2,5 CM ATÉ 3 CM COM EXPECTATIVA DE VIDA DE ATÉ 2 ANOS. AS CORES DOS CAMARÕES NEOCARIDINAS SE TORNAM MAIS INTENSAS EM CONDIÇÕES IDEAIS NO AQUÁRIO, PARÂMETROS DA ÁGUA E EXPOSIÇÃO À LUZ EQUILIBRADOS, ALÉM DE ALIMENTAÇÃO ADEQUADA. QUANDO ATINGEM A MATURIDADE SEXUAL, SUAS CORES TAMBÉM FICAM MAIS REALÇADAS.
O Camarão Yellow a vai "
https://www.kauar.com.br/kits-e-cardumes-kauar/compra-de-cardume-compre-10-peixes-e-leve-11-coridora-ana-0-5-a-1-5-cm-corydoras-hastatus,peixe_ou_camarao,COMPRA DE CARDUME - COMPRE 10 PEIXES E LEVE 11,Coridora Anã,,,,,,"6,0 a 7,5",6.0,7.5,20ºC e 30ºC,20.0,30.0,,,,,,,,,https://images.tcdn.com.br/img/img_prod/749804/compra_de_cardume_compre_10_peixes_e_leve_11_coridora_ana_0_5_a_1_5_cm_corydoras_hastatus_2301_1_9528ada79c7e6da88dfe44930568686c.jpg,,"CORIDORA ANÃ (CORYDORA HASTATUS)
Todo mundo, em algum momento, já ouviu falar desse famoso peixinho, conhecido por ser uma das menores Coridoras do mundo.
A Coridora Anã (Coryodoras hastatus) pode chegar, no máximo, aos 2,4, cm. Ideal para o seu aquários nanos, plantados, de camarões ou biótopos amazônicos, também em comunitários, desde que seja mantida com peixes igualmente de pequenos e porte.
Por seu tamanho pequeno, e sua beleza, conquistou muitos aquaristas mundo afora, nativa da América do Sul, é encontrada no comercio de peixes ornamental do mundo todo. Nos parâmetros, o ideal para a Co"
https://www.kauar.com.br/kits-ou-cardumes/compra-de-cardume-compre-10-e-leve-11-barbu-sumatra,peixe_ou_camarao,COMPRA DE CARDUME - COMPRE 10 PEIXES E LEVE 11,Barbus Sumatra,,,,,,6.0 a 8.0,6.0,8.0,23ºC e 27ºC,23.0,27.0,,,,,,,,,https://images.tcdn.com.br/img/img_prod/749804/compra_de_cardume_compre_10_e_leve_11_barbu_sumatra_2076_1_7f77bfe6e890d639d3e13669052a5fb8.jpg,,"BARBO SUMUTRA: UM PEIXE MAGNÍFICO DO SUDESTE ASIÁTICO
O Barbo Sumatra é um peixe deslumbrante. Ele chega a alcançar 5 cm, vive em cardume, sendo muito procurado por aquaristas de plantados. Uma das características mais famosas desse peixe é a sua queda por ""beliscar"" a barbatana de outros peixes, especialmente, se forem bem longas, como a dos Bettas. No exterior é conhecido como Barbo Tigre, em função de suas cores e marcações.
COMPORTAMENTO
O Barbo é um peixe moderadamente pacífico, sendo indicado para aquário monoespécie ou comunitário. Entretanto, podem demonstrar algum comportamento compet"
https://www.kauar.com.br/kits-ou-cardumes/compra-de-cardume-compre-10-e-leve-11-camarao-fantasma,peixe_ou_camarao,COMPRA DE CARDUME: COMPRE 10 CAMARÕES E LEVE 11,Camarão Fantasma,,,"Norte da América do Sul, Bacia Amazônica",,,"6,5",6.5,6.5,21ºC e 27ºC,21.0,27.0,,,,,,,,,https://images.tcdn.com.br/img/img_prod/749804/compra_de_cardume_compre_10_e_leve_11_camarao_fantasma_2073_1_7940319223eb9b4d232d86691c2a6561.jpg,,"Camarão Fantasma
Peixes de Aquário
Aquário de Água Doce
Origem: Norte da América do Sul, Bacia Amazônica.
Ambientação do aquário:
O Camarão Fantasma aprecia aquários plantados com parâmetros da água bem equilibrados. É bastante suscetível à intoxicação por amônia e nitrito, então, em caso de descontrole desses parâmetro,
Camarão Fantasma
será primeiro a sentir o efeito desses compostos.
Parâmetros da água:
os camarões ornamentais de água doce, como o
Camarão Fantasma
, adaptam-se a uma faixa extensa de PH, entre 6,5 até 8,4. A temperatura pode ser mantida entre 21ºC e 27ºC.
Nutrição:
rações es"
https://www.kauar.com.br/kits-ou-cardumes/compra-de-cardume-compre-10-e-leve-11-paulistinha,peixe_ou_camarao,COMPRA DE CARDUME: COMPRE 10 PEIXES E LEVE 11,Danio Rerio,,,,,,"6,4 a 7,5",6.4,7.5,20ºC e 28ºC,20.0,28.0,,,,,,,,,https://images.tcdn.com.br/img/img_prod/749804/compra_de_cardume_compre_10_e_leve_11_paulistinha_2063_1_0a3d83e9092c2eebd6bb7e15dfcdc946.jpg,,"O Paulistinha, também conhecido como Paulistinha Zebra Danio, Danio Renio ou Zebra Fish, tem esse nome devido a suas listras, que segundo os aquaristas, lembram muito a bandeira de São Paulo, porém vale a pena lembrar que o peixe tem sua origem na Índia.
Quer saber mais sobre o Paulistinha e os cuidados veterinários da Kauar? E como funciona a entrega até a sua casa? Aprender tudo sobre aclimatação de um novo peixe ornamental em seu aquário? Continue com a Kauar!
ORIGEM, COMPORTAMENTO E CONVÍVIO DO PAULISTINHA
Embora atinja pequeno tamanho, é uma espécie bastante ativa que nada freneticamente "
https://www.kauar.com.br/kits-ou-cardumes/compra-de-cardume-compre-10-e-leve-11-plati-azul,peixe_ou_camarao,COMPRA DE CARDUME: COMPRE 10 PEIXES E LEVE 11,Plati Azul,,,,,,7.0 a 7.4,7.0,7.4,24ºC a 27ºC,24.0,27.0,,,,,,,,,https://images.tcdn.com.br/img/img_prod/749804/compra_de_cardume_compre_10_e_leve_11_plati_azul_2059_1_42c0735b9bb52f8751eca5465c69ae57.jpg,,"Plati Azul
Peixes de Aquário
Peixes de Água Doce
Origem:
México, Guatemala, Honduras.
Características:
Os Platis são peixes alegres e nem um pouco tímidos. São inúmeras as variedades de cores e de formatos de nadadeiras dos platis.  É um dos peixes mais populares entre os aquaristas. O nome popular foi dado devido à sua classificação inicial, que era Platypoecilus maculatus, em grego, plati é chato.
Comportamento e convivência com outras espécies:
é uma espécie de comportamento pacífico que, que convive muito bem em aquário comunitários com outros peixes pacíficos como ele, além disso, torna o"
https://www.kauar.com.br/kits-ou-cardumes/compra-de-cardume-compre-10-e-leve-11-plati-hawai,peixe_ou_camarao,COMPRA DE CARDUME: COMPRE 10 PEIXES E LEVE 11,Plati Hawaii,,,,,,"7,0 a 7,5",7.0,7.5,24ºC e 27ºC,24.0,27.0,,,,,,,,,https://images.tcdn.com.br/img/img_prod/749804/compra_de_cardume_compre_10_e_leve_11_plati_hawai_2061_1_fd75aeb6f0be0d59cff022b1789200e2.jpg,,"Os Platis são peixes alegres e nem um pouco tímidos. São inúmeras as variedades de cores e de formatos de nadadeiras dos platis.  É um dos peixes mais populares entre os aquaristas. O nome popular foi dado devido à sua classificação inicial, que era Platypoecilus maculatus, em grego, plati é chato.
Quer saber mais sobre o Plati Hawaii Show e os cuidados veterinários da Kauar? E como funciona a entrega até a sua casa? Aprender tudo sobre aclimatação de um novo peixe ornamental em seu aquário? Continue com a Kauar!
ORIGEM, COMPORTAMENTO E CONVÍVIO DO PLATI HAWAII SHOW
É uma espécie de comportame"
https://www.kauar.com.br/kits-ou-cardumes/compra-de-cardume-compre-10-e-leve-11-plati-tricolor,peixe_ou_camarao,COMPRA DE CARDUME: COMPRE 10 PEIXES E LEVE 11,Plati Tricolor,,,,,,7.0 a 7.4,7.0,7.4,24ºC a 27ºC,24.0,27.0,,,,,,,,,https://images.tcdn.com.br/img/img_prod/749804/compra_de_cardume_compre_10_e_leve_11_plati_tricolor_2071_1_7819b5bd523004a9ddbda323a0dbe0a1.png,,"Plati Tricolor
Peixes de Aquário
Peixes de Água Doce
Origem:
México, Guatemala, Honduras.
Características:
Os Platis são peixes alegres e nem um pouco tímidos. São inúmeras as variedades de cores e de formatos de nadadeiras dos platis.  É um dos peixes mais populares entre os aquaristas. O nome popular foi dado devido à sua classificação inicial, que era Platypoecilus maculatus, em grego, plati é chato.
Comportamento e convivência com outras espécies:
é uma espécie de comportamento pacífico que, que convive muito bem em aquário comunitários com outros peixes pacíficos como ele, além disso, tor"
https://www.kauar.com.br/kits-ou-cardumes/compra-de-cardume-compre-10-e-leve-11-rodostomus,peixe_ou_camarao,COMPRA DE CARDUME: COMPRE 10 E LEVE 11 PEIXES,Tetra Rodostomus,,,,,,5.5 e 7.2,5.5,7.2,24ºC e 28ºC,24.0,28.0,,,,,,,,,https://images.tcdn.com.br/img/img_prod/749804/compra_de_cardume_compre_10_e_leve_11_rodostomus_2090_1_f532892422bc132a0316ce6615ab73ec.jpg,,"O Tetra Rodostomus é um peixe ornamental de aquário de água-doce, pacífico, natural da América do Sul. Espécie bastante comum no aquarismo, apresenta comportamento e beleza bastante chamativas, principalmente quando mantidos em aquário densamente plantado.
Viverá muito bem em um aquário com PH levemente ácido a neutro (PH entre 5.5 e 7.2).
Quer saber mais sobre o
Tetra Rodostomus
e os cuidados veterinários da Kauar? E como funciona a entrega até a sua casa? Aprender tudo sobre aclimatação de um novo peixe ornamental em seu aquário? Continue com a Kauar!
ORIGEM, COMPORTAMENTO E CONVÍVIO DO TETR"
https://www.kauar.com.br/kits-ou-cardumes/compra-de-cardume-compre-10-e-leve-11-tanicts,peixe_ou_camarao,COMPRA DE CARDUME: COMPRE 10 E LEVE 11 PEIXES,Tanichthys albonubes,,,,,,"6,0 a 8,0",6.0,8.0,"6,0 a 8,0",6.0,8.0,,,,,,,,,https://images.tcdn.com.br/img/img_prod/749804/compra_de_cardume_compre_10_e_leve_11_tanicts_2067_1_690f5aa27359892573544b4ef289e61e.jpg,,"Tanicts | Tanichthys albonubes
Peixe ornamental
Peixe de aquário
Origem:
encontrado nas regiões da Ásia.
Características:
Resistente aos variados parâmetros de água, o Tanicts é uma ótima opção para aquaristas iniciantes. A sua coloração prateada com um leve tom azulado chama atenção dos aquaristas, pois contrasta com as cores das nadadeiras dorsal e caudal que possuem um forte tom de vermelho.
Comportamento e Coabitação com outras espécies:
é um peixe pacífico e de hábitos tranquilos. Espécie bastante sociável, por isso aconselha-se a mantê-lo em grupos de pelo menos 6 espécimes. Pode ser man"
https://www.kauar.com.br/kits-ou-cardumes/compra-de-cardume-compre-10-e-leve-11-tetra-enfermeirinha,peixe_ou_camarao,COMPRA DE CARDUME: COMPRE 10 E LEVE 11 PEIXES,Tetra Enfermeirinha,,,,,,6.0 a 7.5,6.0,7.5,22°C a 28°C,22.0,28.0,,,,,,,,,https://images.tcdn.com.br/img/img_prod/749804/compra_de_cardume_compre_10_e_leve_11_peixes_tetra_enfermeirinha_4_a_5_cm_aphyocharax_anisitsi_2108_1_e0cc8144e9b891e72a839ffea1f3c4f7.jpg,,"T
etra Enfermeirinha (Aphyocharax anisitsi), um peixe de aquário de água doce
O peixe ornamental conhecido como Tetra Enfermeirinha, Aphyocharax anisitsi, é  resistente e indicado para todos os tipos de aquaristas, do iniciante ao avançado. É considerado um dos Tetras com mais expectativa de vida mais longevas que existe, podendo chegar próximo dos 10 anos de idade ou mais quando no aquário. Ele possui um visual inconfundível, com suas marcações vermelhas intensas nas nadadeiras, contrastando com seu corpo prata brilhante.
Comportamento com outras espécies
É uma espécie de cardume, de comporta"
https://www.kauar.com.br/kits-ou-cardumes/compra-de-cardume-compre-10-e-leve-11-tetra-rainbow,peixe_ou_camarao,COMPRA DE CARDUME: COMPRE 10 PEIXES E LEVE 11,Tetra Rainbow,,,,,,"5,5 a 7,0",5.5,7.0,20ºC e 30ºC,20.0,30.0,,,,,,,,,https://images.tcdn.com.br/img/img_prod/749804/compra_de_cardume_compre_10_peixes_e_leve_11_tetra_rainbow_2_5_a_3_cm_hyphessobrycon_melanostichos_m_2175_1_c3f7e082f71ca36da721f76b28eeb2a7.jpg,,"Tetra Rainbow, um peixe maravilhoso e brilhante para seu aquário de água doce
O Tetra Rainbow,
Hyphessobrycon melanostichos,
está entre as mais belas espécies de peixes tetras. Ele p
ossui um corpo que chama muito a atenção, com uma faixa escura percorre todo o seu corpo, contrastando com sua
parte dorsal que é bastante colorida, com nuances azuis e furtacor. Essa variedade de cores inspirou seu nome popular, Rainbow, ou Arco-íris, traduzido ao português. Esse peixe pode alcançar um tamanho máximo de 3,7 cm, uma expectativa de vida de 3 a 5 anos.
Quer saber mais sobre o Tetra Rainbow e os cuid"
https://www.kauar.com.br/kits-ou-cardumes/compra-de-cardume-rosaceo-dourado,peixe_ou_camarao,COMPRA DE CARDUME: COMPRE 10 PEIXES E LEVE 11,Rosaceo Dourado,,,,,,6.0 a 7.2,6.0,7.2,24ºC e 28ºC,24.0,28.0,,,,,,,,Rosáceos,https://images.tcdn.com.br/img/img_prod/749804/compra_de_cardume_compre_10_peixes_e_leve_11_rosaceo_dourado_2_a_4_cm_hyphessobrycon_paepkei_raridad_2187_1_2cda1518f805d60088be1c73e0aaba03.jpg,,"Rosáceo Dourado, um peixe lindo para seu aquário de água doce
O Rosáceo dourado, Hyphessobrycon paepkei, é uma novidade no aquarismo brasileiro. Natural da América do Sul, da Bacia do Rio Negro, o Rosáceo é
u
m peixe belíssimo com um nado elegante. Todas as variações de Rosáceos
possuem uma mancha avermelhada umeral. Pacífico e gregário, o Rosáceo Dourado, com certeza, vai deixar seu aquário mais lindo e vibrante!
Comportamento e convivência com outras espécies
O Rosáceo Dourado é uma espécie de cardume.  Em seu aquário ficará muito mais feliz se estiver na companhia de outros companheiros da "
https://www.kauar.com.br/kits-ou-cardumes/compra-de-cardume-tetra-agulha,peixe_ou_camarao,COMPRA DE CARDUME: COMPRE 10 E LEVE 11 PEIXES,Tetra Agulha,,,,,,4.0 a 7.2,4.0,7.2,24ºC e 28ºC,24.0,28.0,,,,,,,,Tetras Agulhas,https://images.tcdn.com.br/img/img_prod/749804/compra_de_cardume_tetra_agulha_2185_1_0b49d0b2a1fef560d72e924a2cb79201.jpeg,,"Tetra Agulha|
Hyphessobrycon agulha
Agulha Red Tail
Peixes de Aquário
Peixes Ornamentais
Origem:
América do Sul, Bacia do Rio Madeira.
Características:
o Tetra Agulha é uma espécie de tetra nativa do Rio Madeira, rio da bacia do rio Amazonas que banha os estados de Rondônia e do Amazonas. Um peixe muito difícil de se encontrar no comércio Brasileiro, já que a grande maioria dos espécimes coletados são exportados. É um peixe com formato de corpo levemente alongado, daí o nome, possui cores avermelhadas, com uma faixa em um tom mais escuro de vermelho, com contornos dourados, que percorre todo s"
https://www.kauar.com.br/kits-ou-cardumes/compra-de-cardume-tetra-aruana,peixe_ou_camarao,COMPRA DE CARDUME: COMPRE 10 E LEVE 11,Tetra Aruanã (Raridade!!!),,,,,,5.5,5.5,5.5,23° a 28° C,23.0,28.0,,,,,,,,,https://images.tcdn.com.br/img/img_prod/749804/compra_de_cardume_tetra_aruana_2189_1_bccf4a9cbe32555b02069f830e24fcad.jpg,,"Tetra Aruanã - Raridade!
Gnathocharax steindachneri
Peixe de Água Doce
Peixe de Aquário
Origem:
América do Sul: bacias dos rios Amazonas e Orinoco
Sem espaço para manter uma Aruanã? Este maravilhoso peixinho irá satisfazer sua vontade com apenas 5cm de tamanho máximo!
Características:
O t
etra Aruanã, é um peixe da família dos Caracídeos, sendo o único representante de seu gênero:
Gnathocharax. O  formato do corpo alongado, grandes nadadeiras lateriais e a boca que se abre como um alçapão, fazem dele um perfeito peixe de superfície, possuindo características bem parecidas com o do famoso Peixe"
https://www.kauar.com.br/kits-ou-cardumes/compra-de-cardume-tetra-bentosi-whitefin,peixe_ou_camarao,COMPRA DE CARDUME: COMPRE 10 E LEVE 11 PEIXES,Hyphessobrycon bentosi,,,,,,"5,8 a 7,5",5.8,7.5,24ºC e 28ºC,24.0,28.0,,,,,,,,,https://images.tcdn.com.br/img/img_prod/749804/compra_de_cardume_compre_10_e_leve_11_peixes_tetra_bentosi_whitefin_2_5_a_3_cm_hyphessobrycon_bentos_2181_1_35a266d7b41a2d449baa2c05020b0959.jpg,,"TETRA BENTOSI WHITFIN (TETRA ASA BRANCA): UM PEIXE DE AQUÁRIO LINDO E CARDUMEIRO
O Tetra Bentosi Whitefin é um peixe de aquário muito ativo e curioso. Seu
corpo que chama muito a atenção, sobretudo pela barbatanas com um tom avermelhado, contrastando com as marcações brancas localizadas na ponta. Por esta razão, ele também é conhecido como Tetra Asa Branca. Esse peixe ornamental possui um porte imponente para um tetra, podendo alcançar um tamanho máximo de 4,3 cm. Evoluem lindamente em cardume e possuem expectativa de vida de 3 a 5 anos.
Quer saber mais sobre o Tetra Asa Branca e os cuidados v"
https://www.kauar.com.br/kits-ou-cardumes/compra-de-cardume-tetra-blue-royal-compre-10-e-ganhe-1-gratis,peixe_ou_camarao,COMPRA DE CARDUME: COMPRE 10 E LEVE 11 PEIXES,Inpaichthys Kerri,,,,,,4.0 a 7.0,4.0,7.0,24ºC a 30ºC,24.0,30.0,,,,,,,,,https://images.tcdn.com.br/img/img_prod/749804/compra_de_cardume_compre_10_e_leve_11_peixes_tetra_blue_royal_puxa_puxa_3_a_4_cm_inpaichthys_kerri_2191_1_7a326bbb4a30623fd791c20c55724d00.jpg,,"Tetra Blue Royal (Inpaichthys Kerri), o famoso Tetra Puxa-Puxa, para seu aquário de água doce
O Tetra Blue Royal (Inpaichthys Kerri) também conhecido como Tetra Puxa-Puxa alcança um tamanho de 4 cm e possui expectativa de vida de 4 a 6 anos. Em condições ideais no aquário, essas marcações adquirem um brilho intenso.  Ele pode ser encontrado no Brasil, Colômbia e Venezuela (alto do Orinoco e Bacia do Rio Negro), em áreas florestais, de águas lentas nos principais canais dos rios.
É um peixe que também curte águas ricas em taninos, com bastante material orgânico em decomposição. Seja qual for a "
https://www.kauar.com.br/kits-ou-cardumes/compra-de-cardume-tetra-mcdonald-redyellow-tetra-gold,peixe_ou_camarao,COMPRA DE CARDUME: COMPRE 10 E LEVE 11 PEIXES,Hemigrammus rodwayi,,,,,,6.0 a 7.5,6.0,7.5,23ºC a 28ºC,23.0,28.0,,,,,,,,,https://images.tcdn.com.br/img/img_prod/749804/compra_de_cardume_tetra_mcdonald_red_yellow_tetra_gold_2183_1_63583247a8b64892905d607078491e3f.jpg,,"Tetra Mcdonald (Tetra Gold), um peixe de água doce para seu aquário
Se você é um apaixonado por Tetras vai se encantar pelo Tetra Mcdonald ou, se preferir, o Tetra Gold. Esse peixinho brilhante como ouro tem um nado em cardume que vai te encantar!
COMPORTAMENTO E CONVIVÊNCIA COM OUTRAS ESPÉCIES
Como outros tetras, o Tetra Mcdonald (Tetra Gold)
é uma espécie de cardume, de comportamento pacífico que, que convive muito bem em aquário comunitários, especialmente, com outros peixes de mesmo porte e temperamento. Mantenha, pelo menos, cerca de 10 indivíduos em seu aquário, para que as cores dos tet"
https://www.kauar.com.br/kits-ou-cardumes/compra-de-cardume-tetra-pink-lemon,peixe_ou_camarao,COMPRA DE CARDUME: COMPRE 10 E LEVE 11 PEIXES,Hyphessobrycon itaparicensis,,,,,,"5,5 a 7,0",5.5,7.0,20ºC e 30ºC,20.0,30.0,,,,,,,,,https://images.tcdn.com.br/img/img_prod/749804/compra_de_cardume_tetra_pink_lemon_2179_1_e215702e74c5af1f0429380e386dbd20.jpeg,,"Tetra Pink Lemon
Hyphessobrycon itaparicensis
Peixes de Água Doce
Características; O Tetra Pink Lemon é um tetra único, uma coloração rosa, que não é muito comum no meio natural, um peixe de cardume, tranquilo e curioso, vai se destacar muito em seu aquário. Ele pode alcançar um tamanho máximo de 3,8 cm, uma expectativa de vida de 3 a 5 anos.
Quer saber mais sobre o Tetra Pink Lemon e os cuidados veterinários da Kauar? E como funciona a entrega até a sua casa? Aprender tudo sobre aclimatação de um novo peixe ornamental em seu aquário? Continue com a Kauar!
ORIGEM, COMPORTAMENTO E CONVÍVIO DO T"
https://www.kauar.com.br/kits-ou-cardumes/compra-de-cardume-tetra-pristela-compre-10-e-leve-11,peixe_ou_camarao,COMPRA DE CARDUME: COMPRE 10 E LEVE 11 PEIXES,Tetra Pristela,,,,,,6.0 a 7.0,6.0,7.0,24ºC a 28ºC,24.0,28.0,,,,,,,,,https://images.tcdn.com.br/img/img_prod/749804/compra_de_cardume_compre_10_e_leve_11_peixes_tetra_pristela_1_a_2_cm_pristella_maxillaris_2193_1_98529bd56e9d1939b6877dd20a1d46a7.jpg,,"Tetra Pristella (Pristella Maxillaris), um peixe lindo para seu aquário de água doce
De coloração brilhante e marcações multicoloridas, o
Tetra Pristella faz sucesso em qualquer aquário comunitário. Esse peixinho é pacífico e convive bem com a maioria dos peixes. É natural da
América do Sul, bacia Amazônica e do Orinoco. Suas marcações amarelas, pretas e brancas são muito características e fazem com que um cardume de Tetra Pristella se destaque no aquário.
Ambientação e comportamento com outras espécies
É uma espécie de cardume, de comportamento pacífico que, que convive muito bem em aquário c"
https://www.kauar.com.br/kits-ou-cardumes/compra-de-cardume-tetra-red-cherry,peixe_ou_camarao,COMPRA DE CARDUME: COMPRE 10 E LEVE 11 PEIXES,,,,,,,"6,0 a 7,2",6.0,7.2,15,15.0,15.0,,,,,,,,,https://images.tcdn.com.br/img/img_prod/749804/compra_de_cardume_compre_10_e_leve_11_peixes_tetra_red_cherry_4_cm_a_5_cm_hyphessobrycon_sp_muzuel_2177_1_e51acdc8b6b4ed9468d4a222c1e7ffff.jpg,,"Tetra Red Cherry, um peixe super colorido para seu aquário de água doce
O Tetra Red Cherry é muito parecido com o Tetra Foguinho, porém, ele alcança o dobro do tamanho do seu ""primo"", chegando a medir entre 4 cm e 5 cm. É um peixe ornamental de origem amazônica e ficará muito bem ambientando em seu aquário, seja ele um biótopo amazônico ou um aquário comunitário com peixes igualmente pacíficos.
É um peixe, como outros tetras, cardumeiro, por isso, não tenha apenas somente um peixe Tetra Red Cherry em seu aquário.  Possui uma cor avermelhada intensa e vibrante, que se destaca também em aguários"
https://www.kauar.com.br/lagos-e-aquarios/manutencao-de-lagos-e-aquarios,peixe_ou_camarao,Manutenção de lagos e aquários,Serviços Premium,,,,,,"3,",3.0,3.0,,,,,,,,,,,,https://images.tcdn.com.br/img/img_prod/749804/manutencao_de_aquarios_e_lagos_servicos_premium_kauar_lab_2129_1_c4ca773642f1e2ce62250070125314f6.jpg,,"Manutenção e limpeza de aquários marinhos, aquários de água doce e lagos
O aquarismo é um hobby fantástico
e recomendamos que você conheça e curta todo o processo de cuidar do seu aquário e se conectar com a natureza.  Mas,
se o seu aquário ou lago estão em uma empresa, ou seu tempo está apertado ou o desafio está muito grande, temos uma equipe experiente e pronta para te atender
e trazer seu aquário de volta para ser aquele destaque que ele nunca deveria ter deixado de ser.
Nossos serviços não se restringem à limpeza e manutenção. Sabemos que todo aquarista é curioso sobre como cuidar do seu "
https://www.kauar.com.br/peixes-agua-doce/asiaticos/arco-iris-agulha-iriatherina-werneri,peixe_ou_camarao,Iriatherina,Iriatherina werneri,,,,,,6.0,6.0,6.0,24ºC e 28ºC,24.0,28.0,,,,,,,,,https://images.tcdn.com.br/img/img_prod/749804/iriatherina_2_a_3cm_iriatherina_werneri_1607_1_6c171d419e224bf0f1ca3dcf0a6fe75d.jpg,,"DE COLORIDO INTENSO, O
IRIATHERINA WERNERI
É UM PEIXE QUE SE DÁ MUITO BEM EM AQUÁRIO PLANTADO. ELE VIVERÁ MUITO BEM EM UM PH ENTRE 6.0 A 7.0.
Quer saber mais sobre o
Iriatherina werneri
e os cuidados veterinários da Kauar? E como funciona a entrega até a sua casa? Aprender tudo sobre aclimatação de um novo peixe ornamental em seu aquário? Continue com a Kauar!
ORIGEM, COMPORTAMENTO E CONVÍVIO DO IRIATHERINA WERNERI
Espécie bastante pacífica e de colorido intenso, comumente utilizado em aquário plantado. Deve-se manter em grupo de cinco ou mais indivíduos com a proporção de um macho para cada d"
https://www.kauar.com.br/peixes-agua-doce/asiaticos/baiacu-figura-8,peixe_ou_camarao,Baiacu 8,Tetraodon Biocellatus,,,,,,"6,6 a 7,6",6.6,7.6,22ºC e 28ºC,22.0,28.0,,,,,,,,,https://images.tcdn.com.br/img/img_prod/749804/baiacu_8_puffer_figure_8_4_a_5_cm_tetraodon_biocellatus_1735_1_ac9b758f7141933e4a50fc6db0c88124.jpg,,"O baiacu figura oito possui riscas amarelas esverdeadas em suas costas que podem variar em seu formato de peixe para peixe, porém os ocelos lembram o número oito. Daí seu nome comum. Talvez seja o baiacú mais comum encontrado no aquarismo, não sendo indicado para aquarista iniciante devido sua necessidade alimentar especifica e alta qualidade da água.
Quer saber mais sobre o Baiacu e os cuidados veterinários da Kauar? E como funciona a entrega até a sua casa? Aprender tudo sobre aclimatação de um novo peixe ornamental em seu aquário? Continue com a Kauar!
ORIGEM, COMPORTAMENTO E CONVÍVIO DO BA"
https://www.kauar.com.br/peixes-agua-doce/asiaticos/baiacu-green-spotted-spotted-puffer-5-a-7-cm-tetraodon-biocellatus,peixe_ou_camarao,Baiacu Green Spotted,Spotted Puffer,,,,,,"6,6 a 7,6",6.6,7.6,"22ºC
e 28ºC",22.0,28.0,,,,,,,,,https://images.tcdn.com.br/img/img_prod/749804/baiacu_spotted_spotted_puffer_4_a_6_cm_tetraodon_nigroviridis_1881_2_54d486188e6d419f12069d774f72cdbf.jpeg,,"O Baiacu spotted possui base amarela com marcações em forma de pontos em suas costas que podem variar em seu formato de peixe para peixe, vem daí seu nome comum. É um dos Baiacus mais valorizados no mercado e pouco conhecido no Brasil. Os Baiacus preferem água doce até levemente salobra encontradas em mangues e estuários. Na natureza se alimentam de pequenos crutáceos como caramujos. Na Kauar já realizamos a transição para ração e passam por intenso processo de quarentena para certificarmos que estão livres de parasitas.
Quer saber mais sobre o Baiacu e os cuidados veterinários da Kauar? E com"
https://www.kauar.com.br/peixes-agua-doce/asiaticos/botia-palhaco,peixe_ou_camarao,Bótia Palhaço,Chromobotia Macracanthus,,,,,,5 a 8.,5.0,8.0,25 e 30ºC,25.0,30.0,,,,,,,,,https://images.tcdn.com.br/img/img_prod/749804/botia_palhaco_5_a_7_cm_chromobotia_macracanthus_1035_1_0053208677157f9d7630a8a7ba2ce3a2.jpg,,"Botia Palhaço
Peixes de água doce
Peixes Ornamentais
Origem:
encontradas na Tailândia.
Características
: É a espécie mais colorida do gênero Bótia, daí a denominação Bótia-Palhaço. Em cavidades ao lado dos olhos, o bótia-palhaço apresenta ferrões retráteis que só aciona quando se sente ameaçado. Possui três pares de barbilhões e não possui dentes em suas mandíbulas.
Comportamento:
Na natureza, esse peixe vivem em cardumes, e caso seja colocado sem outros companheiros de sua espécie no aquário, fica muito inseguro, tendendo a permanecer escondido e pode até mesmo, definhar. O ideal é que você c"
https://www.kauar.com.br/peixes-agua-doce/asiaticos/botia-red-fin-tiger-syncrossus-berdmorei,peixe_ou_camarao,Botia Red Fin Tiger,Syncrossus berdmorei,,,,,,"6,8",6.8,6.8,25 e 30ºC,25.0,30.0,,,,,,,,,https://images.tcdn.com.br/img/img_prod/749804/botia_red_fin_tiger_syncrossus_berdmorei_1525_1_3412a141dfc6fbbc446c1fa096f51648.jpg,,"BOTIA RED FIN TIGER
Peixes de água doce
Peixes Ornamentais
Origem:
Encontradas no Sul da Ásia mais propriamente nas correntes da Malásia, Tailândia e Vietname.
Características:
A Botia Red Fin Tiger quando juvenil é bronzeada com listras pretas, mas desenvolve uma tonalidade corporal esverdeada com nadadeiras vemelhas brilhantes conforme amadurece. É um peixe muito ativo, curioso e gregário por natureza.
Comportamento:
O Botia Red Fin Tiger é um peixe que deve ser mantido em grupos da mesma espécie.  Esse peixe é altamente territorial, e muitas brigas serão observadas. Durante essas interações"
https://www.kauar.com.br/peixes-agua-doce/asiaticos/cobrinha-kuhli-black-pangio-kuhlii,peixe_ou_camarao,Cobrinha Kuhli Black,Pangio kuhlii,,,,,,,,,24 à 30ºC,24.0,30.0,,,,,,,,Cobrinhas,https://images.tcdn.com.br/img/img_prod/749804/cobrinha_kuhli_black_6_a_7_cm_pangio_kuhlii_1609_2_665c5ddfd0b53dde34defe4f376a42ca.jpg,,"COBRINHA KUHLI BLACK
A Cobrinha Kuhli Black é encontrada no sudeste da Ásia. É um
Cobrinha Kuhli Black é um peixe muito tranquilo, adora ficar no fundo do aquário, escavar na areia e explorar possíveis esconderijos. De coloração furtacor, o corpo desse peixe ornamental é semelhante ao de uma enguia, daí o motivo de seu nome popular.
COMPORTAMENTO E COABITAÇÃO COM OUTRAS ESPÉCIES
Pacífica, a Cobrinha Kuhli Black costuma passar várias semanas sem ser vista, uma vez que possui hábito noturno e passa a maior parte de seu tempo enterrada no substrato, aparecendo apenas para se alimentar. Uma forma "
https://www.kauar.com.br/peixes-agua-doce/asiaticos/cobrinha-kuhli-pangio-kuhlii,peixe_ou_camarao,Cobrinha Kuhli,Pangio kuhlii,,,,,,"6,5 a 7,5",6.5,7.5,24 à 30ºC,24.0,30.0,,,,,,,,Cobrinhas,https://images.tcdn.com.br/img/img_prod/749804/cobrinha_kuhli_6_a_7_cm_pangio_kuhlii_1025_1_f2e27054d42f25a8bc9240def0c4dd68.jpg,,"C
OBRINHA KUHLI
A Cobrinha Kuhli  é encontrada no sudeste da Ásia. É um
Cobrinha Kuhli  é um peixe muito tranquilo, adora ficar no fundo do aquário, escavar na areia e explorar possíveis esconderijos. De coloração preta e dourada, as suas marcações realmente lembram a de serpentes, como a Piton Real.
COMPORTAMENTO E COABITAÇÃO COM OUTRAS ESPÉCIES
Pacífica, a Cobrinha Kuhli costuma passar várias semanas sem ser vista, uma vez que possui hábito noturno e passa a maior parte de seu tempo enterrada no substrato, aparecendo apenas para se alimentar. Uma forma de fazê-la se mostrar mais é manter um "
https://www.kauar.com.br/peixes-agua-doce/asiaticos/goby-sabao,peixe_ou_camarao,Goby Sabão,,,,,,,"6,8",6.8,6.8,26ºC,26.0,26.0,,,,,,,,,https://images.tcdn.com.br/img/img_prod/749804/goby_sabao_1535_1_20201211001319.jpg,,"GOBY SABÃO
PEIXES DE ÁGUA DOCE
PEIXES DE AQUÁRIO
Origem:
Ásia
Características:
Comportamento e convivência com outras espécies:
o
Ambientação do aquário:
Conheça nossa linha de
aquascape
com lindas opções de
botânicos
,
substratos
e
tocas para peixes
para ornamentar seu aquário.
Parâmetros da água:
mantenha a temperatura por volta por volta de 26ºC e o PH em torno de 6,8. Aqui na Kauar você também encontra
condicionadores de água e tamponadores
para seu aquário.
Reprodução:
um casal se forma pacificamente, sem disputas ou brigas. A fêmea deposita os ovos entre as plantas que são fecundados pel"
https://www.kauar.com.br/peixes-agua-doce/asiaticos/melanotaenia-trifasciata-red-gold,peixe_ou_camarao,Melanotaenia Trifasciata Red Gold,,,,,,,"6,6 a 7,4",6.6,7.4,22 a 30,22.0,30.0,,,,,,,,,https://images.tcdn.com.br/img/img_prod/749804/melanotaenia_trifasciata_red_gold_1095_1_d62338b027c4ebd23437f4d1061ffd22.jpg,,"Melanotaenia Trifasciata Red Gold
Peixe ornamental
Peixe de aquário
Origem:
encontrado nas regiões da Ásia.
Características:
O Arco Íris Melanotaenia Trifasciata é um peixe ornamental que se destaca pela sua coloração bastante chamativa daí vem o motivo de seu nome. Apesar de seu tamanho reduzido, esse peixinho possui um corpo robusto que se destaca.
Comportamento e Coabitação com outras espécies:
é um peixe muito sociável e de hábitos tranquilos. Espécie bastante sociável, por isso aconselha-se a mantê-lo em grupos de pelo menos 6 espécimes ou mais, usando como base duas fêmeas para cada mach"
https://www.kauar.com.br/peixes-agua-doce/asiaticos/panda-garra-garra-flavatra-3-cm-a-4-cm,peixe_ou_camarao,Garra Panda,Garra Flavatra,,,,,,"6,8 a 7,2",6.8,7.2,23 a 27 ° C,23.0,27.0,,,,,,,,,https://images.tcdn.com.br/img/img_prod/749804/panda_garra_garra_flavatra_3_cm_a_4_cm_1753_1_bdaab19e02fb1ed5fd1d55ea649ab634.jpg,,"Garra Panda
Peixes de Aquário
Peixes Ornamentais
Origem:
Ásia
Características, c
omportamento e convivência com outras espécies:
é um peixe muito pacífico, que convive muito bem com outros peixes, inclusive da mesma espécies. Em seu aquário, pode ser mantido solitário ou com outras Garras Panda.
Aqui na Kauar você encontra várias espécies de
peixes
que são ótimas companheiras de aquário para as
Garras Panda.
Parâmetros da água:
Os valores recomendados são  PH de 6,8 a 7,2. A temperatura ideal varia entre 23 a 27 ° C.  Confira nossa linha com produtos das melhores marcas para
cuidados com a águ"
https://www.kauar.com.br/peixes-agua-doce/asiaticos/paulistinha-matriz,peixe_ou_camarao,Paulistinha,Danio Rerio,,,,,,"6,4 a 7,5",6.4,7.5,20ºC e 28ºC,20.0,28.0,,,,,,,,,https://images.tcdn.com.br/img/img_prod/749804/paulistinha_matriz_1919_1_0a3d83e9092c2eebd6bb7e15dfcdc946.jpg,,"O Paulistinha, também conhecido como Paulistinha Zebra Danio, Danio Renio ou Zebra Fish, tem esse nome devido a suas listras, que segundo os aquaristas, lembram muito a bandeira de São Paulo, porém vale a pena lembrar que o peixe tem sua origem na Índia.
Quer saber mais sobre o Paulistinha e os cuidados veterinários da Kauar? E como funciona a entrega até a sua casa? Aprender tudo sobre aclimatação de um novo peixe ornamental em seu aquário? Continue com a Kauar!
ORIGEM, COMPORTAMENTO E CONVÍVIO DO PAULISTINHA
Embora atinja pequeno tamanho, é uma espécie bastante ativa que nada freneticamente "
https://www.kauar.com.br/peixes-agua-doce/asiaticos/paulistinha-tigre-veu,peixe_ou_camarao,Paulistinha Tigre Véu,Danio rerio,,,,,,"6,4 a 7,5",6.4,7.5,20ºC e 28ºC,20.0,28.0,,,,,,,,,https://images.tcdn.com.br/img/img_prod/749804/paulistinha_tigre_matriz_1577_1_d87cbc454e0dd4dff63a733d54656e9e.jpg,,"Tamanho grande
O Paulistinha, também conhecido como Paulistinha Zebra Danio, Danio Renio ou Zebra Fish, tem esse nome devido a suas listras, que segundo os aquaristas, lembram muito a bandeira de São Paulo, porém vale a pena lembrar que o peixe tem sua origem na Índia.
Quer saber mais sobre o Paulistinha Tigre Véu e os cuidados veterinários da Kauar? E como funciona a entrega até a sua casa? Aprender tudo sobre aclimatação de um novo peixe ornamental em seu aquário? Continue com a Kauar!
ORIGEM, COMPORTAMENTO E CONVÍVIO DO PAULISTINHA TIGRE VÉU
Embora atinja pequeno tamanho, é uma espécie bast"
https://www.kauar.com.br/peixes-agua-doce/asiaticos/paulistinha-veu,peixe_ou_camarao,Paulistinha Veú,Danio Rerio,,,,,,"6,4 a 7,5",6.4,7.5,20ºC e 28ºC,20.0,28.0,,,,,,,,,https://images.tcdn.com.br/img/img_prod/749804/paulistinha_veu_1055_1_80150643070e8667f3dae832e7471781.jpg,,"O Paulistinha, também conhecido como Paulistinha Zebra Danio, Danio Renio ou Zebra Fish, tem esse nome devido a suas listras, que segundo os aquaristas, lembram muito a bandeira de São Paulo, porém vale a pena lembrar que o peixe tem sua origem na Índia.
Quer saber mais sobre o Paulistinha Véu e os cuidados veterinários da Kauar? E como funciona a entrega até a sua casa? Aprender tudo sobre aclimatação de um novo peixe ornamental em seu aquário? Continue com a Kauar!
ORIGEM, COMPORTAMENTO E CONVÍVIO DO PAULISTINHA VÉU
Embora atinja pequeno tamanho, é uma espécie bastante ativa que nada freneti"
https://www.kauar.com.br/peixes-agua-doce/asiaticos/peixe-lapis-nannostomus-marginatus,peixe_ou_camarao,Peixe Lápis Anão Torpedinho,Nannostomus marginatus,,,,,,5.0 e 7.0,5.0,7.0,24°C a 28°C,24.0,28.0,,,,,,,,,https://images.tcdn.com.br/img/img_prod/749804/peixe_lapis_anao_nannostomus_marginatus_1059_1_b752ca293402f1fc87229d4ebcb86cbb.jpg,,"Peixe Lápis Anão, uma beleza nano para seu aquário amazônico ou comunitário
Uma espécie pequena e extremamente pacífica, ideal para aquários comunitários, Amazônicos e Nanos. O Lápis Anão é o menor dos Peixes Lápis, quando adulto não passa dos 3,5 cm. Um peixinho muito curioso, ativo e sociável, o ideal é que você tenha pelo menos 5 exemplares em seu aquário, em cardume mostrará o melhor de suas cores. É
um peixe de fácil aclimatação e cuidados. Viverá muito bem em um aquário com PH levemente ácido a neutro (PH entre 5.0 e 7.0).
Comportamento e convivência com outras espécies
O Peixe Lápis Anã"
https://www.kauar.com.br/peixes-agua-doce/barbos-e-danios/barbo-tinfoil-4-a-5-barbonymus-schwanenfeldii,peixe_ou_camarao,Barbo Tinfoil Red Tail,Barbonymus schwanenfeldii,,,,,,"6,6 a 8,0",6.6,8.0,23ºC e 27ºC,23.0,27.0,,,,,,,,Barbo,https://images.tcdn.com.br/img/img_prod/749804/barbo_tinfoil_red_tail_7_a_9_barbonymus_schwanenfeldii_1829_1_9a05db7c55023a93fc15cb29ac4b7eb5.jpg,,"BARBO TINFOIL: UM PEIXE JUMBO QUE VAI TE ENCANTAR!
O Barbo Tinfoil é um peixe ornamental de aquário de água-doce, pacífico, ideal para aquários Jumbo e aquários comunitários. É um peixe muito tranquilo, ele se destaca pelo seu colorido intenso e seu comportamento ativo. De tamanho grande, o Barbo Tinfoil  chega a alcançar 30 cm quando adulto, por isso é muito procurado por aquaristas de aquários jumbo.
ORIGEM, COMPORTAMENTO E CONVÍVIO DO BARBO TINFOIL
O Barbo é um peixe muito pacífico, por isso é uma ótima opção para quem tem aquário comunitário jumbo, porém podem demonstrar algum comportament"
https://www.kauar.com.br/peixes-agua-doce/barbos-e-danios/barbo-tinfoil-red-tail-albino-4-a-5-barbonymus-schwanenfeldii,peixe_ou_camarao,Barbo Tinfoil Red Tail Albino,Barbonymus schwanenfeldii,,,,,,"6,6 a 8,0",6.6,8.0,23ºC e 27ºC,23.0,27.0,,,,,,,,Barbo,https://images.tcdn.com.br/img/img_prod/749804/barbo_tinfoil_red_tail_albino_7_a_9_cm_barbonymus_schwanenfeldii_1847_1_3e0fd6dcc30995162d1d2a30b4e63050.jpg,,"BARBO
TINFOIL ALBINO
O Barbo
Tinfoil Albino
é um peixe ornamental de aquário de água-doce, pacífico, ideal para aquários Jumbo e aquários comunitários. É
um peixe muito tranquilo, ele se destaca pelo seu colorido intenso e seu comportamento ativo. De tamanho grande, o Barbo Tinfoil Albino chega a alcançar 30 cm quando adulto, por isso é muito procurado por aquaristas de aquários jumbo.
Quer saber mais sobre o Barbo
Tinfoil Albino
os cuidados veterinários da Kauar? E como funciona a entrega até a sua casa? Aprender tudo sobre aclimatação de um novo peixe ornamental em seu aquário? Continue com "
https://www.kauar.com.br/peixes-agua-doce/barbos-e-danios/barbus-gema-barbodes-semifasciolatus,peixe_ou_camarao,Barbus Gema,,,,,,,"6,0 a 8,0",6.0,8.0,23ºC e 27ºC,23.0,27.0,,,,,,,,,https://images.tcdn.com.br/img/img_prod/749804/barbus_gema_4_a_5_cm_barbodes_semifasciolatus_vibrante_e_luminoso_1673_1_0ddb8422fecf5fc20c45799bce622662.jpg,,"BARBOS GEMA: UM PEIXINHO SUPER COLORIDO E ALEGRE QUE VAI TE ENCANTAR
O Barbus Gema é um peixe ornamental de aquário de água-doce, pacífico, ideal para aquários plantados e aquários comunitários. É
um peixinho muito tranquilo, ele se destaca pelo seu colorido intenso e seu comportamento ativo. De tamanho reduzido, o Barbus chega a alcançar 5 cm, por isso é muito procurado por aquaristas de aquários plantados.
Quer saber mais sobre o Barbu Gema e os cuidados veterinários da Kauar? E como funciona a entrega até a sua casa? Aprender tudo sobre aclimatação de um novo peixe ornamental em seu aquário"
https://www.kauar.com.br/peixes-agua-doce/botias/botia-ana-ambastaia-sidthimunki,peixe_ou_camarao,Botia Anã,Botia Pigmeu,,,,,,6.0 a 8.0,6.0,8.0,26ºC a 28ºC,26.0,28.0,,,,,,,,,https://images.tcdn.com.br/img/img_prod/749804/botia_an_botia_pigmeu_2_a_4_cm_ambastaia_sidthi_1_20250821114121_ffd539c72b62.jpg,,"UM PEIXE PACIFICO, PEQUENO E SUPER CARISTMATICO, VENHA CONHECER MAIS SOBRE E MENOR BOTIA DO MUNDO.
Muito querida, e buscada, no aquarismo a Botia Anã, ou Botia Pigmeu, é uma pequena Botia nativa das bacias dos Rios Chao Phraya , Mekong e Maeklong, na Asia. Seu tamanho máximo é 5,5 cm, o que faz dela um dos menores membros da família das Botias. Um peixe muito ativo e curioso, adora nadar em cardume, prefere nada mais próximo ao substrato, mas se aventura em outras partes do aquário, pois adoram explorar, ainda mais em cardume.
Quer saber um pouco mais sobre a Botia Anã e os cuidados da Kauar? "
https://www.kauar.com.br/peixes-agua-doce/botias/botia-chinese-kansu,peixe_ou_camarao,Botia Chinese Kansu,,,,,,,6.8 a 7.8,6.8,7.8,18ºC a 24ºC,18.0,24.0,,,,,,,,,https://images.tcdn.com.br/img/img_prod/749804/botia_chinese_kansu_25_a_3_1_20250821145323_cf48361e3200.jpeg,,"UM PEIXE DE FUNDO SUPER PACIFICO, E ENCANTADOR VENHA CONHECER MAIS SOBRE A BOTIA CHINESE KANSU.
Com um comportamento ativo e pacifico a Botia Chinese Kansu já caiu no gosto dos aquaristas pelo mundo. Com um corpo alongado e elegante a Botia Chinese Kansu possui uma base acinzentada, ou levemente amarelada, com manchas verticais irregulares, que podem variar do marrom ao preto. As nadadeiras possuem um tom mais claro, por vezes translúcido. Quando adulta pode chegar aos 18 cm
Quer saber um pouco mais sobre a Botia Chinese Kansu e os cuidados da Kauar? A baixo temos mais informações.
Nome popula"
https://www.kauar.com.br/peixes-agua-doce/botias/botia-ornate-tigre-schistura-balteata-2552,peixe_ou_camarao,Bótia Ornate Tigre,Schistura balteata,,,,,,5.0 a 6.8,5.0,6.8,23ºC a 30ºC,23.0,30.0,,,,,,,,,https://images.tcdn.com.br/img/img_prod/749804/botia_ornate_tigre_3_a_4_cm_schistura_balteata_2552_1_9e65f196e2cb7fedac7ce3412c7880c0.jpeg,,"Botia Ornate Tigre, um peixe cativante e cheio de personalidade, para seu aquário
A Botia Ornate Tigre, Schistura balteata, é uma novidade incrível para seu aquário. Cheia de presença e personalidade a Boria Ornate Tigre é um peixe ativo e muito curioso, que se destaca bastante dentro do seu aquário, pois possui as barbatanas peitorais adaptadas para ajudar a se movimentar no substrato, dando pequenos saltos. Também se destaca por sua coloração, possui um padrão de listas verticais, que lembram as listras de um tigre, alternando tons de dourado, a marrom, o que cria um belo destaque em seu cor"
https://www.kauar.com.br/peixes-agua-doce/camaroes-e-lagostas/camarao-fantasma-macrobrachium-jelskii,peixe_ou_camarao,Camarão Fantasma,Macrobrachium jelskii,,,,,,"6,5",6.5,6.5,21ºC e 27ºC,21.0,27.0,,,,,,,,,https://images.tcdn.com.br/img/img_prod/749804/camarao_fantasma_2_a_3_cm_macrobrachium_jelskii_1791_1_7940319223eb9b4d232d86691c2a6561.jpg,,"CAMARÃO FANTASMA
O Camarão Fantasma aprecia aquários plantados com parâmetros da água bem equilibrados. É bastante suscetível à intoxicação por amônia e nitrito, então, em caso de descontrole desses parâmetro,
Camarão Fantasma
será primeiro a sentir o efeito desses compostos.
PARÂMETROS DA ÁGUA
Os camarões ornamentais de água doce, como o
Camarão Fantasma
, adaptam-se a uma faixa extensa de PH, entre 6,5 até 8,4. A temperatura pode ser mantida entre 21ºC e 27ºC.
NUTRIÇÃO
Rações específicas para Crustáceos serão super bem aceitas pelo Camarão
Fantasma
. Além disso, são excelentes comedores de a"
https://www.kauar.com.br/peixes-agua-doce/camaroes-e-lagostas/camarao-red-rili-neocaridina-heteropoda,peixe_ou_camarao,Camarão Red Rili,Neocaridina davidi,,,,,,"6,5",6.5,6.5,21ºC e 27ºC,21.0,27.0,,,,,,,,,https://images.tcdn.com.br/img/img_prod/749804/camarao_red_rili_1_a_2_cm_neocaridina_davidi_1797_1_5c483363470d2deecbd2593ccd92f387.jpg,,"CAMARÃO red rili
AS NEOCARIDINAS, COMO O CAMARÃO red rili, RECEBEM DIVERSOS NOMES POPULARES DEPENDENDO DA COR. AS VARIEDADES COLORIDAS FORAM CRIADAS EM CATIVEIRO POIS, NO HABITAT DE ORIGEM, AS NEOCARIDINAS POSSUEM CORES MAIS NEUTRAS E MENOS VIBRANTES. ELAS MEDEM CERCA DE 2,5 CM ATÉ 3 CM COM EXPECTATIVA DE VIDA DE ATÉ 2 ANOS. AS CORES DOS CAMARÕES NEOCARIDINAS SE TORNAM MAIS INTENSAS EM CONDIÇÕES IDEAIS NO AQUÁRIO, PARÂMETROS DA ÁGUA E EXPOSIÇÃO À LUZ EQUILIBRADOS, ALÉM DE ALIMENTAÇÃO ADEQUADA. QUANDO ATINGEM A MATURIDADE SEXUAL, SUAS CORES TAMBÉM FICAM MAIS REALÇADAS.
O Camarão Red Rili a vai "
https://www.kauar.com.br/peixes-agua-doce/camaroes-e-lagostas/copia-camarao-green-jade-neocaridina-heteropoda,peixe_ou_camarao,Camarão Green Jade,Neocaridina davidi,,,,,,"6,5",6.5,6.5,21ºC e 27ºC,21.0,27.0,,,,,,,,,https://images.tcdn.com.br/img/img_prod/749804/camarao_green_jade_1_a_2_cm_neocaridina_davidi_1745_1_c4515550e2be60f696e7201a10c0b271.jpg,,"CAMARÃO green jade
AS NEOCARIDINAS, COMO O CAMARÃO green jade, RECEBEM DIVERSOS NOMES POPULARES DEPENDENDO DA COR. AS VARIEDADES COLORIDAS FORAM CRIADAS EM CATIVEIRO POIS, NO HABITAT DE ORIGEM, AS NEOCARIDINAS POSSUEM CORES MAIS NEUTRAS E MENOS VIBRANTES. ELAS MEDEM CERCA DE 2,5 CM ATÉ 3 CM COM EXPECTATIVA DE VIDA DE ATÉ 2 ANOS. AS CORES DOS CAMARÕES NEOCARIDINAS SE TORNAM MAIS INTENSAS EM CONDIÇÕES IDEAIS NO AQUÁRIO, PARÂMETROS DA ÁGUA E EXPOSIÇÃO À LUZ EQUILIBRADOS, ALÉM DE ALIMENTAÇÃO ADEQUADA. QUANDO ATINGEM A MATURIDADE SEXUAL, SUAS CORES TAMBÉM FICAM MAIS REALÇADAS.
O Camarão Green Jade "
https://www.kauar.com.br/peixes-agua-doce/cascudos-e-coridoras/aspidora-rochai-aspidoras-rochai-1-5-cm-a-2-cm,peixe_ou_camarao,Aspidora Rochai,Aspidoras rochai,,,,,,"6 a 7,5",6.0,7.5,21 a 25 ° C,21.0,25.0,,,,,,,,,https://images.tcdn.com.br/img/img_prod/749804/aspidora_rochai_aspidoras_rochai_1_5_cm_a_2_cm_1875_1_410ba05a05194355fc7fe1698b3ad6b1.jpg,,"Aspidora Rochai
Peixes de Aquário
Peixes Ornamentais
Origem:
América do Sul
Características:
a Aspidora R
ochai
também é conhecida como falsa Coridora e atinge no máximo 4,4 cm. Assim como as coridoras, são peixinhos de fundo, super pacíficas, e lindas.
Comportamento e convivência com outras espécies:
essa espécie é calma, gregária e ativa. Aqui na Kauar você encontra várias espécies de
peixes
que são ótimas companheiras de aquário para as Aspidoras
Rochai
.
Ambientação do aquário:
as Aspidoras
Rochai
apreciam
vegetação plantas, rochas, raízes e troncos e iluminação branda. Também ficarão muit"
https://www.kauar.com.br/peixes-agua-doce/cascudos-e-coridoras/brachyrhamdia-meesi-cm-a-cm,peixe_ou_camarao,Brachyrhamdia Meesi,,,,,,,"6 a 7,2",6.0,7.2,24 a 26 ° C,24.0,26.0,,,,,,,,,https://images.tcdn.com.br/img/img_prod/749804/brachyrhamdia_meesi_cm_a_cm_1877_1_bef639e8644c69e78da1da974799e6fa.jpg,,"Brachyrhamdia meesi
Peixes de Aquário
Peixes Ornamentais
Origem:
América do Sul: Bacia do rio Amazonas, Brasil.
Características:
Brachyrhamdia meesi é uma pequena espécie de bagre nativo da bacia amazônica, chega no máximo aos 6,1 cm
.
Assim com as Coridoras, os
Brachyrhamdia
meesi
possui espinhos poderosos nas nadadeiras peitorais e dorsais, com os quais podem dar picadas doloridas, deve tomar bastante cuidado na hora de manusear.
Comportamento e convivência com outras espécies:
o
Brachyrhamdia meesi é bem pacífico com peixes do mesmo tamanho, mas pode devorar peixes menores. Convive super be"
https://www.kauar.com.br/peixes-agua-doce/cascudos-e-coridoras/cascudo-abacaxi-6-a-8-cm-pterygoplichthys-pardalis-l021,peixe_ou_camarao,Cascudo L021 Abacaxi,Pterygoplichthys pardalis,,,,,,7.,7.0,7.0,18ºC e 26ºC,18.0,26.0,,,,,,,,,https://images.tcdn.com.br/img/img_prod/749804/cascudo_l021_abacaxi_6_a_8_cm_pterygoplichthys_pardalis_1937_1_a5dba698ad04e70c12dfb922498adec3.jpg,,"Cascudo
Abacaxi | Cascudo L021 |
Peixes de Água Doce | Peixes de Aquário | Peixes de Água Doce
Origem:
natural da Bacia Amazônica.
O cascudo L021 ou simplesmente Cascudo Abacaxi como é comumente conhecido é muito utilizado em lagos e aquários pela sua resistência a diversas variações de parâmetros de água e temperatura. Incansável comedor de algas e limos em lagos, é também muito utilizado na criação de outras espécies de peixes, auxiliando na manutenção de tanques e sistemas produtivos. Reproduz com muita facilidade em tanques ou lagos, o que o torna o principal cascudo utilizado em ornamenta"
https://www.kauar.com.br/peixes-agua-doce/cascudos-e-coridoras/cascudo-ancistrus-albino,peixe_ou_camarao,Cascudo Ancistrus Albino,,,,,,,6.2 a 7.8,6.2,7.8,24ºC a 28ºC,24.0,28.0,,,,,,,,,https://images.tcdn.com.br/img/img_prod/749804/cascudo_ancistrus_albino_3_a_6_cm_ancystrus_sp_1801_4_7726462fe811e905792cc633ac6379f3.jpg,,"Nome popular:
Cascudo, Cascudo Ancistrus Albino
Nome científico:
Ancystrus
sp
Família:
Loricariidae
Origem:
América do Sul
Sociabilidade:
Fica bem sozinho, em casal, grupo ou com outras espécies, não costuma desenterrar plantas
PH:
6.2 a 7.8
Dureza da água:
mole
Temperatura ideal:
24ºC a 28ºC
Expectativa de vida:
cerca de 10 anos
Manutenção:
Extremamente fácil
Tamanho adulto:
Por volta dos 12 cm
CASCUDO ANCISTRUS ALBINO PARA UM FUNDO DE AQUÁRIO CHEIO DE MISTÉRIO
Excelente comedor de algas e tento um porte pequeno e elegante, o Cascudo Ancistrus Albino chega, no máximo, a 12 cm quando adulto. P"
https://www.kauar.com.br/peixes-agua-doce/cascudos-e-coridoras/cascudo-ancistrus-spotted,peixe_ou_camarao,Cascudo Ancistrus Spotted,,,,,,,7.,7.0,7.0,18ºC e 26ºC,18.0,26.0,,,,,,,,,https://images.tcdn.com.br/img/img_prod/749804/cascudo_ancistrus_spotted_1767_1_cdae972faab75da2c88abe3f4578d2cf.jpg,,"Cascudos Ancistrus Spotted Véu | L144
Peixes de Água Doce | Cascudos
Origem:
natural da Bacia Amazônica.
Características:
Delicado e fofo, essas são características desse cascudo conhecido pelo seu tamanho reduzido. Os cascudos são peixes ornamentais de aquário muito dóceis e úteis, pois removem incansavelmente algas dos cascalhos, plantas, troncos  e vidros. Existem muitas variações de cascudos e, claro,  todos possuem características em comuns. Recobrindo a pupila, os cascudos possuem um apêndice que se expande ou contrai, controlando a entrada e saída de luz. Além disso, tem o dorso revesti"
https://www.kauar.com.br/peixes-agua-doce/cascudos-e-coridoras/cascudo-ancistrus-spotted-veu-l144,peixe_ou_camarao,Cascudo Ancistrus Spotted Véu,,,,,,,7.,7.0,7.0,18ºC e 26ºC,18.0,26.0,,,,,,,,,https://images.tcdn.com.br/img/img_prod/749804/cascudo_ancistrus_spotted_veu_l144_1049_1_2ab13adb67aaf2fde97fed3edb27494d.jpg,,"Cascudos Ancistrus Spotted Véu | L144
Peixes de Água Doce | Cascudos
Origem:
natural da Bacia Amazônica.
Características:
Delicado e fofo, essas são características desse cascudo conhecido pelo seu tamanho reduzido. Os cascudos são peixes ornamentais de aquário muito dóceis e úteis, pois removem incansavelmente algas dos cascalhos, plantas, troncos  e vidros. Existem muitas variações de cascudos e, claro,  todos possuem características em comuns. Recobrindo a pupila, os cascudos possuem um apêndice que se expande ou contrai, controlando a entrada e saída de luz. Além disso, tem o dorso revesti"
https://www.kauar.com.br/peixes-agua-doce/cascudos-e-coridoras/cascudo-angelicus-hypancistrus-sp-l005,peixe_ou_camarao,Cascudo Angelicus,,,,,,,7.,7.0,7.0,18ºC e 26ºC,18.0,26.0,,,,,,,,,https://images.tcdn.com.br/img/img_prod/749804/cascudo_angelicus_hypancistrus_sp_l005_1855_1_90495b60dc3d828a81b3f2178108a6c5.jpg,,"Cascudo Angelicus | Cascudo L005 | Peixes de Aquário | Peixes de Água Doce
Origem:
natural da Bacia Amazônica.
Características:
Os cascudos são peixes ornamentais de aquário muito dóceis e úteis, pois removem incansavelmente algas dos cascalhos, plantas, troncos  e vidros. Existem muitas variações de cascudos e, claro,  todos possuem características em comuns. Recobrindo a pupila, os cascudos possuem um apêndice que se expande ou contrai, controlando a entrada e saída de luz. Além disso, tem o dorso revestido por placas ósseas. A boca que, funciona como uma ventosa, permite adesão a pedras, ga"
https://www.kauar.com.br/peixes-agua-doce/cascudos-e-coridoras/cascudo-angelicus-l004,peixe_ou_camarao,Cascudo,,,,,,,7.,7.0,7.0,18ºC e 26ºC,18.0,26.0,,,,,,,,,https://images.tcdn.com.br/img/img_prod/749804/cascudo_angelicus_l004_1069_1_e733eaddb8108e8b752accd99c2206fb.jpg,,"Cascudo Angelicus L004
Peixes de Água Doce
Origem:
natural da Bacia Amazônica.
Características:
Os cascudos são peixes ornamentais de aquário muito dóceis e úteis, pois removem incansavelmente algas dos cascalhos, plantas, troncos  e vidros. Existem muitas variações de cascudos e, claro,  todos possuem características em comuns. Recobrindo a pupila, os cascudos possuem um apêndice que se expande ou contrai, controlando a entrada e saída de luz. Além disso, tem o dorso revestido por placas ósseas. A boca que, funciona como uma ventosa, permite adesão a pedras, galhos, folhas e, inclusive, ao vi"
https://www.kauar.com.br/peixes-agua-doce/cascudos-e-coridoras/cascudo-banjo-bunocephalus-coracoideus,peixe_ou_camarao,Cascudo  Banjo,Bunocephalus coracoideus,,,,,,7.,7.0,7.0,18ºC e 26ºC,18.0,26.0,,,,,,,,,https://images.tcdn.com.br/img/img_prod/749804/cascudo_banjo_bunocephalus_coracoideus_1015_2_f2ade96580a3b76af7f276da17cc61ad.jpg,,"Cascudo Banjo |
Peixe Cascudo |
Peixes de Aquário | Peixe de Água Doce
Origem:
natural da Bacia Amazônica.
Características:
Os
cascudos, como o
Cascudo Banjo,
são
peixes ornamentais de aquário
muito dóceis e úteis, pois removem incansavelmente algas dos cascalhos, plantas, troncos  e vidros. Existem muitas variações de cascudos e, claro,  todos possuem características em comuns. Recobrindo a pupila, os cascudos possuem um apêndice que se expande ou contrai, controlando a entrada e saída de luz. Além disso, tem o dorso revestido por placas ósseas. A boca que, funciona como uma ventosa, permite "
https://www.kauar.com.br/peixes-agua-doce/cascudos-e-coridoras/cascudo-bola-branca-cascudo-l020,peixe_ou_camarao,Cascudo Bola Branca,,,,,,,7.,7.0,7.0,18ºC e 26ºC,18.0,26.0,,,,,,,,,https://images.tcdn.com.br/img/img_prod/749804/cascudo_bola_branca_cascudo_l020_1715_1_28b09892aeecdc13239cc5648f701cb0.jpg,,"Cascudos
Cascudo Bola Branca
Cascudo L020
Peixes de Água Doce
Origem:
natural da Bacia Amazônica.
Características:
Os cascudos são peixes ornamentais de aquário muito dóceis e úteis, pois removem incansavelmente algas dos cascalhos, plantas, troncos  e vidros. Existem muitas variações de cascudos e, claro,  todos possuem características em comuns. Recobrindo a pupila, os cascudos possuem um apêndice que se expande ou contrai, controlando a entrada e saída de luz. Além disso, tem o dorso revestido por placas ósseas. A boca que, funciona como uma ventosa, permite adesão a pedras, galhos, folhas "
https://www.kauar.com.br/peixes-agua-doce/cascudos-e-coridoras/cascudo-cara-chata-l259,peixe_ou_camarao,Cascudo Cara Chata,,,,,,,7.,7.0,7.0,18ºC e 26ºC,18.0,26.0,,,,,,,,,https://images.tcdn.com.br/img/img_prod/749804/cascudo_cara_chata_l259_1157_1_a273a91847c4770b4f792cbaddc2294e.jpg,,"Cascudos
Cascudo Cara Chata
Peixes de Água Doce
Origem:
natural da Bacia Amazônica.
Características:
Os cascudos são peixes ornamentais de aquário muito dóceis e úteis, pois removem incansavelmente algas dos cascalhos, plantas, troncos  e vidros. Existem muitas variações de cascudos e, claro,  todos possuem características em comuns. Recobrindo a pupila, os cascudos possuem um apêndice que se expande ou contrai, controlando a entrada e saída de luz. Além disso, tem o dorso revestido por placas ósseas. A boca que, funciona como uma ventosa, permite adesão a pedras, galhos, folhas e, inclusive, "
https://www.kauar.com.br/peixes-agua-doce/cascudos-e-coridoras/cascudo-galaxias-leporacanthicus-galaxias-l029,peixe_ou_camarao,Cascudo Galaxia,,,,,,,7.,7.0,7.0,18ºC e 26ºC,18.0,26.0,,,,,,,,,https://images.tcdn.com.br/img/img_prod/749804/cascudo_galaxias_leporacanthicus_galaxias_l029_1857_1_3a5c3e5386a4ad8a625f0877ff265c1d.jpg,,"Cascudo
Galaxia | Cascudo L029 |
Peixes de Água Doce | Peixes de Aquário | Peixes de Água Doce
Origem:
natural da Bacia Amazônica.
Características:
os cascudos, como o Cascudo Galaxia,  são peixes ornamentais de aquário muito dóceis e úteis, pois removem incansavelmente algas dos cascalhos, plantas, troncos  e vidros. Existem muitas variações de cascudos e, claro,  todos possuem características em comuns. Recobrindo a pupila, os cascudos possuem um apêndice que se expande ou contrai, controlando a entrada e saída de luz. Além disso, tem o dorso revestido por placas ósseas. A boca que, funciona"
https://www.kauar.com.br/peixes-agua-doce/cascudos-e-coridoras/cascudo-parnaibai-sertanejo-muzuel-4-cm-a-6-cm,peixe_ou_camarao,Cascudo Parnaibai Sertanejo Muzuel,,,,,,,7.,7.0,7.0,18ºC e 26ºC,18.0,26.0,,,,,,,,,https://images.tcdn.com.br/img/img_prod/749804/cascudo_parnaibai_sertanejo_muzuel_4_cm_a_6_cm_1819_2_64295c9f57f925a1437353369b1f6dbf.jpeg,,"Cascudo Parnaibai Sertanejo
Peixes de Água Doce | Cascudos
Origem:
natural da Bacia Amazônica.
Comportamento e coabitação com outras espécies: o
s cascudos são peixes extremamente pacíficos. Aqui na Kauar você encontra várias espécies de
peixes amazônicos
que são ótimas companheiras de aquário para os cascudos. A docilidade do cascudo também é resultado de um sistema de defesa eficiente. O seu revestimento ósseo dorsal, por exemplo, o protege do ataques de peixes mais agressivos, pois funciona quase como uma carapaça, muito difícil de romper em caso de lutas, sendo assim evitado por predadores"
https://www.kauar.com.br/peixes-agua-doce/cascudos-e-coridoras/cascudo-pedra-l095,peixe_ou_camarao,Cascudo Pedra L095,Pseudorineleps genibarbus,,,,,,7.,7.0,7.0,18ºC e 26ºC,18.0,26.0,,,,,,,,,https://images.tcdn.com.br/img/img_prod/749804/cascudo_l095_pseudorineleps_genibarbus_28_a_30_cm_l095_1851_1_63975d933afc06325b1883d20ac86e83.jpg,,"CASCUDO L095  PARA UM FUNDO DE AQUÁRIO CHEIO DE MISTÉRIO
O Cascudo L095 alcança até 30 cm. Também é conhecido como Cascudo Pedra em função da cor cinza que predomina em seu corpo, contrastando com marcações laranjas nas nadadeiras.
Os cascudos são peixes ornamentais de aquário muito dóceis e úteis, pois removem incansavelmente algas dos cascalhos, plantas, troncos  e vidros. Existem muitas variações de cascudos e, claro,  todos possuem características em comuns.
Recobrindo a pupila, por exemplo, os cascudos possuem um apêndice que se expande ou contrai, controlando a entrada e saída de luz. Al"
https://www.kauar.com.br/peixes-agua-doce/cascudos-e-coridoras/cascudo-rabo-de-chicote-7-cm-a-8-cm-rineloricaria-fallax,peixe_ou_camarao,Cascudo Rineloricaria Fallax,Rineloricaria Fallax,,,,,,7.,7.0,7.0,18ºC e 26ºC,18.0,26.0,,,,,,,,,https://images.tcdn.com.br/img/img_prod/749804/cascudo_rabo_de_chicote_7_cm_a_8_cm_rineloricaria_fallax_1773_1_477cd1a715a3f82c089dab8884bbdc4f.jpg,,"Cascudos
Cascudo Rabo de Chicote
Origem:
natural da Bacia Amazônica.
Comportamento e coabitação com outras espécies: o
s cascudos são peixes extremamente pacíficos. Aqui na Kauar você encontra várias espécies de
peixes amazônicos
que são ótimas companheiras de aquário para os cascudos. A docilidade do cascudo também é resultado de um sistema de defesa eficiente. O seu revestimento ósseo dorsal, por exemplo, o protege do ataques de peixes mais agressivos, pois funciona quase como uma carapaça, muito difícil de romper em caso de lutas, sendo assim evitado por predadores. Os cascudos também possu"
https://www.kauar.com.br/peixes-agua-doce/ccoridora-elegans,peixe_ou_camarao,Coridora Elegans,Corydoras elegans,,,,,,6.0 - 8.0,6.0,8.0,23ºC e 26ºC,23.0,26.0,,,,,,,,Tetras; Cascudos; Rásboras; Nano Cascudos; Peixes Comedores de Alga e muitos outros,https://images.tcdn.com.br/img/img_prod/749804/coridora_elegans_2_a_3_cm_corydoras_elegans_1825_1_388bdbb618d13b5f7b79d804bf7f689d.jpg,,"CORIDORA ELEGANS (CORYDORAS ELEGANS)
A Coridora Elegans é um peixe clássico do aquarismo de água-doce. É famosa e muito procurada por aquaristas de todo o mundo.
Como outras de sua espécie, a Coridora Elegans
é conhecida também por sua capacidade de respirar e rastejar fora d´água por distâncias curtas.
Isso ocorre porque as várias espécies de coridoras, e isto inclui a Coridora Elegans
, podem respirar ar de forma facultativa por meio do intestino. O órgão é altamente vascularizado e evoluiu para facilitar a absorção de oxigênio atmosférico. Isso também facilita que a Coridora Elegans
possa s"
https://www.kauar.com.br/peixes-agua-doce/chidolus-chilodus-punctatus,peixe_ou_camarao,Chilodus,Chilodus punctatus,,,,,,"6,8",6.8,6.8,26ºC,26.0,26.0,,,,,,,,,https://images.tcdn.com.br/img/img_prod/749804/chilodus_chilodus_punctatus_1051_1_fee4e4663ae9221c62fad1673c33f505.jpg,,"Chilodus | Chilodus punctatus
Peixes de água doce
Peixes Ornamentais
Origem:
Encontrado na América do Sul.
Características:
Comportamento:
Apresenta comportamento peculiar sempre nadando com a cabeça voltada para baixo, num ângulo de 45°. O Chilodus é u
ma espécie pacífica e gregária que forma hierarquia livre, podendo ser mantido em aquário comunitário com peixes de tamanho diminuto. Será importante manter em cardume com pelo menos 10 espécimes para que mostrem seu comportamento natural e cores mais realçadas.
Ambientação do aquário:
Prefere aquário com plantas formando áreas sombreadas. Most"
https://www.kauar.com.br/peixes-agua-doce/ciclideos-africanos/aulonocara-pink,peixe_ou_camarao,Aulonocara Pink,,,,,,,"7,0 a 8,6",7.0,8.6,23ºC e 28ºC,23.0,28.0,,,,,,,,,https://images.tcdn.com.br/img/img_prod/749804/aulonocara_pink_5_a_7cm_ciclideo_africano_lago_malawi_1161_1_9fbbf9c51e76c27a2a9b21f22b081715.jpg,,"AULONOCARA PINK, UM CICLÍDEO AFRICANO QUE VAI DEIXAR A FAUNA DO SEU LAGO OU AQUÁRIO AINDA MAIS LINDA
A Aulonocara Pink chama muita atenção por sua cor vibrante. Está entre os ciclídeos africanos mais lindos, um peixe ornamental completamente ROSA!
Como outros peixes da família, ele alcança um tamanho médio entre 9 cm e 12 cm.
SAIBA MAIS SOBRE AS AULONOCARAS
As Aulonocaras são tão coloridas que, muitas vezes, são confundidas com peixes marinhos. Na natureza, são encontradas no Lago Malawi, na África. Só ele abriga mais de 400 espécies de ciclídeos como as Aulonocaras. E isso é apenas uma pequen"
https://www.kauar.com.br/peixes-agua-doce/ciclideos-africanos/aulonocaras/aulonocara-fire-fish-albina-ciclideos-africanos-lago-malawi,peixe_ou_camarao,Aulonocara Fire Fish Albina,,,,,,,"7,0 a 8,6",7.0,8.6,23ºC e 28ºC,23.0,28.0,,,,,,,,,https://images.tcdn.com.br/img/img_prod/749804/aulonocara_fire_fish_albina_ciclideos_africanos_lago_malawi_1227_1_63368b128f83fd9565ab49223411a1d6.jpg,,"AULONOCARA FIRE FISH ALBINA, UM PEIXE DE AQUÁRIO OU LAGO APAIXONANTE
A Aulonocara Fire Fish Albina é uma linda variação que vai deixar seu aquário de ciclídeos africanos ainda mais surpreendente.
Como outros peixes da família, ele alcança um tamanho médio entre 9 cm e 12 cm. Natural do
SAIBA MAIS SOBRE AS AULONOCARAS
As Aulonocaras são tão coloridas que, muitas vezes, são confundidas com peixes marinhos. Na natureza, são encontradas no Lago Malawi, na África. Só ele abriga mais de 400 espécies de ciclídeos como as Aulonocaras. E isso é apenas uma pequena parte de toda a diversidade dessa famíl"
https://www.kauar.com.br/peixes-agua-doce/ciclideos-africanos/aulonocaras/aulonocara-usyia-ciclideos-africanos-lago-malawi,peixe_ou_camarao,Aulonocara Usisya Flavescent,,,,,,,"7,0 a 8,6",7.0,8.6,23ºC e 28ºC,23.0,28.0,,,,,,,,,https://images.tcdn.com.br/img/img_prod/749804/aulonocara_usisya_flavescent_5_a_7cm_ciclideos_africanos_lago_malawi_1027_1_0018e99981949e9aedeb54519366222b.jpg,,"AULONOCARA USISYA FLAVESCENT, UM PEIXE DE AQUÁRIO OU LAGO QUE VAI TE ENCANTAR
Com sua coloração azul vibrante cheia de marcações vermelhas, a Aulonacara Usisya Flavescent
está entre as variedades de Aulonocaras que não decepcionam nunca: são pura beleza! Como outros peixes da família, ela alcança um tamanho médio que varia de 9 cm a 15 cm, sendo ideal para fauna de lagos ornamentais, piscinas naturais ou aquários.
SAIBA MAIS SOBRE AS AULONOCARAS
As Aulonocaras são tão coloridas que, muitas vezes, são confundidas com peixes marinhos. Na natureza, são encontradas no Lago Malawi, na África. Só el"
https://www.kauar.com.br/peixes-agua-doce/ciclideos-africanos/malawi-aulonocaras/aulonocara-fire-fish-golden-5-a-7-cm-ciclideos-africanos-lago-malawi,peixe_ou_camarao,Aulonocara Fire Fish Gold,Ciclídeos africanos,,,,,,"7,0 a 8,6",7.0,8.6,23ºC e 28ºC,23.0,28.0,,,,,,,,,https://images.tcdn.com.br/img/img_prod/749804/aulonocara_fire_fish_gold_5_a_7_cm_ciclideos_africanos_lago_malawi_1911_1_91329d7634f8d88e18f7cd98716f371a.jpg,,"AULONOCARA FIRE FISH GOLD, UM PEIXE DE AQUÁRIO OU LAGO BRILHANTE COMO OURO
A Aulonocara Fire Fish Gold é inconfundível por sua cor intensa e predominante amarela, contrastando com suas lindas marcações brancas azuladas.
Como outros peixes da família dos ciclídeos africanos, ele alcança um tamanho médio entre 9 cm e 12 cm. Natural do Lago Malawi, é um peixe ornamental que vai te maravilhar.
SAIBA MAIS SOBRE AS AULONOCARAS
As Aulonocaras são tão coloridas que, muitas vezes, são confundidas com peixes marinhos. Na natureza, são encontradas no Lago Malawi, na África. Só ele abriga mais de 400 espé"
https://www.kauar.com.br/peixes-agua-doce/ciclideos-africanos/malawi-aulonocaras/aulonocara-maulana-bicolor-ciclideos-africanos-lago-malawi,peixe_ou_camarao,Aulonocara Maulana Bicolor,,,,,,,"7,0 a 8,6",7.0,8.6,23ºC e 28ºC,23.0,28.0,,,,,,,,,https://images.tcdn.com.br/img/img_prod/749804/aulonocara_maulana_bicolor_5_a_7_cm_ciclideos_africanos_lago_malawi_1565_1_feec764c371acc751e278825c46579fd.jpg,,"AULONOCARA MAULANA BICOLOR, UM PEIXE DE AQUÁRIO OU LAGO QUE VAI TE ENCANTAR
A Aulonocara Maulana Bicolor possui a cor predominantemente azul, inclusive na face, com marcações amarelas que elegantemente se manifestam ao longo do corpo.
Como outros peixes da família, ele alcança um tamanho médio entre 9 cm e 15 cm. Natural do Lago Malawi, é um peixe ornamental que vai te maravilhar.
SAIBA MAIS SOBRE AS AULONOCARAS
As Aulonocaras são tão coloridas que, muitas vezes, são confundidas com peixes marinhos. Na natureza, são encontradas no Lago Malawi, na África. Só ele abriga mais de 400 espécies de c"
https://www.kauar.com.br/peixes-agua-doce/ciclideos-africanos/malawi-aulonocaras/aulonocara-ngara-flametail-importada-5-a-7-cm-ciclideos-africanos-lago-malawi,peixe_ou_camarao,Aulonocara Stuartgranti Ngara,,,,,,,"7,0 a 8,6",7.0,8.6,23ºC e 28ºC,23.0,28.0,,,,,,,,,https://images.tcdn.com.br/img/img_prod/749804/aulonocara_stuartgranti_ngara_5_a_7_cm_ciclideos_africanos_reestreia_1865_1_ebf4464fd18ab77fa3916e0c18b2be5c.jpg,,"AULONOCARA STUARTGRANTI NGARA, UM CICLÍDEO AFRICANO PARA LAGO OU AQUÁRIO
A Aulonocara Stuartgranti Ngara é um elegante ciclídeo africano importado, com maravilhoso padrão de cores azul e dourada.
Como outros peixes da família, ele alcança um tamanho médio entre 9 cm e 15 cm.
SAIBA MAIS SOBRE AS AULONOCARAS
As Aulonocaras são tão coloridas que, muitas vezes, são confundidas com peixes marinhos. Na natureza, são encontradas no Lago Malawi, na África. Só ele abriga mais de 400 espécies de ciclídeos como as Aulonocaras. E isso é apenas uma pequena parte de toda a diversidade dessa família, que é f"
https://www.kauar.com.br/peixes-agua-doce/ciclideos-africanos/malawi-aulonocaras/aulonocara-orange-blue-albina-6-a-7-cm-ciclideos-lago-malawi,peixe_ou_camarao,Aulonocara Orange Blue Albina,,,,,,,"7,0 a 8,6",7.0,8.6,23ºC e 28ºC,23.0,28.0,,,,,,,,,https://images.tcdn.com.br/img/img_prod/749804/aulonocara_orange_blue_albina_6_a_7_cm_ciclideos_lago_malawi_1861_1_9c308bfc136d10240ede20e2bcb37d9e.jpg,,"AULONOCARA ORANGE BLUE ALBINA, UM PEIXE DE AQUÁRIO QUE VAI TE ENCANTAR
Conheça a Aulonocara Orange Blue Albina e suas manchas maravilhosas!
Como outros peixes ornamentais da família dos ciclídeos africanos, ele alcança um tamanho médio entre 9 cm e 15 cm. Natural do Lago Malawi, é um peixe que só vai te fazer feliz!
SAIBA MAIS SOBRE AS AULONOCARAS
As Aulonocaras são tão coloridas que, muitas vezes, são confundidas com peixes marinhos. Na natureza, são encontradas no Lago Malawi, na África. Só ele abriga mais de 400 espécies de ciclídeos como as Aulonocaras. E isso é apenas uma pequena parte de"
https://www.kauar.com.br/peixes-agua-doce/ciclideos-africanos/malawi-aulonocaras/aulonocara-pink-orange-blue-5-a-7-cm-ciclideos-lago-malawi,peixe_ou_camarao,Aulonocara Pink OB,,,,,,,"7,0 a 8,6",7.0,8.6,23ºC e 28ºC,23.0,28.0,,,,,,,,,https://images.tcdn.com.br/img/img_prod/749804/aulonocara_pink_ob_5_a_7_cm_ciclideos_lago_malawi_1925_1_7d33801eacead8e05c24892b2698a4cc.jpg,,"AULONOCARA PINK OB, UM LINDO CICLÍDEO AFRICANO PARA SEU AQUÁRIO OU LAGO
A Aulonocara Pink OB é uma variação super linda e divertida, com a corpo predominantemente rosa, com pequenas marcações pretas e azuis ao longo do corpo. Está entre os ciclídeos africanos mais lindos, um peixe ornamental super bonito para integrar sua fauna.
Como outros peixes da família, ele alcança um tamanho médio entre 9 cm e 12 cm.
SAIBA MAIS SOBRE AS AULONOCARAS
As Aulonocaras são tão coloridas que, muitas vezes, são confundidas com peixes marinhos. Na natureza, são encontradas no Lago Malawi, na África. Só ele abrig"
https://www.kauar.com.br/peixes-agua-doce/ciclideos-africanos/malawi-haplochromis/kandango-3-cm-ciclideo-africano-lago-malawi,peixe_ou_camarao,Copadichromis Kandango,Ciclídeo Africano,,,,,,7.8 a 8.6,7.8,8.6,23ºC a 28ºC,23.0,28.0,,,,,,,,,https://images.tcdn.com.br/img/img_prod/749804/kandango_2_5_a_4_cm_ciclideo_africano_lago_malawi_1693_1_583aeb7cf2989bfd8d1b3f8b54656d81.jpg,,"Fotos MERAMENTE ILUSTRATIVAS,  adulto e JUVENIL.
PEIXE KANDANGO
PEIXES DE AQUÁRIO
| CICLÍDEOS AFRICANOS
PEIXES ORNAMENTAIS
Origem:
África (Lago Malawi)
Características:
os Ciclídeos Africanos são peixes ornamentais com características bastante territorialistas e agressivas.
Apresentando padrão de cores manchado, combinado com a capacidade de ficar imóvel, faz o peixe parecer morto. Quando um peixe menor tenta se aproveitar da situação e investir contra o suposto cadáver, ele será recebido com uma enorme boca sendo engolido.
Comportamento e c
oabitação com outras espécies
:
o Kandango
é um
peix"
https://www.kauar.com.br/peixes-agua-doce/ciclideos-africanos/malawi-haplochromis/protomelas-ndiwe-fire-blue-empress,peixe_ou_camarao,Protomelas NDIWE Red Blue Empress,Protomelas taeniolatus,,,,,,7.8 a 8.6,7.8,8.6,23ºC a 28ºC,23.0,28.0,,,,,,,,"Protomelas Ndiwe Fi
re Blue Empress",https://images.tcdn.com.br/img/img_prod/749804/protomelas_ndiwe_fire_blue_empress_11_a_13_cm_protomelas_taeniolatus_1747_1_e2942d3d6e52d8365b7c486c82c30fd9.jpg,,"Protomelas NDIWE Fire Blue Empress
Peixes de Aquário
Peixes Ornamentais
Origem:
África (Lago Malawi)
Características:
os ciclídeos africanos são peixes ornamentais de cores vibrantes, com características muito territorialistas e agressivas. São peixes que se movimentam bastante em seu aquário, justamente porque tentam demarcar seu território obstinadamente. Este é o caso do
Protomelas Ndiwe Fi
re Blue Empress
, que pode alcançar um tamanho médio entre 15 cm a 20 cm. Esse ciclídeo africano possui expectativa de vida entre 5 e 8 anos.
Comportamento e c
oabitação com outras espécies
:
o
Protomela"
https://www.kauar.com.br/peixes-agua-doce/ciclideos-africanos/malawi-haps/iceberg-fryeri-red-5-a-7-cm-sciaenochromis-fryeri,peixe_ou_camarao,Iceberg Fryeri Fire Red,Sciaenochromis fryeri,,,,,,7.8 a 8.6,7.8,8.6,15 a 20,15.0,20.0,,,,,,,,"Iceberg Fryeri
",https://images.tcdn.com.br/img/img_prod/749804/iceberg_fryeri_red_5_a_7_cm_sciaenochromis_fryeri_2516_1_39a13a7c82369b01e997f4721d309f40.jpeg,,"Se busca por ciclídeos Africanos ativos e coloridos, o Fryeri Red é uma ótima opção
Os ciclídeos africanos são peixes ornamentais de cores vibrantes, com características muito territorialistas e agressivas. São peixes que se movimentam bastante em seu aquário, justamente porque tentam demarcar seu território obstinadamente. Este é o caso Iceberg Fryeri que  pode alcançar um tamanho médio entre 15 cm a 20 cm. Esse ciclídeo africano possui expectativa de vida entre 5 e 8 anos.
Comportamento e c
oabitação com outras espécies
:
o
Iceberg Fryeri
é um peixe territorialista e bastante temperamental. "
https://www.kauar.com.br/peixes-agua-doce/ciclideos-africanos/malawi-haps/lethrinops-red-cap-lethrinops-lethrinus,peixe_ou_camarao,Lethrinops Red Cap,Lethrinops lethrinus,,,,,,"7,0 a 8,6",7.0,8.6,23ºC e 28ºC,23.0,28.0,,,,,,,,"Haplochromis Rute Island
",https://images.tcdn.com.br/img/img_prod/749804/lethrinops_red_cap_6_a_7_cm_lethrinops_lethrinus_2530_2_bc172006feceaf3fa01adf759f090efe.jpg,,"LETHARINOPS RED CAP, UM CICLÍDEO AFRICANO com um brilho azul QUE VAI TE ENCANTAR
Natural do Lago Malawi, o Letharinops Red Cap está entre os ciclídeos africanos mais bonitos. Possui um comportamento ativo e um corpo elegante. Sua coloração é puxada para azul, e o topo da cabeça vermelha. Gosta de se esconder nas rochas, e como outros ciclídeos, o
Letharinops Red Cap apresenta cuidado parental.
AMBIENTAÇÃO DO AQUÁRIO
As construções rochosas são muito apreciadas por esses peixes, que amam tocas
,
cavernas e esconderijos. Além disso, as tocas e esconderijos são importantes para a demarcação de te"
https://www.kauar.com.br/peixes-agua-doce/ciclideos-africanos/malawi/boca-azul-pseudocrenilabrus-philander-4-cm-a-6-cm,peixe_ou_camarao,Boca Azul,Pseudocrenilabrus philander,,,,,,"7,2 a 8,5",7.2,8.5,22ºC a 25ºC,22.0,25.0,,,,,,,,,https://images.tcdn.com.br/img/img_prod/749804/boca_azul_pseudocrenilabrus_philander_4_cm_a_6_cm_1765_1_eab9d707e4a33ccb2316b3765038013a.jpg,,"Boca Azul
Peixes de água doce
Peixes Ornamentais
Origem:
O Boca Azul é um ciclídeo africano natural do Lago Malawi
Características:
também conhecido como firemouth, o Peixe Boca de Fogo é uma espécie de peixe ciclídeo nativo da América Central.
Comportamento e c
oabitação com outras espécies:
como outros ciclídeos africanos, o Boca Azul tem comportamento territorialista, porém, direciona sua agressividade para machos da mesma espécie. Em seu aquário, pode ser o único da espécie ou viver em harém. Além da companhia das fêmeas, também pode conviver bem com outros ciclídeos africanos do lago Mala"
https://www.kauar.com.br/peixes-agua-doce/ciclideos-africanos/malawi/haplochromis-zebra-obliquidens,peixe_ou_camarao,Zebra Obliquidens,Haplochromis obliquidens,,,,,,7.8 a 8.6,7.8,8.6,23ºC a 28ºC,23.0,28.0,,,,,,,,"Zebra Obliquidens
",https://images.tcdn.com.br/img/img_prod/749804/haplochromis_zebra_obliquidens_4_a_6_cm_1531_1_39b8aea058521a6f250b892604aa52de.jpg,,"ZEBRA OBLIQUIDENS
PEIXES DE ÁGUA DOCE | CICLÍDEOS AFRICANOS
PEIXES DE AQUÁRIO
Origem:
África (Lago Vitória)
Características:
com sua coloração vibrante variando entre diferentes cores, o Zebra Obliquidens irá chamar atenção para o seu aquário. Os ciclídeos africanos são peixes ornamentais de cores vibrantes, com características muito territorialistas e agressivas. São peixes que se movimentam bastante em seu aquário, justamente porque tentam demarcar seu território obstinadamente.
Comportamento e c
oabitação com outras espécies
:
o Zebra Obliquidens
é um peixe territorialista e bastante temper"
https://www.kauar.com.br/peixes-agua-doce/ciclideos-africanos/malawi/livingstonie-nimbochromis-livingstonii,peixe_ou_camarao,Livingstone,Nimbochromis livingstonii,,,,,,7.8 a 8.6,7.8,8.6,23ºC a 28ºC,23.0,28.0,,,,,,,,,https://images.tcdn.com.br/img/img_prod/749804/livingstone_3_a_5_cm_nimbochromis_livingstonii_ciclideo_africano_lago_malawi_1543_1_f39b03b912dde6449bd6c93e13c93f3d.jpg,,"LINVINGSTONE
PEIXES DE AQUÁRIO
| CICLÍDEOS AFRICANOS
PEIXES ORNAMENTAIS
Origem:
África (Lago Malawi)
Características:
os ciclídeos africanos são peixes ornamentais com características bastante territorialistas e agressivas.
Apresentando padrão de cores manchado, combinado com a capacidade de ficar imóvel, faz o peixe parecer morto. Quando um peixe menor tenta se aproveitar da situação e investir contra o suposto cadáver, ele será recebido com uma enorme boca sendo engolido.
Comportamento e c
oabitação com outras espécies
:
o
Livingstone
é um
peixe bastante pacífico
que poderá ser mantido com q"
https://www.kauar.com.br/peixes-agua-doce/ciclideos-africanos/malawi/venustus-nimbochromis-venustus,peixe_ou_camarao,Venustus,Nimbochromis venustus,,,,,,7.8 a 8.6,7.8,8.6,23ºC a 28ºC,23.0,28.0,,,,,,,,Venustus,https://images.tcdn.com.br/img/img_prod/749804/venustus_2_a_4_cm_nimbochromis_venustus_1519_1_afb55c94d369818a605dc9cbbbc884cd.jpg,,"Venustus
PEIXES DE AQUÁRIO
| CICLÍDEOS AFRICANOS
PEIXES ORNAMENTAIS
Origem:
África (Lago Malawi)
Características:
os ciclídeos africanos são peixes ornamentais de cores vibrantes, com características muito territorialistas e agressivas. São peixes que se movimentam bastante em seu aquário, justamente porque tentam demarcar seu território obstinadamente.
Comportamento e c
oabitação com outras espécies
:
o Venustus é um peixe territorialista e bastante temperamental. Costuma viver em haréns e o ideal é manter 1 macho com 3 a 6 fêmeas  da espécie para auxiliar na boa convivência. É ideal também q"
https://www.kauar.com.br/peixes-agua-doce/ciclideos-africanos/malawi/zebra-borrada-maylandia-zebra,peixe_ou_camarao,Zebra Borrada,Maylandia zebra,,,,,,7.8 a 8.6,7.8,8.6,23ºC a 28ºC,23.0,28.0,,,,,,,,Aulonocaras,https://images.tcdn.com.br/img/img_prod/749804/zebra_borrado_2_a_4_cm_maylandia_zebra_1529_1_bbfa61e708b7ec460d276ef8cb35c4db.jpg,,"ZEBRA BORRADA, UM CICLÍDEO AFRICANO DO GRUPO MBUNA
Zebra Borrada é um ciclídeo do Lago Malawi, do grupo dos Mbunas, nome popular que significa “peixe das rochas” (na linguagem do povo africano Tonga, que habita as margens do Lago, pronuncia-se Mmm-boo-nah). Os Mbunas vivem especialmente nas áreas mais rochosas do biótopo, em fendas, cavernas e grutas subaquáticas localizadas próximas às margens do Lago.
É o grupo mais comum de ciclídeos desse lago africano. Este grande volume populacional de Mbunas na natureza também é responsável por parte do seu territorialismo acentuado, já que as diferente"
https://www.kauar.com.br/peixes-agua-doce/ciclideos-africanos/malawi/zebra-red-top-maylandia-emmiltos,peixe_ou_camarao,Zebra Red Top,Maylandia emmiltos,,,,,,7.8 a 8.6,7.8,8.6,23ºC a 28ºC,23.0,28.0,,,,,,,,"Zebra Red Top
",https://images.tcdn.com.br/img/img_prod/749804/zebra_red_top_maylandia_emmiltos_1779_1_68a0df125769d4bc9d74584f180c3ecb.jpg,,"ZEBRA RED TOP
PEIXES DE ÁGUA DOCE | CICLÍDEOS AFRICANOS
PEIXES DE AQUÁRIO
Origem:
África (Lago Malawi)
Características:
Os ciclídeos africanos são peixes ornamentais de cores vibrantes, com características muito territorialistas e agressivas. São peixes que se movimentam bastante em seu aquário, justamente porque tentam demarcar seu território obstinadamente.
Comportamento e c
oabitação com outras espécies
:
o
Zebra Red Top
é um peixe territorialista e bastante temperamental. Costuma viver em haréns e o ideal é manter 1 macho com 3 a 6 fêmeas  da espécie para auxiliar na boa convivência. É ide"
https://www.kauar.com.br/peixes-agua-doce/ciclideos-africanos/otopharynx-lithobates,peixe_ou_camarao,Otopharynx Lithobates Sulphur Head Hap,,,,,,,7.8 a 8.6,7.8,8.6,23ºC a 28ºC,23.0,28.0,,,,,,,,,https://images.tcdn.com.br/img/img_prod/749804/otopharynx_lithobates_sulphur_head_hap_5_a_8_cm_macho_colorido_1163_1_64495bea1aa6525415bc6155f1ac2fd4.jpeg,,"Otopharynx lithobates
PEIXES DE AQUÁRIO
| CICLÍDEOS AFRICANOS
PEIXES ORNAMENTAIS
Origem:
África (Lago Malawi)
Características:
os ciclídeos africanos são peixes ornamentais de cores vibrantes, com características bastante territorialistas e agressivas. São peixes que se movimentam bastante em seu aquário, justamente porque tentam demarcar seu território obstinadamente. Este é o caso do Otopharynx lithobates pode alcançar um tamanho médio entre 9 cm a 12 cm, sendo que alguns machos podem chegar a 15cm. Esse ciclídeo africano possui expectativa de vida entre 5 e 8 anos.
Comportamento e c
oabitaç"
https://www.kauar.com.br/peixes-agua-doce/ciclideos-africanos/placidochromis-phenochilus-ciclideo-africano-lago-malawi,peixe_ou_camarao,Placidochromis Phenochilus,Ciclídeo Africano,,,,,,7.8 a 8.6,7.8,8.6,15 a 20,15.0,20.0,,,,,,,,Placidochromis phenochilus,https://images.tcdn.com.br/img/img_prod/749804/placidochromis_phenochilus_6_a_8_cm_ciclideo_africano_lago_malawi_1029_1_c22f7da2e93f42a9a227d8b098735c09.jpg,,"Placidochromis phenochilus
Peixes Ornamentais | Ciclídeos Africanos
Peixes de Água Doce
Origem:
África (Lago Malawi)
Características:
os ciclídeos africanos são peixes ornamentais de cores vibrantes, com características bastante territorialistas e agressivas. São peixes que se movimentam bastante em seu aquário, justamente porque tentam demarcar seu território obstinadamente.  É um peixe bastante exuberante. Como outros do mesmo grupo, apresenta um padrão alternado de listras.
Comportamento e coabitação com outras espécies:
o
Placidochromis phenochilus
é um peixe territorialista e bastante tem"
https://www.kauar.com.br/peixes-agua-doce/ciclideos-africanos/tanganika/altolamprologus-compressiceps-gold-head-2-a-4-cm,peixe_ou_camarao,Altolamprologus Compressiceps Gold Head,,,,,,,6.5 a 7.5,6.5,7.5,23ºC a 25ºC,23.0,25.0,,,,,,,,"Gold Head
",https://images.tcdn.com.br/img/img_prod/749804/altolamprologus_compressiceps_gold_head_2_a_3_cm_1879_1_a0a5fdff1e04839872ef4e68f9897cdb.jpg,,"Altolamprologus Compressiceps Gold Head
Peixes de Aquário | Ciclídeos Africanos
Peixes Ornamentais
Origem:
África (Lago Tanganika
)
Características:
os ciclídeos africanos são peixes ornamentais de cores vibrantes, com características muito territorialistas e agressivas. São peixes que se movimentam bastante em seu aquário, justamente porque tentam demarcar seu território obstinadamente. Este é o caso do
Gold Head
, que  pode alcançar um tamanho de 13.2 cm
.
Comportamento e c
oabitação com outras espécies
:
o
Gold Head
é um peixe territorialista. Costuma viver em haréns e o ideal é manter 1 ma"
https://www.kauar.com.br/peixes-agua-doce/ciclideos-africanos/tanganika/cyphotilapia-frontosa-yellow-4-a-5-cm-ciclideos-lago-tanganyka,peixe_ou_camarao,Cyphotilápia Frontosa Yellow,,,,,,,7.8 a 8.6,7.8,8.6,15 a 20,15.0,20.0,,,,,,,,"Cyphotilapia Frontosa
Yellow
",https://images.tcdn.com.br/img/img_prod/749804/cyphotilapia_frontosa_yellow_4_a_5_cm_ciclideos_lago_tanganyka_1741_1_76a4fbdee799b6a6bdec3d2517da8d4f.jpg,,"Cyphotilápia Frontosa Yellow
Peixes Ornamentais
Peixes de Água Doce
Origem:
África (Lago Tanganyca)
Características:
os ciclídeos africanos são peixes ornamentais de cores vibrantes, com características bastante territorialistas e agressivas. São peixes que se movimentam bastante em seu aquário, justamente porque tentam demarcar seu território obstinadamente. Este é o caso do Cyphotilapia Frontosa Yellow, também conhecida como Frontosa Yellow ou Humphead Cichlid, que  pode alcançar um tamanho médio de 30cm. Esse ciclídeo africano também possui uma longa expectativa de vida, de até 25 anos. É u"
https://www.kauar.com.br/peixes-agua-doce/ciclideos-africanos/tanganika/lamprologus-ocellatus-gold-matriz-lago-tanganica,peixe_ou_camarao,Lamprologus Ocellatus Gold MTZ,Lago Tanganica,,,,,,7.8 a 8.6,7.8,8.6,15 a 20,15.0,20.0,,,,,,,,Lamprologus Ocellatus Gold,https://images.tcdn.com.br/img/img_prod/749804/lamprologus_ocellatus_gold_matriz_lago_tanganica_1787_2_a871c5ea62c3f9b52a01d319c731841b.jpg,,"Lamprologus Ocellatus Gold Matriz
Peixes de Aquário
| Ciclídeos Africanos
Peixes Ornamentais
Origem:
África (Lago Tanganica)
Características:
os ciclídeos africanos são peixes ornamentais de cores vibrantes, com características bastante territorialistas e agressivas. São peixes que se movimentam bastante em seu aquário, justamente porque tentam demarcar seu território obstinadamente. Este é o caso do Lamprologus Ocellatus Gold, que  pode alcançar um tamanho médio de 30cm. Esse ciclídeo africano também possui uma longa expectativa de vida, de até 25 anos. É um peixe bastante exuberante. Como ou"
https://www.kauar.com.br/peixes-agua-doce/ciclideos-africanos/tanganika/neolamprologus-brichardi-albino-lago-tanganica,peixe_ou_camarao,Neolamprologus Brichardi Albino,Lago Tanganica,,,,,,8.0 a 9.0,8.0,9.0,24ºC e 28ºC,24.0,28.0,,,,,,,,Neolamprologus Brichardi Albino,https://images.tcdn.com.br/img/img_prod/749804/neolamprologus_brichardi_albino_lago_tanganica_1605_1_e499397d6303dc17a1035efed9e593db.jpg,,"os ciclídeos africanos são peixes ornamentais de cores vibrantes, com características bastante territorialistas e agressivas. São peixes que se movimentam bastante em seu aquário, justamente porque tentam demarcar seu território obstinadame.nte. Este é o caso do Neolamprologus Brichardi ALBINO que  viverá muito bem em um ph entre 8.0 a 9.0.
Quer saber mais sobre o Neolamprologus Brichardi Albino e os cuidados veterinários da Kauar? E como funciona a entrega até a sua casa? Aprender tudo sobre aclimatação de um novo peixe ornamental em seu aquário? Continue com a Kauar!
ORIGEM, COMPORTAMENTO E "
https://www.kauar.com.br/peixes-agua-doce/ciclideos-africanos/tanganika/tropheus-moliro-gold-3-a-5-cm-lago-tanganica,peixe_ou_camarao,Tropheus Moorii Moliro Gold,Lago Tanganica,,,,,,8.5 a 9.0,8.5,9.0,15 a 20,15.0,20.0,,,,,,,,"Tropheus Moorii Moliro Gold
",https://images.tcdn.com.br/img/img_prod/749804/tropheus_moorii_moliro_gold_3_a_5_cm_lago_tanganica_1913_1_36e6211f985a8b5ffcac40cdee8b769c.jpg,,"Tropheus Moorii Moliro Gold
Peixes de Aquário
| Ciclídeos Africanos
Peixes Ornamentais
Origem:
África (Lago Tanganica)
Características:
os ciclídeos africanos são peixes ornamentais de cores vibrantes, com características bastante territorialistas e agressivas. São peixes que se movimentam bastante em seu aquário, justamente porque tentam demarcar seu território obstinadamente. Este é o caso do Tropheus Moorii Moliro Gold, pode alcançar um tamanho médio de 10 cm  a 12 cm e expectativa de vida de 5 a 10 anos. O dimorfismo sexual é claro nessa espécie, pois as cores dos machos são bem mais vibra"
https://www.kauar.com.br/peixes-agua-doce/ciclideos-africanos/tanganika/tropheus-moorii-red-moliro-3-a-5-cm-lago-tanganica,peixe_ou_camarao,Tropheus Moorii Red Moliro,Lago Tanganica,,,,,,8.5 a 9.0,8.5,9.0,15 a 20,15.0,20.0,,,,,,,,Tropheus Moorii Red Moliro,https://images.tcdn.com.br/img/img_prod/749804/tropheus_moorii_red_moliro_3_a_5_cm_lago_tanganica_1709_1_e0f00ea459e3fa3659454dd5f9530932.jpg,,"Tropheus Moorii Red Moliro
Peixes de Aquário
| Ciclídeos Africanos
Peixes Ornamentais
Origem:
África (Lago Tanganica)
Características:
os ciclídeos africanos são peixes ornamentais de cores vibrantes, com características bastante territorialistas e agressivas. São peixes que se movimentam bastante em seu aquário, justamente porque tentam demarcar seu território obstinadamente. Este é o caso do Tropheus Moorii Red Moliro, pode alcançar um tamanho médio de 10 cm  a 12 cm e expectativa de vida de 5 a 10 anos. O dimorfismo sexual é claro nessa espécie, pois as cores dos machos são bem mais vibrant"
https://www.kauar.com.br/peixes-agua-doce/ciclideos-africanos/zebra-laranja-maylandia-zebra-laranja,peixe_ou_camarao,Zebra Laranja,Maylandia Zebra,,,,,,7.8 a 8.6,7.8,8.6,23ºC a 28ºC,23.0,28.0,,,,,,,,Aulonocaras,https://images.tcdn.com.br/img/img_prod/749804/zebra_laranja_maylandia_zebra_laranja_1533_1_160cf948ebf933217ddf32fd4d0d458a.jpg,,"ZEBRA LARANJA, UM CICLÍDEO AFRICANO DO GRUPO MBUNA
Zebra Laranja é um ciclídeo do Lago Malawi, do grupo dos Mbunas, nome popular que significa “peixe das rochas” (na linguagem do povo africano Tonga, que habita as margens do Lago, pronuncia-se Mmm-boo-nah). Os Mbunas vivem especialmente nas áreas mais rochosas do biótopo, em fendas, cavernas e grutas subaquáticas localizadas próximas às margens do Lago.
É o grupo mais comum de ciclídeos desse lago africano. Este grande volume populacional de Mbunas na natureza também é responsável por parte do seu territorialismo acentuado, já que as diferente"
https://www.kauar.com.br/peixes-agua-doce/ciclideos-americanos/acara-do-congo-amatitlania-nigrofasciata,peixe_ou_camarao,Zebra Redonda,Amatitlania nigrofasciata,,,,,,"6,",6.0,6.0,26° C,26.0,26.0,,,,,,,,,https://images.tcdn.com.br/img/img_prod/749804/acara_do_congo_amatitlania_nigrofasciata_1915_1_b579138620b2458df4f1ef50607045fd.jpg,,"Zebra Redonda
Acará do Congo
Peixes de água doce | Ciclídeo Americano
Peixes Ornamentais
Origem:
distribuído na América Central
Características:
O Zebra Redonda, também conhecido como Acará do Congo, Ciclídeo Zebra, é um belíssimo peixe ornamental e também um ciclídeo, mas não se engane, trata-se de um ciclídeo americano e não africano. Esse ciclídeo amazônico é muito dócil e simpático e são conhecidos por terem uma ótima relação com seus donos.
Comportamento e Coabitação com outras espécies:
o Zebra Redonda não é um peixe ornamental indicado para aquários comunitários, pois, embora a literatu"
https://www.kauar.com.br/peixes-agua-doce/ciclideos-americanos/baiacu-amazonico-z-tetraodon-biocellatus,peixe_ou_camarao,Baiacu Amazônico,Colomesus asellus,,,,,,"5.5 a 7,6",5.5,7.6,22ºC e 28ºC,22.0,28.0,,,,,,,,,https://images.tcdn.com.br/img/img_prod/749804/baiacu_amazonico_colomesus_asellus_4_cm_a_6_cm_1789_1_79ee21b11d2ae19cfd32ed39d54e5daa.jpg,,"O Baiacu Amazônico é um peixe cheio de características curiosas. Ele faz parte do seleto grupo de peixes que consegue piscar e até mesmo fechar completamente os olhos. O Baiacu Amazônico, como outros baiacus, também possui a capacidade de inflar seu corpo como mecanismo de defesa, um recurso que faz com que pareça muito maior.
Para conseguir este feito, o Baiacu Amazônico engole uma grande quantidade de água, expandindo seu estômago. O estômago extremamente elástico está acompanhado de uma pele igualmente flexível para permitir a mudança do seu corpo para uma forma quase que totalmente esféric"
https://www.kauar.com.br/peixes-agua-doce/ciclideos-americanos/bandeiras/acara-bandeira,peixe_ou_camarao,Acará Bandeira selvagem,Pterophyllum scalare,,,,,,6.8,6.8,6.8,15 a 20,15.0,20.0,,,,,,,,,https://images.tcdn.com.br/img/img_prod/749804/acara_bandeira_selvagem_6_a_8_cm_pterophyllum_scalare_1795_1_165b6fed2778b7cf7467dbd7c447f100.jpg,,"Acará Bandeira
Peixes de Aquário
Peixes de Água Doce
Origem:
Natural da Bacia Amazônica, o acará-bandeira, conhecido em outros países como angelfish, é um ícone do aquarismo de água-doce entre os peixes ornamentais.
Características:
Possui expectativa de vida de até 7 anos e, na natureza, prefere águas mais rasas, tranquilas e ricas em vegetação de várzea. É um peixe bem resistente a doenças, portanto, cuidando bem dos parâmetros da água e da nutrição, você terá um belo companheiro por muitos anos em seu aquário.
Comportamento e convivência com outras espécies:
É um peixe ornamental pacífico, "
https://www.kauar.com.br/peixes-agua-doce/ciclideos-americanos/bandeiras/acara-bandeira-albino,peixe_ou_camarao,Acará Bandeira Albino,Pterophyllum scalare,,,,,,6.8,6.8,6.8,15 a 20,15.0,20.0,,,,,,,,,https://images.tcdn.com.br/img/img_prod/749804/acara_bandeira_albino_1563_1_787d334703e1436b1dcb2927b59ce14e.jpg,,"ACARÁ BANDEIRA ALBINO PARA SEU AQUÁRIO DE PEIXES ORNAMENTAIS
O Acará Bandeira, na natureza, prefere águas mais rasas, tranquilas e ricas em vegetação de várzea. É um peixe bem resistente a doenças, portanto, cuidando bem dos parâmetros da água e da nutrição, você terá um belo companheiro por muitos anos em seu aquário.
COMPORTAMENTO E CONVIVÊNCIA COM OUTRAS ESPÉCIES
É um peixe ornamental pacífico, mas que se torna bem mais agressivo e territorialista durante o período de reprodução. É uma excelente espécie para habitar aquários comunitários, geralmente bastante calmo e até tímido em algumas oc"
https://www.kauar.com.br/peixes-agua-doce/ciclideos-americanos/bandeiras/acara-bandeira-dalmata,peixe_ou_camarao,Acará Bandeira Platinum Dálmata,Pterophyllum scalare,,,,,,6.8,6.8,6.8,15 a 20,15.0,20.0,,,,,,,,,https://images.tcdn.com.br/img/img_prod/749804/acara_bandeira_platinum_dalmata_4_a_5_cm_1155_1_32280c081f37b13d7170087975eaebd1.jpg,,"Acará-Bandeira Dalmata
Peixes de Aquário
Peixes de Água Doce
Origem:
Natural da Bacia Amazônica, o acará-bandeira, conhecido em outros países como angelfish, é um ícone do aquarismo de água-doce entre os peixes ornamentais.
Características:
Possui expectativa de vida de até 7 anos e, na natureza, prefere águas mais rasas, tranquilas e ricas em vegetação de várzea. É um peixe bem resistente a doenças, portanto, cuidando bem dos parâmetros da água e da nutrição, você terá um belo companheiro por muitos anos em seu aquário.
Comportamento e convivência com outras espécies:
É um peixe ornamental pa"
https://www.kauar.com.br/peixes-agua-doce/ciclideos-americanos/bandeiras/acara-bandeira-falso-altum,peixe_ou_camarao,Acará Bandeira Falso Altum,Pterophyllum scalare,,,,,,6.8,6.8,6.8,15 a 20,15.0,20.0,,,,,,,,,https://images.tcdn.com.br/img/img_prod/749804/acara_bandeira_falso_altum_pterophyllum_scalare_1671_1_e75376695bc7365073a3c750f8b27881.jpg,,"Acará Bandeira Falso Altum | Pterophyllum scalare
Peixes de Aquário
Peixes de Água Doce
Origem:
Natural da Bacia Amazônica, o acará-bandeira, conhecido em outros países como angelfish, é um ícone do aquarismo de água-doce entre os peixes ornamentais.
Características:
Possui expectativa de vida de até 7 anos e, na natureza, prefere águas mais rasas, tranquilas e ricas em vegetação de várzea. É um peixe bem resistente a doenças, portanto, cuidando bem dos parâmetros da água e da nutrição, você terá um belo companheiro por muitos anos em seu aquário.
Comportamento e convivência com outras espécie"
https://www.kauar.com.br/peixes-agua-doce/ciclideos-americanos/bandeiras/acara-bandeira-negro,peixe_ou_camarao,Acará Bandeira Full Black,Pterophyllum scalare,,,,,,6.8,6.8,6.8,15 a 20,15.0,20.0,,,,,,,,,https://images.tcdn.com.br/img/img_prod/749804/acara_bandeira_negro_1061_1_721f9cd25968158681dde414e91c6de8.jpg,,"ACARÁ BANDEIRA NEGRO PARA SEU AQUÁRIO DE PEIXES ORNAMENTAIS
O Acará Bandeira Negro possui expectativa de vida de até 7 anos e, na natureza, prefere águas mais rasas, tranquilas e ricas em vegetação de várzea. É um peixe bem resistente a doenças, portanto, cuidando bem dos parâmetros da água e da nutrição, você terá um belo companheiro por muitos anos em seu aquário.
COMPORTAMENTO E CONVIVÊNCIA COM OUTRAS ESPÉCIES
É um peixe ornamental pacífico, mas que se torna bem mais agressivo e territorialista durante o período de reprodução. É uma excelente espécie para habitar aquários comunitários, gera"
https://www.kauar.com.br/peixes-agua-doce/ciclideos-americanos/bandeiras/acara-bandeira-ouro,peixe_ou_camarao,Acará Bandeira Ouro,Pterophyllum scalare,,,,,,6.8,6.8,6.8,15 a 20,15.0,20.0,,,,,,,,,https://images.tcdn.com.br/img/img_prod/749804/acara_bandeira_ouro_1047_1_20201211001333.jpg,,"Acará Bandeira Ouro
Peixe ornamental
Peixe de aquário
Origem:
encontrado nas regiões da América do Sul.
Características:
Possui expectativa de vida de até 7 anos e, na natureza, prefere águas mais rasas, tranquilas e ricas em vegetação de várzea. É um peixe bem resistente a doenças, portanto, cuidando bem dos parâmetros da água e da nutrição, você terá um belo companheiro por muitos anos em seu aquário.
Comportamento e convivência com outras espécies:
É um peixe ornamental pacífico, mas que se torna bem mais agressivo e territorialista durante o período de reprodução. É uma excelente espécie p"
https://www.kauar.com.br/peixes-agua-doce/ciclideos-americanos/bandeiras/acara-bandeira-palhaco,peixe_ou_camarao,Acará Bandeira Palhaço,Pterophyllum scalare,,,,,,"6,5 a 8,0",6.5,8.0,18ºC a 30ºC,18.0,30.0,,,,,,,,,https://images.tcdn.com.br/img/img_prod/749804/acara_bandeira_palhaco_1009_1_9673b4c34fa3f0eaec259ac5d75ec645.jpg,,"ACARÁ BANDEIRA PALHAÇO
O Acará Bandeira Palhaço está entre as variedades mais conhecidas deste que é um peixe clássico do aquarismo. O Acará Bandeira Palhaço se caracteriza por marcações pretas distribuídas na face, corpo e nadadeiras, além de uma marcação laranja super vibrante localizada na parte frontal. Está entre os Acarás Bandeiras mais coloridos.
Natural da região amazônica, o Acará Bandeira reúne uma legião de fãs não a toa. Há muito mais curiosidades sobre esse peixe que você pode imaginar. Na natureza, curte águas menos profundas com rica vegetação de várzea. Esta preferência tem, al"
https://www.kauar.com.br/peixes-agua-doce/ciclideos-americanos/bandeiras/acara-bandeira-palhaco-perolado-3-a-4-cm-pterophyllum-scalare,peixe_ou_camarao,Acará Bandeira Palhaço Perolado,Pterophyllum Scalare,,,,,,"6,5 a 8,0",6.5,8.0,18ºC a 30ºC,18.0,30.0,,,,,,,,,https://images.tcdn.com.br/img/img_prod/749804/acara_bandeira_palhaco_perolado_3_a_4_cm_pterophyllum_scalare_1929_1_962acd79b13128525e49b5c3c98805d8.jpg,,"ACARÁ BANDEIRA PALHAÇO PEROLADO
O Acará Bandeira Palhaço está entre as variedades mais conhecidas deste que é um peixe clássico do aquarismo. O Acará Bandeira Palhaço se caracteriza por marcações pretas distribuídas na face, corpo e nadadeiras, além de uma marcação laranja super vibrante localizada na parte frontal. Está entre os Acarás Bandeiras mais coloridos.
Natural da região amazônica, o Acará Bandeira reúne uma legião de fãs não a toa. Há muito mais curiosidades sobre esse peixe que você pode imaginar. Na natureza, curte águas menos profundas com rica vegetação de várzea. Esta preferênci"
https://www.kauar.com.br/peixes-agua-doce/ciclideos-americanos/bandeiras/acara-bandeira-pinoy-veu-4-a-6-cm,peixe_ou_camarao,Acará Bandeira Black Pinoy,Pterophyllum scalare,,,,,,6.8,6.8,6.8,15 a 20,15.0,20.0,,,,,,,,,https://images.tcdn.com.br/img/img_prod/749804/acara_bandeira_pinoy_veu_4_a_6_cm_1785_1_8af778750df43b9d390d3a382cec49e7.jpg,,"Acará Bandeira Pinoy
Peixes de Aquário
Peixes de Água Doce
Origem:
Natural da Bacia Amazônica, o Acará Bandeira Pinoy Véu é um ícone do aquarismo de água-doce entre os peixes ornamentais. É um peixe bem resistente a doenças, portanto, cuidando bem dos parâmetros da água e da nutrição, você terá um belo companheiro por muitos anos em seu aquário.
Características:
Possui expectativa de vida de até 7 anos e, na natureza, prefere águas mais rasas, tranquilas e ricas em vegetação de várzea. É um peixe bem resistente a doenças, portanto, cuidando bem dos parâmetros da água e da nutrição, você terá u"
https://www.kauar.com.br/peixes-agua-doce/ciclideos-americanos/bandeiras/acara-bandeira-platinum-dalmata-3-a-4-cm,peixe_ou_camarao,Acará Bandeira Platinum,Pterophyllum scalare,,,,,,"6,5 a 8,0",6.5,8.0,18 a 30,18.0,30.0,,,,,,,,,https://images.tcdn.com.br/img/img_prod/749804/acara_bandeira_platinum_3_a_4_cm_1927_1_e448809e751408177433e5b68e5b5b72.jpg,,"Acará Bandeira Platinum
Fish angel platinium
Peixe ornamental
Peixe de aquário
Origem:
encontrado nas regiões da América Central e América do Sul.
Características:
O Bandeira Platinum é majestoso, pacífico, uma espécie delicada, apesar do seu tamanho. Esse peixinho de água doce é família dos ciclídeos e o seu charme vem do sua coloração perola.
Comportamento e Coabitação com outras espécies:
é um peixe muito sociável e de hábitos tranquilos. Ele se assusta com facilidade e os peixes mais destemidos podem facilmente assustá-lo.  Apesar de viver facilmente em aquários comunitários, não coloque p"
https://www.kauar.com.br/peixes-agua-doce/ciclideos-americanos/bandeiras/acara-bandeira-siames-4-a-6-cm,peixe_ou_camarao,Acará Bandeira Siamês,Pterophyllum scalare,,,,,,6.8,6.8,6.8,15 a 20,15.0,20.0,,,,,,,,,https://images.tcdn.com.br/img/img_prod/749804/acara_bandeira_siames_4_a_6_cm_1733_1_746507114be969a00bee45e41e5e44fd.jpg,,"Acará Bandeira Siamês
Peixes de Aquário
Peixes de Água Doce
Origem:
Natural da Bacia Amazônica, o acará bandeira é um ícone do aquarismo de água-doce entre os peixes ornamentais. É um peixe bem resistente a doenças, portanto, cuidando bem dos parâmetros da água e da nutrição, você terá um belo companheiro por muitos anos em seu aquário.
Características:
Possui expectativa de vida de até 7 anos e, na natureza, prefere águas mais rasas, tranquilas e ricas em vegetação de várzea. É um peixe bem resistente a doenças, portanto, cuidando bem dos parâmetros da água e da nutrição, você terá um belo co"
https://www.kauar.com.br/peixes-agua-doce/ciclideos-americanos/bandeiras/acara-bandeira-zebra-azul-albino-3-a-4-cm-pterophyllum-scalare,peixe_ou_camarao,Acará Bandeira Zebra Azul Albino LINDOS,Pterophyllum Scalare,,,,,,5.5 e 7.0,5.5,7.0,24ºC e 26ºC,24.0,26.0,,,,,,,,,https://images.tcdn.com.br/img/img_prod/749804/acara_bandeira_zebra_azul_albino_3_a_4_cm_pterophyllum_scalare_1933_1_a3b2bf7d226493ce08009a9925cc93f3.jpg,,"O  Acará Bandeira Zebra Albino é um peixe ornamental de aquário de água-doce, pacífico, ideal para aquários amazônicos e plantados. Entre os peixes ornamentais, é um peixe de fácil aclimatação e cuidados. Viverá muito bem em um aquário com ph levemente ácido a neutro (ph entre 5.5 e 7.0).
Quer saber mais sobre o Acará Bandeira Zebra Albino e os cuidados veterinários da Kauar? E como funciona a entrega até a sua casa? Aprender tudo sobre aclimatação de um novo peixe ornamental em seu aquário? Continue com a Kauar!
ORIGEM, COMPORTAMENTO E CONVÍVIO DO ACARÁ BANDEIRA ZEBRA ALBINO
O Acará Bandeira "
https://www.kauar.com.br/peixes-agua-doce/ciclideos-americanos/bandeiras/copia-acara-bandeira-siames-4-a-6-cm,peixe_ou_camarao,Acará Bandeira Siamês Koi,Pterophyllum scalare,,,,,,6.8,6.8,6.8,15 a 20,15.0,20.0,,,,,,,,,https://images.tcdn.com.br/img/img_prod/749804/acara_bandeira_siames_koi_4_a_6_cm_1783_1_a4adff5a8286050844ffeaf2fab4d9ac.jpg,,"Acará Bandeira Siamês Koi
Peixes de Aquário
Peixes de Água Doce
Origem:
Natural da Bacia Amazônica, o Acará Bandeira Siamês Koi é um ícone do aquarismo de água-doce entre os peixes ornamentais. É um peixe bem resistente a doenças, portanto, cuidando bem dos parâmetros da água e da nutrição, você terá um belo companheiro por muitos anos em seu aquário.
Características:
Possui expectativa de vida de até 7 anos e, na natureza, prefere águas mais rasas, tranquilas e ricas em vegetação de várzea. É um peixe bem resistente a doenças, portanto, cuidando bem dos parâmetros da água e da nutrição, você "
https://www.kauar.com.br/peixes-agua-doce/ciclideos-americanos/cichlasoma-green-terror,peixe_ou_camarao,Cichlasoma Green Terror,,,,,,,7.0 a 8.0,7.0,8.0,15 a 20,15.0,20.0,,,,,,,,,https://images.tcdn.com.br/img/img_prod/749804/cichlasoma_green_terror_1557_1_20201211001323.jpg,,"CICHLASOMA GREEN TERROR
PEIXES DE AQUÁRIO
PEIXES ORNAMENTAIS
Origem:
América do Sul.
Características:
os ciclídeos são peixes ornamentais de cores vibrantes, com características muito territorialistas e agressivas. São peixes que se movimentam bastante em seu aquário, justamente porque tentam demarcar eu território obstinadamente. Este é o caso do Terror Green que
possui expectativa de vida de 5 anos.
Comportamento e c
oabitação com outras espécies
:
o Terror Green é um peixe territorialista e bastante temperamental. Costuma viver em haréns e o ideal é manter 1 macho com 3 a 6 fêmeas  da espéc"
https://www.kauar.com.br/peixes-agua-doce/ciclideos-americanos/ciclassoma-salvini-trichromis-salvini,peixe_ou_camarao,Ciclídeo Salvini,Trichromis salvini,,,,,,7.0 a 8.0,7.0,8.0,22ºC a 30ºC,22.0,30.0,,,,,,,,,https://images.tcdn.com.br/img/img_prod/749804/ciclideo_salvini_trichromis_salvini_1019_1_20201211001323.jpg,,"Ciclassoma Salvini
Trichromis salvini
Peixes de Aquário
Peixes Ornamentais
Origem:
América do Norte e Central
Características:
os ciclídeos são peixes ornamentais de cores vibrantes, com características muito territorialistas e agressivas. São peixes que se movimentam bastante em seu aquário, justamente porque tentam demarcar eu território obstinadamente. .
Comportamento e c
oabitação com outras espécies
:
o Ciclassoma Salvini é um peixe territorialista e bastante temperamental. É ideal também que os novos peixes sejam colocados no aquário simultaneamente, em grupo, para evitar que sejam agred"
https://www.kauar.com.br/peixes-agua-doce/ciclideos-americanos/curviceps-laetacara-curviceps,peixe_ou_camarao,Curviceps,Laetacara curviceps,,,,,,7.0 a 8.0,7.0,8.0,22ºC a 30ºC,22.0,30.0,,,,,,,,,https://images.tcdn.com.br/img/img_prod/749804/curviceps_laetacara_curviceps_1039_1_cdfefe3b1c0cb144b8f34e1ba66d61e4.jpg,,"Curviceps
Peixes de Aquário
Peixes Ornamentais
Origem:
América do Sul
Características:
os ciclídeos são peixes ornamentais de cores vibrantes, com características muito territorialistas e agressivas. São peixes que se movimentam bastante em seu aquário, justamente porque tentam demarcar eu território obstinadamente. Este é o caso do Curviceps, esse ciclídeo possui expectativa de vida de 5 anos.
Comportamento e c
oabitação com outras espécies
:
o Curviceps é um peixe territorialista e bastante temperamental. Costuma viver em haréns e o ideal é manter 1 macho com 3 a 6 fêmeas  da espécie para au"
https://www.kauar.com.br/peixes-agua-doce/ciclideos-americanos/discos-selvagens/acara-disco-heckel-symphysodon-discus-14-a-16cm,peixe_ou_camarao,Acará Disco  Heckel,Symphysodon discus,,,,,,"6,5 a 7,5",6.5,7.5,28ºC  a 30ºC,28.0,30.0,,,,,,,,,https://images.tcdn.com.br/img/img_prod/749804/acara_disco_heckel_symphysodon_discus_14_a_16cm_1871_1_99ae95a27f8997897baea11cf73af93f.jpg,,"Acará Disco Heckel (Symphysodon discus)
O
Acará Disco Heckel
é nativo de igarapés, rios e lagos da região amazônica. Além de muito bela e exótica,  devido ao formato do seu corpo, é uma das espécies de peixes mais apreciadas em diversos países do mundo, Aqui no Brasil, as variantes selvagens ainda não possuem o status que atingiram em diversos países do mundo, onde são mais apreciadas do que a variantes hibridas. A espécie acará disco,  Symphysodon discus, não é recomendada para aquaristas iniciantes, pois requer uma qualidade de água muito boa e com parâmetros estáveis devido ao seu porte e c"
https://www.kauar.com.br/peixes-agua-doce/ciclideos-americanos/discos-selvagens/acara-disco-selvagem-green-spotted-14-a-16-cm,peixe_ou_camarao,Acará Disco Selvagem Green Red Spotted,,,,,,,"6,5 a 7,5",6.5,7.5,28ºC  a 30ºC,28.0,30.0,,,,,,,,,https://images.tcdn.com.br/img/img_prod/749804/acara_disco_selvagem_green_red_spotted_14_a_16_cm_1869_1_7a5771df255c441e7bd54765b966438f.jpg,,"Acará Disco Green Red Spotted (Symphysodon discus)
O
Acará Disco Green Red Spotted
é nativo de igarapés, rios e lagos da região amazônica. Além de muito bela e exótica,  devido ao formato do seu corpo, é uma das espécies de peixes mais apreciadas em diversos países do mundo, Aqui no Brasil, as variantes selvagens ainda não possuem o status que atingiram em diversos países do mundo, onde são mais apreciadas do que a variantes hibridas. A espécie acará disco,  Symphysodon discus, não é recomendada para aquaristas iniciantes, pois requer uma qualidade de água muito boa e com parâmetros estáveis d"
https://www.kauar.com.br/peixes-agua-doce/ciclideos-americanos/discos-selvagens/acara-disco-selvagem-orange-nhamunda-14-a-16-cm-symphysodon-aequifasciatus,peixe_ou_camarao,Acará Disco Selvagem Orange Nhamunda,Symphysodon Aequifasciatus,,,,,,"6,5 a 7,5",6.5,7.5,28ºC  a 30ºC,28.0,30.0,,,,,,,,,https://images.tcdn.com.br/img/img_prod/749804/acara_disco_selvagem_orange_nhamunda_14_a_16_cm_symphysodon_aequifasciatus_1863_1_e06243ac0ab26cdcb31b7ce4bd00f386.jpg,,"Acará Orange Nhamundá (Symphysodon discus)
O
Acará Disco Red Nhamundá
é nativo de igarapés, rios e lagos da região amazônica. Além de muito bela e exótica,  devido ao formato do seu corpo, é uma das espécies de peixes mais apreciadas em diversos países do mundo, Aqui no Brasil, as variantes selvagens ainda não possuem o status que atingiram em diversos países do mundo, onde são mais apreciadas do que a variantes hibridas. A espécie acará disco,  Symphysodon discus, não é recomendada para aquaristas iniciantes, pois requer uma qualidade de água muito boa e com parâmetros estáveis devido ao seu "
https://www.kauar.com.br/peixes-agua-doce/ciclideos-americanos/texas-blue-ciclideo-americano,peixe_ou_camarao,Texas Blue,Ciclídeo Americano,,,,,,7.0 a 9.0,7.0,9.0,18ºC a 33ºC,18.0,33.0,,,,,,,,,https://images.tcdn.com.br/img/img_prod/749804/texas_blue_5_a_8_cm_ciclideo_americano_1159_1_2e9c0a43d5c843fd3d4afb9c16c8d4a5.jpg,,"Texas Blue
Peixes de Aquário
Peixes Ornamentais
Origem:
América do Norte e Central
Características:
os ciclídeos são peixes ornamentais de cores vibrantes, com características muito territorialistas e agressivas. São peixes que se movimentam bastante em seu aquário, justamente porque tentam demarcar eu território obstinadamente.
Comportamento e c
oabitação com outras espécies
:
o Texas Blue é um peixe territorialista e bastante temperamental. Costuma viver em haréns e o ideal é manter 1 macho com 3 a 6 fêmeas  da espécie para auxiliar na boa convivência. É ideal também que os novos peixes seja"
https://www.kauar.com.br/peixes-agua-doce/ciclideos-americanos/uaru-uaru-amphiacanthoides,peixe_ou_camarao,Uaru,Uaru amphiacanthoides,,,,,,5.0 e 7.5,5.0,7.5,26ºC e 38ºC,26.0,38.0,,,,,,,,,https://images.tcdn.com.br/img/img_prod/749804/uaru_uaru_amphiacanthoides_1561_1_20201214142122.jpg,,"O Uaru é um peixe ornamental de aquário de água-doce, pacífico, natural da América do Sul. Bacia amazônica e bacia do Rio Negro
. Entre os peixes ornamentais, é um peixe de fácil aclimatação e cuidados. Viverá muito bem em um aquário com PH levemente ácido a neutro (PH entre 5.0 e 7.5).
Quer saber mais sobre o Uaru e os cuidados veterinários da Kauar? E como funciona a entrega até a sua casa? Aprender tudo sobre aclimatação de um novo peixe ornamental em seu aquário? Continue com a Kauar!
ORIGEM, COMPORTAMENTO E CONVÍVIO DO UARU
O Uaru é um peixe ornamental natural da América do Sul, curioso e"
https://www.kauar.com.br/peixes-agua-doce/ciclideos-anoes/apistogramma-agassizi-orange,peixe_ou_camarao,Apistogramma Cacatuoides Double Orange,Apistograma Orange,,,,,,"5,5 a 6,8",5.5,6.8,24 a 29 ° C,24.0,29.0,,,,,,,,,https://images.tcdn.com.br/img/img_prod/749804/apistogramma_cacatuoides_double_orange_apistograma_agassizi_orange_1031_1_4b31222c7cb9979980c66291ffcfe0d5.jpg,,"APISTOGRAMMA Cacatuoides AGASSIZI Orange
PEIXES DE AQUÁRIO
PEIXES ORNAMENTAIS
ORIGEM:
AMÉRICA DO SUL
Características:
pertencente ao gênero Ciclídeos, os apistogramas, como o Apistogramma Agassizi Orange, também chamado de Aggie são popularmente conhecidos como Ciclídeos Anões Sul-Americanos. Podem ser encontrados em vários países da América do Sul. Os peixes desta espécie podem variar seu tamanho entre 2,5 cm a 11,5 cm.
Comportamento e convivência com outras espécies:
essa espécie é calma e reservada, tende a eleger seus pontos favoritos no aquário e defendê-lo de outros peixes. Os apistogram"
https://www.kauar.com.br/peixes-agua-doce/ciclideos-anoes/apistogramma-cacatuoides-double-red,peixe_ou_camarao,Apistogramma Cacatuoides Double Red,,,,América do Sul (Brasil e Colômbia),,,"5,5 a 6,8",5.5,6.8,24 a 29 ° C,24.0,29.0,,,,,,,,,https://images.tcdn.com.br/img/img_prod/749804/apistogramma_cacatuoides_double_red_1033_1_3f13b15b4ac2380a5d07e9b3aab83312.jpg,,"Apistogramma Cacatuoides Double Red
Peixes de Água Doce
Peixes de Aquário
Origem: América do Sul (Brasil e Colômbia).
Características:
pertencente ao gênero Ciclídeos, os Apistogrammas são popularmente conhecidos como Ciclídeos Anões Sul-Americanos. Podem ser encontrados em vários países da América do Sul. O Apistogramma Cacatuoides Double Red tem expectativa de vida é de 3 a 5 anos. Apesar do tamanho, é um peixe ornamental de água doce de visual muito marcante, com nadadeiras bem coloridas, com nuances de laranja e preto.
Comportamento e convivência com outras espécies:
essa espécie é calma e"
https://www.kauar.com.br/peixes-agua-doce/ciclideos-anoes/apistogramma-xadrezinha-2-a-3-cm-dicrossus-filamentosus,peixe_ou_camarao,Xadrezinho,Dicrossus filamentosus,,,,,,"5,5 a 6,8",5.5,6.8,24 a 29 ° C,24.0,29.0,,,,,,,,,https://images.tcdn.com.br/img/img_prod/749804/apistogramma_xadrezinho_2_a_3_cm_dicrossus_filamentosus_1713_1_5b4d1ffdae50fd5fd9e5ed620d1cc8d6.jpg,,"Apistogramma Xadrezinho
Peixes de Aquário
Peixes Ornamentais
Origem:
América do Sul
Características:
o
Xadrezinho, nome que lhe foi dado devido a disposição de suas manchas pretas pelo corpo, é um peixe muito bonito. Quando adulto e bem ambientado ao aquário, apresenta tons de azul e vermelho nas nadadeiras, principalmente na caudal que desenvolve longos filamentos, daí muitas pessoas o chamarem de Xadrezinho
Comportamento e convivência com outras espécies:
essa espécie é calma e reservada, tende a eleger seus pontos favoritos no aquário e defendê-lo de outros peixes. Os apistogramas convivem "
https://www.kauar.com.br/peixes-agua-doce/ciclideos-anoes/beijador,peixe_ou_camarao,Beijador,Helostoma temminkii,,,,,,6.4 a 7 e temperatura de 22°C a 28°C,6.4,7.0,22°C a 28°C,22.0,28.0,,,,,,,,,https://images.tcdn.com.br/img/img_prod/749804/beijador_helostoma_temminkii_4_cm_a_6_cm_1755_1_b8f65f2dc58575f00657800401d22671.jpg,,"Beijador | Helostoma temminkii
Peixes de Aquário
Peixes Ornamentais
Origem:
Ásia
Características:
o Beijador é um peixe muito querido no aquarismo brasileiro e mundial. Ele é famoso pelo movimento constante da sua boca que, realmente, parece um beijo e, claro, que seu nome popular foi inspirador nessa característica. No ambiente natural, habita áreas de várzea, lagoas e campos, com muita vegetação submersa.
Ambientação do aquário:
os beijadores ficarão felizes em um aquário plantado com um filtro que apresente pouca perturbação da água.
Parâmetros da água:
o Beijador vai apreciar um PH levemen"
https://www.kauar.com.br/peixes-agua-doce/ciclideos-anoes/kribensis-pelvicachromis-pulcher,peixe_ou_camarao,Kribensis,Pelvicachromis pulcher,,,,,,6.,6.0,6.0,22°C a 28°C,22.0,28.0,,,,,,,,,https://images.tcdn.com.br/img/img_prod/749804/kribensis_pelvicachromis_pulcher_1545_1_907d039e04531be21f599273e1a0f418.jpg,,"KRIBENSIS
PEIXES DE ÁGUA DOCE
PEIXES DE AQUÁRIO
Origem
:
África.
Características:
o Kribensis é um ciclídeo anão muito pacífico, sendo um dos ciclídeos mais comuns e populares do aquarismo. De apelido ""Krib"" este peixinho é uma ótima opção para aquaristas iniciantes.
Comportamento e convivência com outras espécies:
o Kribensis é um ciclídeo anão muito pacífico com outras espécies de peixes, mas que pode se tornar territorial e agressivo frente a outros ciclídeos de mesmo porte. Esta situação pode ser facilmente contornada os mantendo em aquário de grande porte onde cada um poderá demarcar seu "
https://www.kauar.com.br/peixes-agua-doce/ciclideos-anoes/papilochromis-mikrogeophagus-altispinosus,peixe_ou_camarao,Papilochromis,Mikrogeophagus altispinosus,,,,,,6.,6.0,6.0,22°C a 28°C,22.0,28.0,,,,,,,,,https://images.tcdn.com.br/img/img_prod/749804/papilochromis_mikrogeophagus_altispinosus_1541_1_9d69ed2f3f57b1129d63428f0a81f0a0.jpg,,"PAPILOCHROMIS
PEIXES DE ÁGUA DOCE
PEIXES DE AQUÁRIO
Origem
:
América do Sul (Bacias do Rio Mamoré e Guaporé).
Características:
o Papilochromis é um ciclídeo anão muito pacífico, de cores chamativas amarelo e vermelho, sua característica principal se dá pela listra ao redor de seu olho, dando um charme especial ao pequeno peixe.
Comportamento e convivência com outras espécies:
o Papilochromis é um ciclídeo anão muito pacífico com outras espécies de peixes, mas que pode se tornar territorial e agressivo frente a outros ciclídeos de mesmo porte. Esta situação pode ser facilmente contornada os man"
https://www.kauar.com.br/peixes-agua-doce/ciclideos-anoes/ramirezi-azul-balao-3-a-4-cm-mikrogeophagus-ramirezi,peixe_ou_camarao,Ramirezi Azul balão,Mikrogeophagus ramirezi,,,,,,"5,0 a 7,0",5.0,7.0,26ºC e 30ºC,26.0,30.0,,,,,,,,,https://images.tcdn.com.br/img/img_prod/749804/ramirezi_azul_balao_3_a_4_cm_mikrogeophagus_ramirezi_1902_1_55783d416d088614eaa12f13743902ef.jpg,,"Ramirezi, também conhecido como Papiliochromis Ramirezi, Apistogramma Ramirezi ou Microgeophagus Ramirezi,  é encontrado em regiões com vasta vegetação submersa e raízes na América do Sul, podendo chegar a viver por 6 anos. São peixes ornamentais pacíficos e tímidos, que vivem bem acompanhando de outros peixes em aquários.
Quer saber mais sobre o Ramirezi e os cuidados veterinários da Kauar? E como funciona a entrega até a sua casa? Aprender tudo sobre aclimatação de um novo peixe ornamental em seu aquário? Continue com a Kauar!
ORIGEM, COMPORTAMENTO E CONVÍVIO DO RAMIREZI
Os Ramirezis são ori"
https://www.kauar.com.br/peixes-agua-doce/ciclideos-anoes/ramirezi-comum-mikrogeophagus-ramirezi,peixe_ou_camarao,Ramirezi Comum,Mikrogeophagus ramirezi,,,,,,"5,0 a 7,0",5.0,7.0,26ºC e 30ºC,26.0,30.0,,,,,,,,,https://images.tcdn.com.br/img/img_prod/749804/ramirezi_comum_2_5_a_3_cm_mikrogeophagus_ramirezi_1637_1_f8ddbe11aed6aba0df96f8f29aaac538.jpg,,"Ramirezi, também conhecido como Papiliochromis Ramirezi, Apistogramma Ramirezi ou Microgeophagus Ramirezi,  é encontrado em regiões com vasta vegetação submersa e raízes na América do Sul, podendo chegar a viver por 6 anos. São peixes ornamentais pacíficos e tímidos, que vivem bem acompanhando de outros peixes em aquários.
Quer saber mais sobre o Ramirezi e os cuidados veterinários da Kauar? E como funciona a entrega até a sua casa? Aprender tudo sobre aclimatação de um novo peixe ornamental em seu aquário? Continue com a Kauar!
ORIGEM, COMPORTAMENTO E CONVÍVIO DO RAMIREZI
Os Ramirezis são ori"
https://www.kauar.com.br/peixes-agua-doce/colisa-mel-4-a-5-cm-trichogaster-chuna,peixe_ou_camarao,Colisa Mel,Trichogaster Chuna,,,,,,6.0 e 8.0,6.0,8.0,22°C - 28°C,22.0,28.0,,,,,,,,,https://images.tcdn.com.br/img/img_prod/749804/colisa_mel_4_a_5_cm_trichogaster_chuna_1837_1_9d2a21ae5b1d0d88369d681eb0f4b039.jpg,,"O Colisa Mel é um peixe ornamental de aquário de água-doce, pacífico, natural da
índia e Bangladesh
. Entre os peixes ornamentais, é um peixe de fácil aclimatação e cuidados. Viverá muito bem em um aquário com PH entre 6.0 e 8.0, temperatura entre
22°C - 28°C.
Quer saber mais sobre o Colisa Mel e os cuidados veterinários da Kauar? E como funciona a entrega até a sua casa? Aprender tudo sobre aclimatação de um novo peixe ornamental em seu aquário? Continue com a Kauar!
ORIGEM, COMPORTAMENTO E CONVÍVIO DO COLISA MEL
PARÂMETROS DA ÁGUA PARA O COLISA MEL
Mantenha a temperatura por volta de 22ºC e "
https://www.kauar.com.br/peixes-agua-doce/colisa-sangue-4-a-5-cm-trichogaster-lalius,peixe_ou_camarao,Colisa Sangue,Trichogaster lalius,,,,,,6.0 e 8.0,6.0,8.0,22°C - 28°C,22.0,28.0,,,,,,,,,https://images.tcdn.com.br/img/img_prod/749804/colisa_sangue_4_a_5_cm_trichogaster_lalius_1849_1_44868eeefa42a4f8f5d784c7ef0a65f3.jpg,,"O Colisa Sangue  é um peixe ornamental de aquário de água-doce, pacífico, natural da
índia e Bangladesh
. Entre os peixes ornamentais, é um peixe de fácil aclimatação e cuidados. Viverá muito bem em um aquário com PH entre 6.0 e 8.0, temperatura entre
22°C - 28°C.
Quer saber mais sobre o Colisa Sangue e os cuidados veterinários da Kauar? E como funciona a entrega até a sua casa? Aprender tudo sobre aclimatação de um novo peixe ornamental em seu aquário? Continue com a Kauar!
ORIGEM, COMPORTAMENTO E CONVÍVIO DO COLISA SANGUE
PARÂMETROS DA ÁGUA PARA O COLISA SANGUE
Mantenha a temperatura por vol"
https://www.kauar.com.br/peixes-agua-doce/comedores-de-algas/caramujo-red-ramshorn-2-5-cm,peixe_ou_camarao,Caramujo Red Ramshorn,Planorbarius corneus,,,,,,7.0 a 8.0,7.0,8.0,24ºC a 28ºC,24.0,28.0,,,,,,,,,https://images.tcdn.com.br/img/img_prod/749804/caramujo_red_ramshorn_2_5_cm_1695_1_3dbfaf1ebba8233c1ca1c1f3254f438c.jpg,,"caramujo red ramshorn: ele não pode faltar no seu jardim aquático!
Os caramujos da espécie Red Ramshorn (Planorbis corneus) são ótimos para qualquer tipo de aquário. Eles se alimentam de algas e sobras de comida que ficam no aquário. Além disso, são um indicador especial de qualidade da água.
São animais muito pacíficos e nada tímidos. Passarão boa parte do tempo andando pelos elementos de decoração do aquário, como plantas, substrato e vidros. Como dito anteriormente, essa espécie é um bom sinal de qualidade da água. Caso estejam todos na superfície, é porque a água está com pouca oxigenação "
https://www.kauar.com.br/peixes-agua-doce/comedores-de-algas/curbicula-azul-pomacea-bridgesii,peixe_ou_camarao,Curbicula Azul,Pomacea bridgesii,,,,,,"7,0 a 8,0",7.0,8.0,24 a 28,24.0,28.0,,,,,,,,,https://images.tcdn.com.br/img/img_prod/749804/curbicula_azul_pomacea_bridgesii_1873_1_a55901119c99f60b3398a2a85a0e561b.jpg,,"Curbicula Azul | Pomacea Bridgesii
Peixe ornamental
Peixe de aquário
Origem:
encontrado nas regiões da América do Sul.
Características:
A curbicula Pomacea bridgesi é o caramujo mais conhecido entre os aquaristas, principalmente pelo seu tamanho, mas também por sua coloração Azulada e a sua voracidade quando se trata de algas.
Comportamento e Coabitação com outras espécies:
Os curbiculas, popularmente conhecido como caramujos são animais pacíficos, podem ser facilmente mantidos em aquários comunitários, desde que com possua companhias compatíveis.
Ambientação do aquário:
O aquário ideal deve p"
https://www.kauar.com.br/peixes-agua-doce/comedores-de-algas/curbicula-rosa-pomacea-bridgesii,peixe_ou_camarao,Curbicula Rosa,Pomacea bridgesii,,,,,,"7,0 a 8,0",7.0,8.0,24 a 28,24.0,28.0,,,,,,,,,https://images.tcdn.com.br/img/img_prod/749804/curbicula_rosa_pomacea_bridgesii_1909_1_b258388cdad18e92d430ae7cdcd025b6.jpg,,"Curbicula | Pomacea Bridgesii
Peixe ornamental
Peixe de aquário
Origem:
encontrado nas regiões da América do Sul.
Características:
A curbicula Pomacea bridgesi é o caramujo mais conhecido entre os aquaristas, principalmente pelo seu tamanho, mas também por sua coloração chamativa, e a sua voracidade quando se trata de algas.
Comportamento e Coabitação com outras espécies:
Os curbiculas, popularmente conhecido como caramujos são animais pacíficos, podem ser facilmente mantidos em aquários comunitários, desde que com possua companhias compatíveis.
Ambientação do aquário:
O aquário ideal deve pos"
https://www.kauar.com.br/peixes-agua-doce/comedores-de-algas/limpa-vidro-de-cauda-vermelha-parotocinclus-maculicauda,peixe_ou_camarao,"Nano Cascudo  ""Limpa-Vidro"" de Cauda Vermelha",Parotocinclus maculicauda,,,,,,"6,5 a 7,5",6.5,7.5,20 a 24,20.0,24.0,,,,,,,,,https://images.tcdn.com.br/img/img_prod/749804/peixe_limpa_vidro_de_cauda_vermelha_parotocinclus_maculicauda_1097_1_3e6069e9f63904296bd25d53f9711d9f.jpg,,"""Nano Cascudo"" Limpa-vidro de Cauda Vermelha
Peixe ornamental
Peixe de aquário
Origem:
encontrado na região da América do Sul.
Características:
O limpa-vidro é um peixe ornamental longo e fino com placas ósseas que se sobrepõem substituindo as escamas, sua cabeça é plana e termina com uma boca em forma de ventosa. Os raios duros presente em suas nadadeiras peitorais e dorsal servem como defesa contra predadores
Comportamento e Coabitação com outras espécies:
esse peixinho de aquário é tímido e pacífico deve ser mantido em um grupo de pelo menos seis indivíduos para que se sintam mais seguros e"
https://www.kauar.com.br/peixes-agua-doce/comedores-de-algas/limpa-vidro-otocinclus-affinis,peixe_ou_camarao,Limpa vidro,Otocinclus Affinis,,,,,,"6,5 a 7,5",6.5,7.5,20 a 24,20.0,24.0,,,,,,,,,https://images.tcdn.com.br/img/img_prod/749804/limpa_vidro_2_5_a_3_cm_otocinclus_affinis_1093_1_d8777f0a30b7fb6614a3f3c631237821.png,,"Limpa-vidro
Peixe ornamental
Peixe de aquário
Origem:
encontrado na região da América do Sul.
Características:
O limpa-vidro é um peixe ornamental longo e fino com placas ósseas que se sobrepõem substituindo as escamas, sua cabeça é plana e termina com uma boca em forma de ventosa. Os raios duros presente em suas nadadeiras peitorais e dorsal servem como defesa contra predadores
Comportamento e Coabitação com outras espécies:
esse peixinho de aquário é tímido e pacífico deve ser mantido em um grupo de pelo menos seis indivíduos para que se sintam mais seguros e mostrem seu comportamento natura"
https://www.kauar.com.br/peixes-agua-doce/coridora-adolfoi,peixe_ou_camarao,Coridora Adolfoi,Corydoras adolfoi,,Callichthyidae (Calictídeos),"América do Sul, bacia do Rio Negro no Brasil",,,5.0 a 7.4,5.0,7.4,22°C a 28°C,22.0,28.0,10 anos,,6 cm (comum: 4 cm),,,,,Tetras; Cascudos; Rásboras; Nano Cascudos; Peixes Comedores de Alga e muitos outros,https://images.tcdn.com.br/img/img_prod/749804/coridora_adolfoi_corydoras_adolfoi_2_a_3_cm_1647_1_cd35c87a4ac7831987929669799d5c7e.jpg,,"Coridora Adolfoi (Corydoras Adolfoi)
Nome Popular: Corydora Adolfoi
Espécie: Corydoras adolfoi
Família: Callichthyidae (Calictídeos)
Origem: América do Sul, bacia do Rio Negro no Brasil
Tamanho Adulto: 6 cm (comum: 4 cm)
Expectativa de Vida: 10 anos
Temperatura: 22°C a 28°C
pH: 5.0 a 7.4
Dureza: 2 a 15
A Coridora Adolfoi está entre os peixes ornamentais de aquário mais famosos do mundo. Seu visual é clássico e inconfundível. Esta cori tem uma legião de fãs, que se encantam com seus rostinho mascarado e suas marcações nas cores laranja e preta. Como outras da sua espécie, a Coridora Adolfoi é c"
https://www.kauar.com.br/peixes-agua-doce/coridora-agassizi,peixe_ou_camarao,Coridora Agassizi,Corydoras  agassizi,,Callichthyidae,,,,6.0 a 7,6.0,7.0,22ºC a 26ºC,22.0,26.0,,,,,,,,,https://images.tcdn.com.br/img/img_prod/749804/coridora_agassizi_corydora_agassizi_1037_1_55029f4212894838091b6f5c9547fe42.jpg,,"Coridora Agassizii (Corydoras agassizii)
Nome popular: Coridora Agassizii
Espécie: Corydoras agassizii
Família: Callichthyidae
Distribuição: Bacia do Rio Amazonas na América do Sul
pH: 6.0 a 7
Dureza da água: Mole
Temperatura: 22ºC a 26ºC
As coridoras, como a Coridora Agassizi, são muito pacíficas, peixes dóceis que convivem bem com outras espécies.
Aqui na Kauar você encontra várias espécies de peixes  que são ótimas companheiras de aquário para as
coridoras.
Na natureza, preferem nadar em cardumes e podem ser encontradas em grupos de até 20 indivíduos.
Quer saber mais sobre as característica"
https://www.kauar.com.br/peixes-agua-doce/coridora-azul,peixe_ou_camarao,Coridora Azul,Corydoras nattereri,,,,,,6.0 a 7.6,6.0,7.6,18°C a 26°C,18.0,26.0,,,,,,,,Tetras; Cascudos; Rásboras; Nano Cascudos; Peixes Comedores de Alga e muitos outros,https://images.tcdn.com.br/img/img_prod/749804/coridora_azul_2_a_3_cm_corydoras_nattereri_1803_1_9a50719efde427e7a8ac45ba2b660307.jpg,,"CORIDORA AZUL (CORYDORAS NATTERERI)
A Coridora Azul se destaca por um marcação central preta sobre o corpo azulado, o que a torna muito bonita! Como outras da sua espécie, a Coridora Azul é conhecida também por sua capacidade de respirar e rastejar fora d´água por distâncias curtas.
Isso ocorre porque as várias espécies de coridoras, e isto inclui a Coridora Azul, podem respirar ar de forma facultativa por meio do intestino. O órgão é altamente vascularizado e evoluiu para facilitar a absorção de oxigênio atmosférico. Isso também facilita que a Coridora Azul possa sobreviver em águas de baixo "
https://www.kauar.com.br/peixes-agua-doce/coridora-kanei,peixe_ou_camarao,Coridora Kanei,,,,,,,6,6.0,6.0,22°C - 28°C,22.0,28.0,,,,,,,,Tetras; Cascudos; Rásboras; Nano Cascudos; Peixes Comedores de Alga e muitos outros,https://images.tcdn.com.br/img/img_prod/749804/coridora_kanei_2_cm_a_4_cm_1775_1_8fd0f518d8edfe4d3e7899b173578ae8.jpg,,"CORIDORA KANEI (CORYDORAS KANEI)
A Coridora Kanei possui uma máscara preta, pintinhas pretas no corpo que contrastam com nuances douradas. Como outras da sua espécie, a Coridora Kanei é conhecida também por sua capacidade de respirar e rastejar fora d´água por distâncias curtas.
Isso ocorre porque as várias espécies de coridoras, e isto inclui a Coridora Kanei, podem respirar ar de forma facultativa por meio do intestino. O órgão é altamente vascularizado e evoluiu para facilitar a absorção de oxigênio atmosférico. Isso também facilita que a Coridora Kanei possa sobreviver em águas de baixo ní"
https://www.kauar.com.br/peixes-agua-doce/coridora-schwartzi,peixe_ou_camarao,Coridora Schwartzi,Corydoras Schwartzi,,,,,,6,6.0,6.0,22°C - 26°C,22.0,26.0,,,,,,,,Tetras; Cascudos; Rásboras; Nano Cascudos; Peixes Comedores de Alga e muitos outros,https://images.tcdn.com.br/img/img_prod/749804/coridora_schwartzi_3_a_4_cm_corydoras_schwartzi_1823_1_1ae697fdfaf7c058d6b82264f2a46e09.jpg,,"CORIDORA SCHWARTZI (CORYDORAS SCHWARTZI)
As Coridoras Schwartzi são peixes de água-doce, muito sociáveis e cardumeiros. Convivem bem com outras espécies e amam a companhia de outras coridoras. O nome da Coridora Schwartzi possui inspiração alemã e não possui uma tradução literal, mas o significado gira em torno de algo como ""algo que é nosso e de grande estima"". E é isso mesmo que você vai sentir quando a Coridora Schwartzi integrar a sua fauna!
Como outras espécies de coridora, a
Coridora Schwartzi
é conhecida também por sua capacidade de respirar e rastejar fora d´água por distâncias curtas."
https://www.kauar.com.br/peixes-agua-doce/coridora-sodalis,peixe_ou_camarao,Coridora Sodalis,Corydoras sodalis,,,,,,6 a 8,6.0,8.0,22°C - 26°C,22.0,26.0,,,,,,,,Tetras; Cascudos; Rásboras; Nano Cascudos; Peixes Comedores de Alga e muitos outros,https://images.tcdn.com.br/img/img_prod/749804/coridora_sodalis_1011_1_f41b098d520ad3520df5559d9afd2ed3.jpg,,"CORIDORA SODALIS (CORYDORAS SODALIS)
A Coridora Sodalis tem lindas marcações cheias de nuances douradas. Como outras da sua espécie, a Coridora Sodalis é conhecida também por sua capacidade de respirar e rastejar fora d´água por distâncias curtas.
Isso ocorre porque as várias espécies de coridoras, e isto inclui a Coridora Sodalis, podem respirar ar de forma facultativa por meio do intestino. O órgão é altamente vascularizado e evoluiu para facilitar a absorção de oxigênio atmosférico. Isso também facilita que a Coridora Sodalis possa sobreviver em águas de baixo nível de oxigênio quando neces"
https://www.kauar.com.br/peixes-agua-doce/coridora-sterbai-albina,peixe_ou_camarao,Coridora Green Laser,Corydoras aeneus,,,,,,6.0 a 7.5,6.0,7.5,22ºC a 28ºC,22.0,28.0,,,,,,,,Tetras; Cascudos; Rásboras; Nano Cascudos; Peixes Comedores de Alga e muitos outros,https://images.tcdn.com.br/img/img_prod/749804/coridora_sterbai_albina_corydoras_sterbai_1_20260603130458_822a0522f76d.jpg,,"CORIDORA GREEN LASER É A UNIÃO DE RESISTENCIA, CARISMA E BELEZA. LEVE ESSA JOIA PARA SEU AQUÁRIO, E LHE DÊ AINDA MAIS VIDA E BELEZA
O Universo das Coridoras nunca para de surpreender, conseguimos, pela primeira vez, a rara Coridora Green Laser, uma das variações da versátil Coryydoras aeneus. A Coridora Green Laser chama a atenção por sua coloração verde elétrico, seu comportamento tranquilo, e resistência a torna uma ótima escolha para quem busca beleza e resistência.
Quer saber mais sobre a Coridora Green laser ? E os cuidados veterinários da Kauar? E como funciona a entrega até a sua casa? "
https://www.kauar.com.br/peixes-agua-doce/cuiu-cuiu-amarelo-megalodoras-uranoscopus,peixe_ou_camarao,Megalodora,Megalodoras uranoscopus,,,,,,7.,7.0,7.0,18ºC e 26ºC,18.0,26.0,,,,,,,,,https://images.tcdn.com.br/img/img_prod/749804/cuiu_cuiu_amarelo_megalodoras_uranoscopus_1071_1_20201211001318.jpg,,"Cuiú Cuiú Amarelo
Megalodora
Peixes de Água Doce
Origem:
natural da Bacia Amazônica.
Características:
O peixe de aquário Megalodora ou como também é conhecido Cuiú Cuiú Amarelo, é e
ncontrado em pequenos grupos e ocasionalmente formando cardumes. Era frequentemente referido pelo binomial M. irvini
Os doradídeos são muitas vezes referidos como “peixes-falantes” em referência ao fato de que muitos deles são capazes de produzir sons audíveis.
Comportamento e coabitação com outras espécies:
Megalodora é um tipo de peixe extremamente pacífico podendo ser mantido em aquário comunitário com peixes de"
https://www.kauar.com.br/peixes-agua-doce/guppys-platis-mollys-e-espadas/guppy-crowntail-poecilideos,peixe_ou_camarao,Guppy Crowntail,Poecilia Reticulata,,,,,,"7,0 a 7,2",7.0,7.2,25ºC e 30ºC,25.0,30.0,,,,,,,,,https://images.tcdn.com.br/img/img_prod/749804/guppy_crowntail_casal_poecilideos_1923_1_e74a27c2e2d3ae2d2892979088c91115.jpg,,"GUPPY CROWN TAIL, UM PEIXE LINDO PARA SEU AQUÁRIO DE ÁGUA DOCE
O Guppy Crown Tail é um peixe ornamental de de água-doce, pacífico, ideal para aquários comunitários. Suas cores geram contrastes incríveis, seu nado ágil e seu temperamento ativo transformam o aquário em um verdadeiro show de cores e movimento.
São peixes que encantam as crianças e também adultos! O Guppy é o peixe escolhido por muitos aquaristas experientes que levam o hobby bem a sério. Existem diversos campeonatos nacionais e mundiais que avaliam os peixes mais representativos dos padrões da espécie nas suas diversas variedades"
https://www.kauar.com.br/peixes-agua-doce/guppys-platis-mollys-e-espadas/guppy-mosaic-green-casal-poecilideos,peixe_ou_camarao,Guppy Moscow Green,,,,,,,"7,0 a 7,2",7.0,7.2,25ºC e 30ºC,25.0,30.0,,,,,,,,,https://images.tcdn.com.br/img/img_prod/749804/guppy_moscow_green_casal_2cm_a_4cm_selecao_especial_kauar_1901_1_e3fa88a2c0d8d02e42bce449c49f7bfd.jpg,,"GUPPY MOSCOW GREEN, UM PEIXE LINDO PARA SEU AQUÁRIO DE ÁGUA DOCE
O Guppy é um peixe ornamental de aquário de água-doce, pacífico, ideal para aquários comunitários, suas cores geram contrastes incríveis para aquários plantados e a sua personalidade é perfeita para as crianças, pois se movimenta por todo o aquário, as crianças adoram vê-los se alimentando. Isso não quer dizer que seja somente para crianças, o Guppy é muito escolhido entre aquaristas experientes que levam o hobby bem a sério, existem diversos campeonatos ao longo do mundo no qual aquaristas experientes disputam o título, os nosso"
https://www.kauar.com.br/peixes-agua-doce/jumbos/jundia-albino-rhamdia-quelen,peixe_ou_camarao,Jundiá Albino,Rhamdia quelen,,,,,,"6,0 a 7,0",6.0,7.0,22ºC e 28ºC,22.0,28.0,,,,,,,,,https://images.tcdn.com.br/img/img_prod/749804/jundia_albino_rhamdia_quelen_1101_1_20201211001306.jpg,,"Jundiá Albino |  Rhamdia quelen
Peixes de Aquário
Peixes de Água Doce
Origem:
natural da América do Sul.
Características:
o Jundiá Albino também conhecido como Bagre amarelo e Bagre da lagoa possui raios espinhosos venenosos, que são muito conhecidos pelos pescadores. Esse peixinho chega a atingir um tamanho máximo de 47 centímetros, mas o mais comum de ser encontrado é no tamanho de 35 centímetros.
Comportamento e coabitação com outras espécies:
o Jundiá deve ser alojado com peixes grandes e robustos (os grandes ciclídeos são ideais), pois pequenos peixes serão comidos. Apresenta comportament"
https://www.kauar.com.br/peixes-agua-doce/jumbos/oscar-red-ruby-albino-5-a-6-cm-astronotus-ocellatus,peixe_ou_camarao,Oscar Red Ruby Albino,Astronotus ocellatus,,,,,,6.0 a 7,6.0,7.0,22 e 28ºC,22.0,28.0,,,,,,,,,https://images.tcdn.com.br/img/img_prod/749804/oscar_red_ruby_albino_5_a_6_cm_astronotus_ocellatus_1827_1_e7e452047e586292fac21b869d19f915.jpg,,"O Peixe Oscar Red Ruby importado, também conhecido como Astronotus Ocellatus,
é um peixe ornamental surpreendente pelo seu tamanho e inteligência. Cheios de personalidade, os peixões Oscar são habitantes comuns em aquários jumbo, pois são lindos e resistentes. O peixe Oscar tem a habilidade de reconhecer seus cuidadores e podem atingir até 45 cm de comprimento.
ORIGEM, COMPORTAMENTO E CONVÍVIO DO OSCAR RED RUBY
Natura da Bacia Amazônica, o peixe ornamental Oscar Red Ruby é um peixe de características muito marcantes e de personalidade forte, além de ser muito resistente. São peixes capazes de "
https://www.kauar.com.br/peixes-agua-doce/jumbos/piau-tres-pintas-leporinus-octomaculatus,peixe_ou_camarao,Piau Três Pintas,Leporinus Friderici,,,,,,"5,5 a 7,2",5.5,7.2,24ºC e 28ºC,24.0,28.0,,,Por volta de 40,,,,,,https://images.tcdn.com.br/img/img_prod/749804/piau_tres_pintas_leporinus_friderici_1799_1_19eed4b71780a7e51dd8456153d53550.jpg,,"A coloração do Piau Três Pintas é dourada com 3 pintas escuras bem destacadas. Tamanho Adulto: Por volta de 40
centímetros.
Quer saber mais sobre o Piau
e os cuidados veterinários da Kauar? E como funciona a entrega até a sua casa? Aprender tudo sobre aclimatação de um novo peixe ornamental em seu aquário? Continue com a Kauar!
ORIGEM, COMPORTAMENTO E CONVÍVIO DO PIAU TRÊS PINTAS
O Piau é
um peixe ornamental de água doce, natural da América do Sul: Bacia do Rio Amazonas e Suriname.
Seu comportamento é gregário, devendo ser mantido em seis ou mais espécimes. Apesar de certo grau de disputas ent"
https://www.kauar.com.br/peixes-agua-doce/killifish-gardneri,peixe_ou_camarao,Killifish Gardneri,Fundulopanchax gardneri,,,,,,"6,8",6.8,6.8,22 a 25ºC,22.0,25.0,,,,,,,,,https://images.tcdn.com.br/img/img_prod/749804/killifish_gardneri_innidere_3_a_4_cm_fundulopanchax_gardneri_1041_1_d41070cc8987976a83534a6391ef59c4.jpg,,"Killifish Gardneri
Peixes de água doce
Peixes Ornamentais
Origem:
encontradas nas regiões da África.
Características:
o Killifish Gardneri é um peixe com cores vibrantes e ideal para aquaristas iniciantes, devido a sua fácil manutenção e reprodução, por isso é um dos killifishes mais populares entre os hobbystas. Os machos são mais coloridos do que as fêmeas, estas possuem manchas marrons pelo comprimento do corpo.
Comportamento:
Essa espécie se dá muito bem vivendo em grupo ou em casais. São animais geralmente pacíficos e fáceis de procriar. No entanto, os machos podem ser um pouco agressivos"
https://www.kauar.com.br/peixes-agua-doce/killifish-golden-panchax,peixe_ou_camarao,Killifish Golden Panchax,,,,,,,"6,8",6.8,6.8,22 a 25ºC,22.0,25.0,,,,,,,,,https://images.tcdn.com.br/img/img_prod/749804/killifish_golden_panchax_importado_1067_3_41dd1d959edb43919c7e551ff5026d07.jpg,,"Killifish Golden Panchax
Peixes de água doce
Peixes Ornamentais
Origem:
encontradas nas regiões da Ásia.
Características:
o Killifish Golden panchax é um peixe com cor amarela vibrante e ideal para aquaristas iniciantes, devido a sua fácil manutenção e reprodução, por isso é um dos killifishes mais populares entre os hobbystas. Os machos são mais coloridos do que as fêmeas, estas possuem manchas marrons pelo comprimento do corpo.
Comportamento:
Essa espécie se dá muito bem vivendo em grupo ou em casais. São animais geralmente pacíficos e fáceis de procriar. No entanto, os machos podem ser um p"
https://www.kauar.com.br/peixes-agua-doce/killifish/killifish-antenori-hypsolebias-antenori,peixe_ou_camarao,Killifish Antenori CASAL,Hypsolebias antenori,,,,,,"7,0 a 7.4",7.0,7.4,25ºC a 30ºC,25.0,30.0,,,,,,,,,https://images.tcdn.com.br/img/img_prod/749804/killifish_antenori_hypsolebias_antenori_1_20260625170227_88487f33046b.png,,"VENHA CONHECER ESSA JOIA DA CAATINGA, O KILLIFISH ANTENORI É UM KILLII ENDEMICO DO BRASIL, ENCONTRADO NO NORDESTE. ENCANTA POR SUA ELEGANCIA E CORES RADIANTES
Uma espécie endêmica da caatinga, esse killifish temporário é encontrado em poças, principalmente do rio Jaguaribe, no estado do Ceará. Um peixinho que chama muito a atenção por suas cores e resistência. Possui uma base bege acinzentada, com realces que vão do azul, verde, tons de vermelho e laranja. Possui pintas amareladas que formam padrão por seu corpo, principalmente nas barbatanas. Os machos possuem um comportamento territorialista"
https://www.kauar.com.br/peixes-agua-doce/killifish/killifish-gardneri,peixe_ou_camarao,Killifish Gardneri Lafia Gold,Fundulopanchax gardneri,,,,,,"6,8",6.8,6.8,22 a 25ºC,22.0,25.0,,,,,,,,,https://images.tcdn.com.br/img/img_prod/749804/killifish_gardneri_innidere_lafia_gold_3_a_4_cm_fundulopanchax_gardneri_1149_1_350f9eb877459a548f87c65af907bf13.jpg,,"Killifish Gardneri
Peixes de água doce
Peixes Ornamentai
Origem:
encontradas nas regiões da África.
Características:
o Killifish Gardneri é um peixe com cores vibrantes e ideal para aquaristas iniciantes, devido a sua fácil manutenção e reprodução, por isso é um dos killifishes mais populares entre os hobbystas. Os machos são mais coloridos do que as fêmeas, estas possuem manchas marrons pelo comprimento do corpo.
Comportamento:
Essa espécie se dá muito bem vivendo em grupo ou em casais. São animais geralmente pacíficos e fáceis de procriar. No entanto, os machos podem ser um pouco agressivos,"
https://www.kauar.com.br/peixes-agua-doce/killifish/killifish-longfin-1-5-a-2-5-cm-pterolebias-longipinnis-super-raro-poucas-unidades,peixe_ou_camarao,Killifish Longfin Casal,Pterolebias longipinnis,,,,,,6.5 a 7.0,6.5,7.0,22ºC a 28ºC,22.0,28.0,,,,,,,,,https://images.tcdn.com.br/img/img_prod/749804/killifish_longfin_15_a_25_cm_pterolebias_longipinn_1_20260622175538_157ca6f53ee5.jpg,,"APRESENTAMOS O RARO E ELEGANTE KILLIFISH LONGFIN, UM KILLI RARO QUE LEVARA UMA EXPLOSÃO DE CORES AO SEU AQUÁRIO!
Um Killi que encanta por sua beleza e elegância o Killifish Longfin é um peixe raro e difícil de encontrar a venda no mercado Brasileiro. Impressiona por suas nadadeiras compridas e as cores vibrantes com reflexos metálicos indo do azul, verde, violeta. O tamanho pode varias de 5 a 10 cm, as fêmeas são menores que os machos. Na natureza vive em poças e áreas alagadas
Nome popular:
Killifish Longfin
Nome científico:
Pterolebias longipinnis
Ordem;
Cyprinodontiformes
Família:
Rivulidae"
https://www.kauar.com.br/peixes-agua-doce/killifish/killifish-paresi-melanorivulus-paresi-super-raro,peixe_ou_camarao,Killifish Paresi,Melanorivulus paresi,,,,,,6.0 a 7.2,6.0,7.2,22ºC a 28ºC,22.0,28.0,,,,,,,,,https://images.tcdn.com.br/img/img_prod/749804/killifish_paresi_15_a_25_cm_melanorivulus_paresi_1_20260227105157_7ce1fb197c4b.jpg,,"VEM CONHECER O KILLIFISH PARESI, UM KILLI RARO ENDEMICO DO BRASIL, QUE VOCÊ VAI SE APAIXONAR!
Nativo do Brasil, mais precisamente do Estado Matogrosso, o Melanorivulus paresi, é um dos famosos peixes das nuvens, um Killifish não anual, bem pequeno, que chega ao máximo 2,5 cm. Com cores bem chamativas e um corpo levemente alongado, chama bastante atenção dentro do aquário. Um peixe pacifico que convive bem com outras espécies, desde que seja de pequeno porte, como ele. Os machos podem ser territórialistas entre si, ou com peixes parecidos, que ocupam o mesmo espaço dentro do aquário, como ciclí"
https://www.kauar.com.br/peixes-agua-doce/kinguios/copia-kinguio-red-cap,peixe_ou_camarao,Kinguio Ryukin,,,,,,,6.5 e 7.8,6.5,7.8,10ºC e 25ºC,10.0,25.0,,,,,,,,,https://images.tcdn.com.br/img/img_prod/749804/copia_kinguio_red_cap_1777_1_f7ccf9500b76b2267a977312cf4e9ec4.jpg,,"O Kinguio
Ryukin
é um peixe ornamental de aquário de água-doce, pacífico, natural da Ásia, especificamente da China e do Japão. Entre os peixes ornamentais, é um dos mais famosos, já que existem dezenas de variedades com várias formas, cores e tamanhos. Pacífico, são peixes bastante ativos e que nadam por todo aquário constantemente.  Viverá muito bem em um aquário com PH entre 6.5 e 7.8.
Quer saber mais sobre os Kinguios e os cuidados veterinários da Kauar? E como funciona a entrega até a sua casa? Aprender tudo sobre aclimatação de um novo peixe ornamental em seu aquário? Continue com a Kaua"
https://www.kauar.com.br/peixes-agua-doce/kinguios/kinguio-red-cap,peixe_ou_camarao,Kinguio Oranda Red Cap,Carassius aratus,,,,,,6.5 e 7.8,6.5,7.8,10ºC e 25ºC,10.0,25.0,,,,,,,,,https://images.tcdn.com.br/img/img_prod/749804/kinguio_red_cap_1573_1_c430a75aa82df41bc47c5bdd6c3a6bed.jpg,,"KINGUIO RED CAP ORANDA
O Kinguio Red Cap é um peixe ornamental de aquário de água-doce, pacífico, natural da Ásia, especificamente da China e do Japão.
Entre os peixes ornamentais, é um dos mais famosos, já que existem dezenas de variedades com várias formas, cores e tamanhos. Pacífico, são peixes bastante ativos e que nadam por todo aquário constantemente.  Viverá muito bem em um aquário com PH entre 6.5 e 7.8.
Quer saber mais sobre os Kinguios e os cuidados veterinários da Kauar? E como funciona a entrega até a sua casa? Aprender tudo sobre aclimatação de um novo peixe ornamental em seu aquá"
https://www.kauar.com.br/peixes-agua-doce/kinguios/kinguio-telescopio-preto,peixe_ou_camarao,Kinguio Telescópio Preto,,,,,,,6.5,6.5,6.5,10ºC e 25ºC,10.0,25.0,,,,,,,,,https://images.tcdn.com.br/img/img_prod/749804/kinguio_telescopio_preto_1581_1_9f118c4a2ccc99b993608e61c8ef3b3b.jpg,,"KINGUIO tElescópio
O KINGUIO TELESCÓPIO É UM PEIXE ORNAMENTAL DE AQUÁRIO DE ÁGUA-DOCE, PACÍFICO, NATURAL DA ÁSIA, ESPECIFICAMENTE DA CHINA E DO JAPÃO.
ENTRE OS PEIXES ORNAMENTAIS, É UM DOS MAIS FAMOSOS, JÁ QUE EXISTEM DEZENAS DE VARIEDADES COM VÁRIAS FORMAS, CORES E TAMANHOS. PACÍFICO, SÃO PEIXES BASTANTE ATIVOS E QUE NADAM POR TODO AQUÁRIO CONSTANTEMENTE.  VIVERÁ MUITO BEM EM UM AQUÁRIO COM PH ENTRE 6.5 E 7.8.
Quer saber mais sobre os Kinguios e os cuidados veterinários da Kauar? E como funciona a entrega até a sua casa? Aprender tudo sobre aclimatação de um novo peixe ornamental em seu aquár"
https://www.kauar.com.br/peixes-agua-doce/lagosta-filtradora,peixe_ou_camarao,Lagosta Filtradora,,,,,,,"6,5 a 7,5",6.5,7.5,23ºC a 28ºC,23.0,28.0,,,,,,,,,https://images.tcdn.com.br/img/img_prod/749804/lagosta_filtradora_6_a_9_cm_atya_gabonensis_giebel_1527_1_14c7cf9019fac881ba97b0ef353cc46f.jpg,,"LAGOSTA FILTRADORA
Atya Gabonensis Giebel
PEIXES DE ÁGUA DOCE
Origem:
África, América do Sul.
Características:
Chamada também de Camarão-Africano Filtrador, Camarão Negro e outros nomes regionais a Lagosta Filtradora, que na verdade é um camarão  recebe este nome pela sua aparência. Filtradora, pois come matéria orgânica em suspensão, filtrando com suas patas e com isso ajudando na limpeza do seu aquário. Ela é bastante encontrada na América do Sul e na África.
Comportamento e coabitação com outras espécies:
Pacífico e sociável. Perfeito para aquários comunitários de grande porte. É um animal "
https://www.kauar.com.br/peixes-agua-doce/limpa-vidro-pingo-de-ouro-parotocinclus-haroldoi,peixe_ou_camarao,Nano Cascudo Pingo de Ouro,Parotocinclus haroldoi,,,,,,"6,5 a 7,5",6.5,7.5,20 a 24,20.0,24.0,,,,,,,,,https://images.tcdn.com.br/img/img_prod/749804/cascudo_nano_pingo_de_ouro_2_5_a_3_parotocinclus_haroldoi_1053_1_b4375dfddfdc6feb0d3ac1f50930b18a.jpg,,"Este é o limpa-vidros pingo de ouro, um nano cascudo que vai ser só sucesso em seu aquário.
Origem:
encontrado na região da América do Sul.
Características:
O Limpa Vidro Pingo de Ouro é um peixe ornamental longo e fino com placas ósseas que se sobrepõem substituindo as escamas, sua cabeça é plana e termina com uma boca em forma de ventosa. Os raios duros presente em suas nadadeiras peitorais e dorsal servem como defesa contra predadores
Comportamento e Coabitação com outras espécies:
o Limpa Vidro Pingo de Ouro é tímido e pacífico deve ser mantido em um grupo de pelo menos seis indivíduos par"
https://www.kauar.com.br/peixes-agua-doce/mini-arraia-botia-borneo-sucker,peixe_ou_camarao,Mini Arraia,,,,,,,"6,8 a 7.5",6.8,7.5,25 e 30ºC,25.0,30.0,,,,,,,,,https://images.tcdn.com.br/img/img_prod/749804/mini_arraia_2_a_4_cm_botia_borneo_sucker_1065_1_8fee2b8160781607f8dea7c2ac901133.jpg,,"Mini Arraia | Botia Borneo Sucker
Peixes de água doce
Peixes Ornamentais
Origem:
encontrada na Ásia.
Características:
A Mini Arraia, também conhecida como Bótia Borneo Sucker, apresenta faixas escuras, verticais, na parte lateral do corpo. Existem outras variedades desta espécie de peixe ornamental de aquário. Vivem junto ao substrato e se alimentem de pedaços de ração que cheguem ao fundo.
Comportamento:
As Mini Arraias são peixes pacíficos, ativos e gregários, podem ser facilmente mantidos em aquários comunitários, desde que com companheiros compatíveis.
Coabitação com outras espécies:
Na na"
https://www.kauar.com.br/peixes-agua-doce/mussum-synbranchus-marmoratus,peixe_ou_camarao,Mussum,Synbranchus marmoratus,,,,,,"6,8",6.8,6.8,23ºC a 27ºC,23.0,27.0,,,,,,,,,https://images.tcdn.com.br/img/img_prod/749804/mussum_synbranchus_marmoratus_1517_1_20201211001318.jpg,,"MUSSUM
PEIXES DE AQUÁRIO
PEIXES ORNAMENTAIS
Origem:
América do Sul.
Características:
O  Mussum é um peixe que habita lagos, córregos, brejos, pântanos e rios, podendo sobreviver a longos períodos enterrado na lama.
Sua forma corporal lembra uma cobra. Seus olhos são pequenos situados bem à frente da cabeça. Sua coloração vai do cinza-escuro ao castanho.
Sua espécie é distribuída para todo o Brasil. O Mussum, também conhecido como Cobra d'água pode tem expectativa de vida de 5 a 10 anos.
Comportamento e c
oabitação com outras espécies
:
É muito importante que você escolha para convivência no me"
https://www.kauar.com.br/peixes-agua-doce/neolamprologus-orange,peixe_ou_camarao,Leleupi Orange,Neolamprologus Leleupi,,,,,,8.0 a 9.0,8.0,9.0,15 a 20,15.0,20.0,,,,,,,,Neolamprologus,https://images.tcdn.com.br/img/img_prod/749804/neolamprologus_leleupi_orange_2_a_4_cm_1043_1_78b8da66b523d7f5c36087d4816a37e8.jpg,,"Neolamprologus  Leleupi Orange
Peixes de Aquário
| Ciclídeos Africanos
Peixes Ornamentais
Origem:
África (Lago Tanganica)
Características
: os ciclídeos africanos são peixes ornamentais de cores vibrantes, com características bastante territorialistas e agressivas. São peixes que se movimentam bastante em seu aquário, justamente porque tentam demarcar seu território obstinadamente, este é o caso do Neolamprologus.
Comportamento e c
oabitação com outras espécies
:
o Neolamprologus  é um peixe territorialista e bastante temperamental. Costuma viver em haréns e o ideal é manter 1 macho com 3 a 6 "
https://www.kauar.com.br/peixes-agua-doce/piau-leporinus-octomaculatus,peixe_ou_camarao,Piau Octomaculatus,Leporinus octomaculatus,,,,,,"5,5 a 7,2",5.5,7.2,24ºC e 28ºC,24.0,28.0,,,Por volta de 13 centímetros,,,,,,https://images.tcdn.com.br/img/img_prod/749804/piau_octomaculatus_leporinus_octomaculatus_1685_1_55d1ff0606be4ab88833ae7c5826081e.jpg,,"A coloração do Piau Octomaculatus de seu corpo é dourada com manchas escuras bem destacadas. Tamanho Adulto: Por volta de 13 centímetros.
Quer saber mais sobre o Piau
e os cuidados veterinários da Kauar? E como funciona a entrega até a sua casa? Aprender tudo sobre aclimatação de um novo peixe ornamental em seu aquário? Continue com a Kauar!
ORIGEM, COMPORTAMENTO E CONVÍVIO DO PIAU LISTRADO
O Piau é
um peixe ornamental de água doce. Seu comportamento é gregário, devendo ser mantido em seis ou mais espécimes. Apesar de certo grau de disputas entre eles, é natural uma vez que formam forte hierar"
https://www.kauar.com.br/peixes-agua-doce/poecilideos/espada-red-white-albino-xiphophorus-helleri-poecilideos,peixe_ou_camarao,Espada Kohaku Red Cap,Xiphophorus helleri,,,,,,"7 a 7,4",7.0,7.4,22 e 26ºC,22.0,26.0,,,,,,,,,https://images.tcdn.com.br/img/img_prod/749804/espada_kohaku_red_cap_2_a_3_cm_xiphophorus_helleri_poecilideos_1099_1_cd3c4b82182dd467b789c246574df293.jpg,,"ESPADA KOHAKU RED CAP: UM PEIXE REALMENTE LINDO PARA SEU LAGO OU AQUÁRIO
A Espada Kohaku Red Cap é um peixe super elegante, além de muito popular. Praticamente todo mundo conhece este peixinho lindo de fácil manutenção e criação. Ela é super indicada para lagos também, porque oferece uma linda visão de cima, lembrando mini carpas koi.
COABITAÇÃO COM OUTRAS ESPÉCIES E AMBIENTAÇÃO DO AQUÁRIO
Esta é uma espécie de cardumes pequenos, geralmente pacíficos, porém, os machos podem ser agressivos entre si, principalmente em época de reprodução.
PARÂMETROS DA ÁGUA
Mantenha a temperatura ente 22 e 26ºC "
https://www.kauar.com.br/peixes-agua-doce/poecilideos/guppy-blue-moscow-casal-poecilideos,peixe_ou_camarao,Guppy Moscow Blue,,,,,,,"7,0 a 7,2",7.0,7.2,25ºC e 30ºC,25.0,30.0,,,,,,,,,https://images.tcdn.com.br/img/img_prod/749804/guppy_moscow_blue_2_a_4cm_casal_seleo_especial_1_20260323160810_0ab59b0c011a.jpeg,,"GUPPY MOSCOU BLUE, UM PEIXE LINDO PARA SEU AQUÁRIO DE ÁGUA DOCE
O Guppy é um peixe ornamental de aquário de água-doce, pacífico, ideal para aquários comunitários, suas cores geram contrastes incríveis para aquários plantados e a sua personalidade é perfeita para as crianças, pois se movimenta por todo o aquário, as crianças adoram vê-los se alimentando. Isso não quer dizer que seja somente para crianças, o Guppy é muito escolhido entre aquaristas experientes que levam o hobby bem a sério, existem diversos campeonatos ao longo do mundo no qual aquaristas experientes disputam o título, os nossos"
https://www.kauar.com.br/peixes-agua-doce/poecilideos/guppy-bottom-sword-casal-poecilideos,peixe_ou_camarao,Guppy Bottom Sword,Poecilia Reticulata,,,,,,"7,0 a 7,2",7.0,7.2,25ºC e 30ºC,25.0,30.0,,,,,,,,,https://images.tcdn.com.br/img/img_prod/749804/guppy_bottom_sword_casal_poecilideos_1703_1_5d4ee5a06b37236a3ba37fdf3a701d33.jpg,,"GUPPY BOTTOM SWARD, UM PEIXE LINDO PARA SEU AQUÁRIO DE ÁGUA DOCE
O Guppy Bottom Sward é um peixe ornamental de de água-doce, pacífico, ideal para aquários comunitários. Suas cores geram contrastes incríveis, seu nado ágil e seu temperamento ativo transformam o aquário em um verdadeiro show de cores e movimento.
São peixes que encantam as crianças e também adultos! O Guppy é o peixe escolhido por muitos aquaristas experientes que levam o hobby bem a sério. Existem diversos campeonatos nacionais e mundiais que avaliam os peixes mais representativos dos padrões da espécie nas suas diversas varied"
https://www.kauar.com.br/peixes-agua-doce/poecilideos/guppy-dumbo-poecilideos,peixe_ou_camarao,Guppy Dumbo Mosaico Big Ear,Poecilia Reticulata,,,,,,"7,0 a 7,2",7.0,7.2,25ºC e 30ºC,25.0,30.0,,,,,,,,,https://images.tcdn.com.br/img/img_prod/749804/guppy_dumbo_mosaico_casal_1091_1_b8515077b04147f05522873c297644f7.jpeg,,"GUPPY DUMBO, UM PEIXE LINDO PARA SEU AQUÁRIO DE ÁGUA DOCE
O Guppy Dumbo é um peixe ornamental de de água-doce, pacífico, ideal para aquários comunitários. Suas cores geram contrastes incríveis, seu nado ágil e seu temperamento ativo transformam o aquário em um verdadeiro show de cores e movimento.
São peixes que encantam as crianças e também adultos! O Guppy é o peixe escolhido por muitos aquaristas experientes que levam o hobby bem a sério. Existem diversos campeonatos nacionais e mundiais que avaliam os peixes mais representativos dos padrões da espécie nas suas diversas variedades. E olha c"
https://www.kauar.com.br/peixes-agua-doce/poecilideos/guppy-full-black-casal-poecilideos,peixe_ou_camarao,Guppy Full Black,Poecilia Reticulata,,,,,,"7,0 a 7,2",7.0,7.2,25ºC e 30ºC,25.0,30.0,,,,,,,,,https://images.tcdn.com.br/img/img_prod/749804/guppy_full_black_casal_selecao_especial_kauar_1739_1_0cf17e1b4746c357e0184e582abf11c8.jpg,,"GUPPY FULL BLACK, UM PEIXE LINDO PARA SEU AQUÁRIO DE ÁGUA DOCE
O Guppy Full Black é um peixe ornamental de de água-doce, pacífico, ideal para aquários comunitários. Suas cores geram contrastes incríveis, seu nado ágil e seu temperamento ativo transformam o aquário em um verdadeiro show de cores e movimento.
São peixes que encantam as crianças e também adultos! O Guppy é o peixe escolhido por muitos aquaristas experientes que levam o hobby bem a sério. Existem diversos campeonatos nacionais e mundiais que avaliam os peixes mais representativos dos padrões da espécie nas suas diversas variedades"
https://www.kauar.com.br/peixes-agua-doce/poecilideos/guppy-full-red-casal-poecilideos,peixe_ou_camarao,Guppy Full Red Albino,Poecilia Reticulata,,,,,,"7,0 a 7,2",7.0,7.2,25ºC e 30ºC,25.0,30.0,,,,,,,,,https://images.tcdn.com.br/img/img_prod/749804/guppy_full_red_albino_casal_2cm_a_4cm_selecao_especial_kauar_1831_1_69ad35732ebda22f69a167e7862628e0.jpg,,"GUPPY FULL RED ALBINO, UM PEIXE LINDO PARA SEU AQUÁRIO DE ÁGUA DOCE
O Guppy Full Red Albino é um peixe ornamental de de água-doce, pacífico, ideal para aquários comunitários. Suas cores geram contrastes incríveis, seu nado ágil e seu temperamento ativo transformam o aquário em um verdadeiro show de cores e movimento.
São peixes que encantam as crianças e também adultos! O Guppy é o peixe escolhido por muitos aquaristas experientes que levam o hobby bem a sério. Existem diversos campeonatos nacionais e mundiais que avaliam os peixes mais representativos dos padrões da espécie nas suas diversas "
https://www.kauar.com.br/peixes-agua-doce/poecilideos/guppy-tuxedo-koi-casal-poecilideos,peixe_ou_camarao,Guppy Tuxedo  Koi Casal,,,,,,,"7,0 a 7,2",7.0,7.2,25ºC e 30ºC,25.0,30.0,,,,,,,,,https://images.tcdn.com.br/img/img_prod/749804/guppy_tuxedo_koi_casal_poecilideos_1833_1_131ce82d72b57c8e81c7b73773ccd951.jpg,,"GUPPY TUXEDO KOI, UM PEIXE LINDO PARA SEU AQUÁRIO DE ÁGUA DOCE
O Guppy Tuxedo Koi é um peixe ornamental de de água-doce, pacífico, ideal para aquários comunitários. Suas cores geram contrastes incríveis, seu nado ágil e seu temperamento ativo transformam o aquário em um verdadeiro show de cores e movimento.
São peixes que encantam as crianças e também adultos! O Guppy é o peixe escolhido por muitos aquaristas experientes que levam o hobby bem a sério. Existem diversos campeonatos nacionais e mundiais que avaliam os peixes mais representativos dos padrões da espécie nas suas diversas variedades"
https://www.kauar.com.br/peixes-agua-doce/poecilideos/molinesia-tangerina-lira-poecilideos,peixe_ou_camarao,Molinésia Tangerina Lyra,,,,,,,"7,2",7.2,7.2,21ºC à 29ºC,21.0,29.0,,,,,,,,,https://images.tcdn.com.br/img/img_prod/749804/molinesia_tangerina_lyra_poecilideos_1749_1_6d8b76258c42fa722a44d8e2e8f4fdf1.jpg,,"Molinésia Tangerina Lyra, um peixe cheio de cor para te fazer feliz
As molinésias são peixes ornamentais de aquário muito populares, são particularmente brincalhonas, alegres e muito divertidas. Comumente chamadas de Molly, os peixes molinésia podem chegar até 6 cm e vivem de 2 a 3 anos.
Comportamento e convivência com outras espécies
Dentro do aquário, os peixes estarão prontos para explorar cada cantinho, cada espaço. Uma das coisas que os molinésias adoram fazer é passar boa parte do tempo no fundo em busca de algas, também procuram nos enfeites e no próprio vidro do aquário. São peixes bas"
https://www.kauar.com.br/peixes-agua-doce/poecilideos/plati-bumblebee-poecilideos,peixe_ou_camarao,Plati Bumblebee,Xiphophorus maculatus,,,,,,"7,0 a 7,5",7.0,7.5,24ºC e 27ºC,24.0,27.0,,,,,,,,,https://images.tcdn.com.br/img/img_prod/749804/plati_bumblebee_xiphophorus_maculatus_poecilideos_1639_1_a764341d774ee4bb1d90c4c8ba00e372.jpg,,"QUE TAL O PLATI BUMBLEBEE PARA DEIXAR SEU AQUÁRIO MAIS LINDO?
Os Platis são peixes alegres e nem um pouco tímidos. São inúmeras as variedades de cores e de formatos de nadadeiras dos platis.  É um dos peixes mais populares entre os aquaristas. O nome popular foi dado devido à sua classificação inicial, que era Platypoecilus maculatus, em grego, plati é chato, que se relaciona com seu corpo levemente alto e fino.
Quer saber mais sobre o Plati Bumblebee e os cuidados veterinários da Kauar? E como funciona a entrega até a sua casa? Aprender tudo sobre aclimatação de um novo peixe ornamental em se"
https://www.kauar.com.br/peixes-agua-doce/poecilideos/plati-hawaii-show-poecilideos,peixe_ou_camarao,Plati Hawaii,Xiphophorus maculatus,,,,,,"7,0 a 7,5",7.0,7.5,24ºC e 27ºC,24.0,27.0,,,,,,,,,https://images.tcdn.com.br/img/img_prod/749804/plati_hawaii_xiphophorus_maculatus_poecilideos_1579_1_72758e394e913d9556835b068fda8bce.jpg,,"QUE TAL O PLATI HAWAII PARA DEIXAR SEU AQUÁRIO MAIS EXUBERANTE?
Os Platis são peixes alegres e nem um pouco tímidos. São inúmeras as variedades de cores e de formatos de nadadeiras dos platis.  Os platis estão entre os peixes mais populares do aquarismo. O nome popular foi dado devido à sua classificação inicial, que era Platypoecilus maculatus, em grego, plati é chato, que se relaciona com seu corpo levemente alto e fino.
Quer saber mais sobre o Plati Hawaii e e os cuidados veterinários da Kauar? E como funciona a entrega até a sua casa? Aprender tudo sobre aclimatação de um novo peixe orname"
https://www.kauar.com.br/peixes-agua-doce/poecilideos/plati-rubi-negro,peixe_ou_camarao,Plati Rubi Negro,Xiphophorus maculatus,,,,,,"7,0 a 7,5",7.0,7.5,24ºC e 27ºC,24.0,27.0,,,,,,,,,https://images.tcdn.com.br/img/img_prod/749804/plati_rubi_negro_xiphophorus_maculatus_poecilideos_1513_1_26916d0423efcaa1de62670095c3a84a.jpg,,"QUE TAL O PLATI RUBI NEGRO PARA DEIXAR SEU AQUÁRIO MAIS LINDO?
Os Platis são peixes alegres e nem um pouco tímidos. São inúmeras as variedades de cores e de formatos de nadadeiras dos platis.  É um dos peixes mais populares entre os aquaristas. O nome popular foi dado devido à sua classificação inicial, que era Platypoecilus maculatus, em grego, plati é chato, que se relaciona com seu corpo levemente alto e fino.
Quer saber mais sobre o Plati Rubi Negro e os cuidados veterinários da Kauar? E como funciona a entrega até a sua casa? Aprender tudo sobre aclimatação de um novo peixe ornamental em "
https://www.kauar.com.br/peixes-agua-doce/poecilideos/plati-showa-tricolor,peixe_ou_camarao,Plati Showa Tricolor,Xiphophorus maculatus,,,,,,"7,0 a 7,5",7.0,7.5,24ºC e 27ºC,24.0,27.0,,,,,,,,,https://images.tcdn.com.br/img/img_prod/749804/plati_showa_tricolor_poecilideos_xiphophorus_maculatus_1515_1_6f7a748ba78814ea57f388495cff3ede.jpg,,"QUE TAL O PLATI SHOWA TRICOLOR PARA DEIXAR SEU AQUÁRIO MAIS LINDO?
Os Platis são peixes alegres e nem um pouco tímidos. São inúmeras as variedades de cores e de formatos de nadadeiras dos platis.  É um dos peixes mais populares entre os aquaristas. O nome popular foi dado devido à sua classificação inicial, que era Platypoecilus maculatus, em grego, plati é chato, que se relaciona com seu corpo levemente alto e fino.
Quer saber mais sobre o Plati Showa Tricolor e os cuidados veterinários da Kauar? E como funciona a entrega até a sua casa? Aprender tudo sobre aclimatação de um novo peixe orname"
https://www.kauar.com.br/peixes-agua-doce/rocket-gar-characin-ctenolucius-hujeta,peixe_ou_camarao,Rocket Gar Characin,Ctenolucius hujeta,,,,,,5.0 e 7.5,5.0,7.5,26ºC e 38ºC,26.0,38.0,,,,,,,,,https://images.tcdn.com.br/img/img_prod/749804/rocket_gar_characin_ctenolucius_hujeta_1619_1_22ae0aa3f246dd777d3988d258223230.jpg,,"O Rocket Gar Characin
é um peixe ornamental de aquário de água-doce, pacífico, natural da América do Sul. De corpo alongado, nadadeira dorsal recuada e mandíbula longa, o Rocket Gar Characin também chamado de Hujeta e Bicudo
, é um peixe de fácil aclimatação e cuidados. Viverá muito bem em um aquário com PH levemente ácido a neutro (PH entre 5.0 e 7.5).
Quer saber mais sobre o Rocket Gar Characin e os cuidados veterinários da Kauar? E como funciona a entrega até a sua casa? Aprender tudo sobre aclimatação de um novo peixe ornamental em seu aquário? Continue com a Kauar!
ORIGEM, COMPORTAMENTO E"
https://www.kauar.com.br/peixes-agua-doce/tetras-e-rasboras/copeina-xadrez-4-cm-a-5-cm-hyphessobrycon-sp-muzuel,peixe_ou_camarao,Copeína Xadrez,,,,,,,"6,0 a 7,2",6.0,7.2,15 a 20,15.0,20.0,,,,,,,,,https://images.tcdn.com.br/img/img_prod/749804/copeina_xadrez_2_cm_a_4_cm_copela_nattereri_1817_1_cfc0b6658942ac88302f3f1de085872a.jpg,,"Copeína Xadrez
As marcações da Copeína Xadrez são tão lindas que parecem feitas à mão.  É um peixe ornamental de origem amazônica e ficará muito bem ambientando em seu aquário, seja ele um biótopo amazônico ou um aquário comunitário com peixes igualmente pacíficos.
É um peixe, como outros tetras, cardumeiro, por isso, não tenha apenas somente um peixe Copeína Xadrez em seu aquário.  Possui uma cor avermelhada intensa e vibrante, que se destaca também em aguários de águas negras ricas em taninos.
Vem saber mais sobre o Copeína Xadrez e os cuidados médicos veterinários da Kauar. Compre peixes on"
https://www.kauar.com.br/peixes-agua-doce/tetras-e-rasboras/peixe-lapis-dourado-2-cm-a-4-cm-nannostomus-beckfordi,peixe_ou_camarao,Peixe Lápis Dourado CRIADO,Nannostomus beckfordi,,,,,,5.,5.0,5.0,24°C a 28°C,24.0,28.0,,,,,,,,,https://images.tcdn.com.br/img/img_prod/749804/peixe_lapis_dourado_criado_2_cm_a_4_cm_nannostomus_beckfordi_1815_1_6201a41637f78b0239d8597fad4ce40c.jpg,,"Peixe Lápis Dourado, um peixe de água doce para seu aquário
Encontrado na América do Sul, bacia Amazônica na Venezuela, também é conhecido como Zepelim, Peixe Lápis e Torpedinho. São diferentes nomes para uma variedade de espécie. O Peixe Lápis dourado se diferencia das outras, especialmente, pelas nuances em tons de ouro no corpo.
Comportamento e convivência com outras espécies
O Peixe Lápis Dourado é  uma espécie extremamente pacífica, ideal para aquários comunitários. Eles a
preciam aquário densamente plantado e você pode optar também por um aquário do tipo biótopo, com taninos.  A iluminaç"
https://www.kauar.com.br/peixes-agua-doce/tetras-e-rasboras/peixe-lapis-nannostomus-eques,peixe_ou_camarao,Peixe Lápis Bengalinha,Nannostomus eques,,,,,,5.,5.0,5.0,24°C a 28°C,24.0,28.0,,,,,,,,,https://images.tcdn.com.br/img/img_prod/749804/peixe_lapis_nannostomus_eques_1771_1_1e46089a0c7efc658ad653760cae1459.jpg,,"Peixe Lápis
Peixes de água doce
Peixes Ornamentais
Origem:
encontradas na América do Sul, bacia Amazônica na Venezuela.
Características:
também conhecido como Zepelim, Peixe Lápis e Torpedinho, esse peixe de diferentes nomes se difere por sua listra estreita que cobre a parte inferior do pedúnculo se estendendo sobre os três primeiros raios caudais inferior.
Comportamento e convivência com outras espécies:
é uma espécie extremamente pacífica, ideal para aquários comunitários. Porém, intra-espécie, os machos podem apresentar comportamento agressivo entre si na disputa por fêmeas e territórios. "
https://www.kauar.com.br/peixes-agua-doce/tetras-e-rasboras/plati-red-white-salt-pepper,peixe_ou_camarao,Plati Red White Salt Pepper,Xiphophorus maculatus,,,,,,"7,0 a 7,5",7.0,7.5,24ºC e 27ºC,24.0,27.0,,,,,,,,,https://images.tcdn.com.br/img/img_prod/749804/plati_red_white_salt_pepper_xiphophorus_maculatus_poecilideos_1511_1_9d7e16f299e08d0bb27c01dac5c71aee.jpg,,"QUE TAL O PLATI WHITE SALT PEPPER PARA DEIXAR SEU AQUÁRIO MAIS LINDO?
Os Platis são peixes alegres e nem um pouco tímidos. São inúmeras as variedades de cores e de formatos de nadadeiras dos platis.  É um dos peixes mais populares entre os aquaristas. O nome popular foi dado devido à sua classificação inicial, que era Platypoecilus maculatus, em grego, plati é chato, que se relaciona com seu corpo levemente alto e fino.
Quer saber mais sobre o Plati White Salt Pepper e os cuidados veterinários da Kauar? E como funciona a entrega até a sua casa? Aprender tudo sobre aclimatação de um novo peixe "
https://www.kauar.com.br/peixes-agua-doce/tetras-e-rasboras/rasbora-esmeralda-1-a-1-5-cm-danio-microrasbora-erythromicron,peixe_ou_camarao,Rásbora Esmeralda,,,,,,,,,,"22
ºC  a 28
ºC",22.0,28.0,,,,,,,,,https://images.tcdn.com.br/img/img_prod/749804/rasbora_esmeralda_1_a_1_5_cm_danio_microrasbora_erythromicron_1893_1_9aabe07a9a5d824e20704df321734af3.jpg,,"RÁSBORA ESMERALDA: VEM CONHECER ESSA JÓIA!
A Rásbora Esmeralda, ou Danio erythromicron também é uma microrásbora e pode alcançar, quando adulta até 3 cm.
Seu corpo é coberto por lindas faixas esverdeadas. Esse peixinho pacífico e cardumeiro também possui marcações laranja e pretas. Todas essas cores reunidas formam um lindo contraste que faz da Rásbora Esmeralda um peixe nano realmente lindo!
Na natureza, a Rásbora Esmeralda vive em áreas de águas claras neutras a ligeiramente alcalinas.
Embora curtam ambientes bastante plantados, também apreciam áreas livres, porque são peixinhos muito ativos"
https://www.kauar.com.br/peixes-agua-doce/tetras-e-rasboras/rosaceo-hyphessobrycon-bentosi,peixe_ou_camarao,Rosáceo  Prateado,Hyphessobrycon socolofi,,,,,,6.0 a 7.2,6.0,7.2,24ºC e 28ºC,24.0,28.0,,,,,,,,Rosáceos,https://images.tcdn.com.br/img/img_prod/749804/rosaceo_prateado_3_a_4_cm_hyphessobrycon_socolofi_1743_1_5edf6fbb282d6512141956dfe9bbc0ea.jpg,,"Rosáceo Prateado, um peixe clássico para seu aquário de água doce
O Rosáceo Prateado,
Hyphessobrycon socolofi, é uma novidade no aquarismo brasileiro. Possui a tradicional mancha avermelhada umeral sobre um corpo em tons de prata, rosa e azul que o torna um espetáculo. Pacífico e gregário, o Rosáceo Prateado, com certeza, vai deixar seu aquário mais colorido e cheio de vida.
Comportamento e convivência com outras espécies
O Rosáceo Prateado é uma espécie de cardume.  Em seu aquário ficará muito mais feliz se estiver na companhia de outros companheiros da mesma espécie. A presença de outros Ros"
https://www.kauar.com.br/peixes-agua-doce/tetras-e-rasboras/tetra-blue-neon,peixe_ou_camarao,Tetra Blue Neon,Boehlkea fredcochui,,,,,,4.0 a 7.0,4.0,7.0,24ºC a 30ºC,24.0,30.0,,,,,,,,,https://images.tcdn.com.br/img/img_prod/749804/tetra_blue_neon_boehlkea_fredcochui_1509_1_efadf565546e95a8b442837108c43709.jpg,,"Tetra Blue Neon
Peixe de Água Doce
Peixe de Aquário
Origem:
Brasil, Colômbia e Venezuela (alto do Orinoco e Bacia do Rio Negro)
Características:
o Tetra Blue Neon
recebeu este nome devido a sua exuberante coloração azul. E
ste peixe alcança um tamanho de 4 cm e possui expectativa de vida de 3 anos. Em condições ideais no aquário, essas marcações adquirem um brilho intenso.
Comportamento e convivência com outras espécies:
como outros tetras, é uma espécie de cardume, de comportamento pacífico que, que convive muito bem em aquário comunitários, especialmente, com outros peixes de mesmo porte e t"
https://www.kauar.com.br/peixes-agua-doce/tetras-e-rasboras/tetra-blueberry,peixe_ou_camarao,Tetra Blueberry Wadai,Hyphessobrycon wadai,,,,,,4.0 a 7.0,4.0,7.0,24ºC a 30ºC,24.0,30.0,,,,,,,,,https://images.tcdn.com.br/img/img_prod/749804/tetra_blueberry_wadai_3_a_4_cm_hyphessobrycon_wadai_criado_1169_1_d2b42494ea8e6360cbf3e4ad006023d5.jpg,,"Tetra Blueberry Wadai, um peixe de água doce para seu aquário
O
Tetra Blueberry recebeu este nome devido sua exuberante coloração azul e roxa no corpo, este peixe alcança um tamanho de 5 cm e possui expectativa de vida de 3 anos, seu charme se dá pela mistura de sua coloração azul às suas nadadeiras vermelhas. Em condições ideais no aquário, sua coloração adquire um brilho intenso.
Comportamento e convivência com outras espécies
Como outros tetras, é uma espécie de cardume, de comportamento pacífico que, que convive muito bem em aquário comunitários, especialmente, com outros peixes de mesmo p"
https://www.kauar.com.br/peixes-agua-doce/tetras-e-rasboras/tetra-colibri-0-5-a-1-cm-poecilocharax-weitzmani,peixe_ou_camarao,Tetra Colibri,Poecilocharax Weitzmani,,,,,,5.2,5.2,5.2,24ºC e 28ºC,24.0,28.0,,,,,,,,,https://images.tcdn.com.br/img/img_prod/749804/tetra_colibri_1_a_2_cm_poecilocharax_weitzmani_1889_1_692168da93cc6f1f6809e2bd942486ef.jpg,,"O Tetra Colibri, também conhecido como Tetra Brilhante, é um peixe ornamental de aquário de água-doce, pacífico, atinge tamanho máximo de 4,0 cm, natural da América do Sul. Espécie bastante comum no aquarismo, apresenta comportamento e beleza bastante chamativas, principalmente quando mantidos em aquário densamente plantado.
Viverá muito bem em um aquário com PH levemente ácido (PH entre 5.2 e 6.5).
Quer saber mais sobre o
Tetra Colibri
e os cuidados veterinários da Kauar? E como funciona a entrega até a sua casa? Aprender tudo sobre aclimatação de um novo peixe ornamental em seu aquário? Cont"
https://www.kauar.com.br/peixes-agua-doce/tetras-e-rasboras/tetra-copeina-arnoldi-,peixe_ou_camarao,Tetra Copeína Arnoldi,,,,,,,5.5 e 7.2,5.5,7.2,24ºC e 28ºC,24.0,28.0,,,,,,,,,https://images.tcdn.com.br/img/img_prod/749804/tetra_copeina_arnoldi_1621_1_45e59e14f2e603f8c29c5e0a4211ea39.jpg,,"O Tetra Copeína Arnoldi é um peixe ornamental de aquário de água-doce, pacífico, natural da América do Sul. Espécie comum na bacia do rio Amazonas, incluindo seus principais afluentes. Encontrado principalmente em riachos e afluentes menores no Peru e Brasil.
Viverá muito bem em um aquário com PH levemente ácido a neutro (PH entre 5.5 e 7.2).
Quer saber mais sobre o
Tetra Copeína Arnoldi
e os cuidados veterinários da Kauar? E como funciona a entrega até a sua casa? Aprender tudo sobre aclimatação de um novo peixe ornamental em seu aquário? Continue com a Kauar!
ORIGEM, COMPORTAMENTO E CONVÍVIO"
https://www.kauar.com.br/peixes-agua-doce/tetras-e-rasboras/tetra-do-congo,peixe_ou_camarao,Tetra do Congo,Phenacogrammus interruptus,,,,,,6 a 8.,6.0,8.0,23ºC a 28ºC,23.0,28.0,,,,,,,,,https://images.tcdn.com.br/img/img_prod/749804/tetra_do_congo_1063_1_65829086be36baa334a32bebfc7aa22d.jpg,,"Tetra do Congo
Origem:
Congo
Características
: O Tetra do Congo é um peixe pacífico e pequeno, quando jovem apresenta coloração discreta, mas em sua fase adulta apresenta coloração exuberante. Este peixe pode alcançar no máximo 8 cm. O seu nome popular foi inspirado no seu local de origem. Esse peixe de água doce pode viver em seu aquário por cerca de 3 a 5 anos.
Comportamento e convivência com outras espécies:
é uma espécie de cardume, de comportamento pacífico que, que convive muito bem em aquário comunitários, especialmente, com outros tetras. Mantenha, pelo menos, cerca de 10 indivíduos em"
https://www.kauar.com.br/peixes-agua-doce/tetras-e-rasboras/tetra-enfermeirinha-aphyocharax-anisitsi,peixe_ou_camarao,Tetra Enfermeirinha,Aphyocharax anisitsi,,,,,,6.0 a 7.5,6.0,7.5,22°C a 28°C,22.0,28.0,,,,,,,,,https://images.tcdn.com.br/img/img_prod/749804/tetra_enfermeirinha_2_5_a_4_cm_aphyocharax_anisitsi_1057_1_e0cc8144e9b891e72a839ffea1f3c4f7.jpg,,"T
etra Enfermeirinha (Aphyocharax anisitsi), um peixe de aquário de água doce
O peixe ornamental conhecido como Tetra Enfermeirinha, Aphyocharax anisitsi, é  resistente e indicado para todos os tipos de aquaristas, do iniciante ao avançado. É considerado um dos Tetras com mais expectativa de vida mais longevas que existe, podendo chegar próximo dos 10 anos de idade ou mais quando no aquário. Ele possui um visual inconfundível, com suas marcações vermelhas intensas nas nadadeiras, contrastando com seu corpo prata brilhante.
Comportamento com outras espécies
É uma espécie de cardume, de comporta"
https://www.kauar.com.br/peixes-agua-doce/tetras-e-rasboras/tetra-limao-albino-hyphessobrycon-pulchripinnis,peixe_ou_camarao,Tetra Limão Albino,Hyphessobrycon pulchripinnis,,,,,,6.0 a 7.0,6.0,7.0,23ºC a 26ºC,23.0,26.0,,,,,,,,,https://images.tcdn.com.br/img/img_prod/749804/tetra_limao_albino_2_5_a_3_cm_hyphessobrycon_pulchripinnis_1151_1_16d5d230e6bd0c2c71857960d3da02df.jpg,,"Tetra Limão Albino
Peixes de Aquário  |
Peixes de Água Doce
Origem:
América do Sul (Bacia do Araguaia)
Características:
O Tetra Limão Albino é um peixe pacífico e pequeno. Este peixe pode alcançar no máximo 5 cm. O seu nome popular foi inspirado por sua cor. Esse peixe de água doce pode viver em seu aquário por cerca de 3 a 5 anos.
Comportamento e convivência com outras espécies:
é uma espécie de cardume, de comportamento pacífico que, que convive muito bem em aquário comunitários, especialmente, com outros tetras. Mantenha, pelo menos, cerca de 10 indivíduos em seu aquário, para que as cores "
https://www.kauar.com.br/peixes-agua-doce/tetras-e-rasboras/tetra-matogrosso-hyphessobrycon-eques,peixe_ou_camarao,Tetra Matogrosso,,,,,,,"6,0 a 7,0",6.0,7.0,24ºC e 26ºC,24.0,26.0,,,,,,,,,https://images.tcdn.com.br/img/img_prod/749804/tetra_matogrosso_1_a_2_5_cm_hyphessobrycon_eques_1575_1_b4e62b0fa44b9535a0dfdd172d2542b7.jpg,,"Tetra Matogrosso, clássico do aquarismo para seu aquário de água doce
O
Tetra Matogrosso
é um peixe ornamental de aquário de água doce, pacífico, natural da América do Sul. o Tetra Matogrosso é um peixe pequeno, mas muito resistente. Atingindo apenas 4cm, essa espécie é uma das mais indicadas para decorar qualquer aquário.
Quer saber mais sobre o Tetra Matogrosso e os cuidados veterinários da Kauar? E como funciona a entrega até a sua casa? Aprender tudo sobre aclimatação de um novo peixe ornamental em seu aquário? Continue com a Kauar!
Comportamento
Pacífico e de fácil adaptação, o Tetra Mato"
https://www.kauar.com.br/peixes-agua-doce/tetras-e-rasboras/tetra-nego-d-agua-2-cm-a-3-cm-hyphessobrycon-negodagua,peixe_ou_camarao,Tetra Nego D'água,Hyphessobrycon negodagua,,,,,,"6,0 a 7,2",6.0,7.2,15 a 20,15.0,20.0,,,,,,,,,https://images.tcdn.com.br/img/img_prod/749804/tetra_nego_d_agua_2_cm_a_3_cm_hyphessobrycon_negodagua_1813_1_ac15d5fe0de2c0253b50a360ec53de26.jpg,,"Tetra Nego D´água, um peixe de água doce para seu aquário plantado ou comunitário
O Tetra Nego D´água é um peixe super exótico e de marcação bicolor alvinegra. É um peixe, como outros tetras, cardumeiro, por isso, não tenha apenas somente um peixe Tetra Nego D´água em seu aquário.  Possui marcações brancas em destaque em duas de suas nadadeiras em contraste com o corpo negro.
Vem saber mais sobre o Tetra Nego D´água e os cuidados médicos veterinários da Kauar. Compre peixes online, a entrega até sua casa é super segura.
Comportamento
Os Tetra Nego D´água são peixes ornamentais de cores vibrant"
https://www.kauar.com.br/peixes-agua-doce/tetras-e-rasboras/tetra-neon-negro-albino,peixe_ou_camarao,Tetra Neon Negro Albino,Hyphessobrycon herbertaxelrodi,,,,,,5.5,5.5,5.5,24ºC a 28ºC,24.0,28.0,,,,,,,,,https://images.tcdn.com.br/img/img_prod/749804/tetra_neon_negro_albino_2_a_4cm_1153_1_86f02f965dd79088d4e6687e934cc772.jpg,,"Neon Negro Albino
Peixes de Água Doce | Peixes de Aquário
Tamanho: 2 a 2,5 cm
Origem:
América do Sul, Bacia do Rio Paraguai
Características:
o Neon Negro Albino, de nome científico
Hyphessobrycon herbertaxelrodi,
é um peixinho clássico do aquarismo de água doce. Em seu habitat natural, nada em águas negras com densa vegetação de folhas, troncos e raízes. Possui um brilho prata característico.  O macho é ligeiramente menor que a fêmea e mais retilíneo. Em seu aquário, a expectativa de vida é de até 3 anos e tamanho máximo de cerca de 3cm.
Comportamento e convivência com outras espécies:
É uma e"
https://www.kauar.com.br/peixes-agua-doce/tetras-e-rasboras/tetra-neon-verde-paracheirodons-simulans,peixe_ou_camarao,Tetra Neon Verde,Paracheirodon Simulans,,,,,,4.0 a 7.0,4.0,7.0,24ºC a 30ºC,24.0,30.0,,,,,,,,,https://images.tcdn.com.br/img/img_prod/749804/tetra_neon_verde_0_5_a_2_cm_paracheirodon_simulans_1013_1_7e476a7d4dc59f01b047a99e812b4c1a.jpeg,,"Tetra Neon Verde
Peixe de Água Doce
Peixe de Aquário
Tamanho:
0,5 a 1 cm
Origem:
Brasil, Colômbia e Venezuela (alto do Orinoco e Bacia do Rio Negro)
Características:
o Tetra Neon Verde alcança um tamanho adulto de aproximadamente 2 cm e possui expectativa de vida de 3 anos. Em condições ideais no aquário, essas marcações adquirem um brilho intenso. Sua cor estrutural é causada pela refração da luz sobre os cristais de guanina que se desenvolvem no interior das células especiais, conhecidas como iridócitos, na camada subcutânea. Dessa forma dependendo do ângulo suas cores podem variar do azul p"
https://www.kauar.com.br/peixes-agua-doce/tetras-e-rasboras/tetra-nordeste,peixe_ou_camarao,Tetra Pitanga,Hyphessobrycon micropterus,,,,,,4.0 a 7.0,4.0,7.0,24ºC a 30ºC,24.0,30.0,,,,,,,,,https://images.tcdn.com.br/img/img_prod/749804/tetra_guara_2_5_a_3_cm_hyphessobrycon_micropterus_1171_1_9723beab010f0daceb52a4144cbf5ab9.jpg,,"TETRA PITANGA, UM PEIXE DE ÁGUA DOCE PARA SEU AQUÁRIO
O Tetra Pitanga, também conhecido como Tetra Nordeste, é natural da Bacia do Rio São Francisco. Com sua coloração rosada e marcações vermelhas, além de um pequeno ponto preto na dorsal, este peixe alcança um tamanho de 4 cm e possui expectativa de vida de 3 anos. Em condições ideais no aquário, essas marcações adquirem um brilho intenso.
COMPORTAMENTO E CONVIVÊNCIA COM OUTRAS ESPÉCIES
Como outros tetras, o Tetra Pitanga é uma espécie de cardume, de comportamento pacífico que, que convive muito bem em aquário comunitários, especialmente, com"
https://www.kauar.com.br/peixes-agua-doce/tetras-e-rasboras/tetra-pristella-1-a-2-cm-pristella-maxillaris,peixe_ou_camarao,Tetra Pristela,Pristella Maxillaris,,,,,,6.0 a 7.0,6.0,7.0,24ºC a 28ºC,24.0,28.0,,,,,,,,,https://images.tcdn.com.br/img/img_prod/749804/tetra_pristela_2_a_3_cm_pristella_maxillaris_1883_1_98529bd56e9d1939b6877dd20a1d46a7.jpg,,"Tetra Pristella (Pristella Maxillaris), um peixe lindo para seu aquário de água doce
De coloração brilhante e marcações multicoloridas, o
Tetra Pristella faz sucesso em qualquer aquário comunitário. Esse peixinho é pacífico e convive bem com a maioria dos peixes. É natural da
América do Sul, bacia Amazônica e do Orinoco. Suas marcações amarelas, pretas e brancas são muito características e fazem com que um cardume de Tetra Pristella se destaque no aquário.
Ambientação e comportamento com outras espécies
É uma espécie de cardume, de comportamento pacífico que, que convive muito bem em aquário c"
https://www.kauar.com.br/peixes-agua-doce/tetras-e-rasboras/tetra-pristella-abino-1-a-2-cm-pristella-maxillaris,peixe_ou_camarao,Tetra Pristela Gold,Pristella Maxillaris,,,,,,6.0 a 7.0,6.0,7.0,24ºC a 28ºC,24.0,28.0,,,,,,,,,https://images.tcdn.com.br/img/img_prod/749804/tetra_pristela_gold_2_a_3_cm_pristella_maxillaris_1885_1_3df99a8a8fad1ea26baa23787b494926.jpg,,"Tetra Pristella Gold (Pristella Maxillaris), um peixe lindo para seu aquário de água doce
De coloração brilhante e dourada, o Tetra Pristella Gold faz sucesso em qualquer aquário comunitário. Esse peixinho é pacífico e convive bem com a maioria dos peixes. É natural da
América do Sul, bacia Amazônica e do Orinoco. Suas marcações amarelas, pretas e brancas são muito características e fazem com que um cardume de Tetra Pristella Gold se destaque no aquário.
Ambientação e comportamento com outras espécies
É uma espécie de cardume, de comportamento pacífico que, que convive muito bem em aquário com"
https://www.kauar.com.br/peixes-agua-doce/tetras-e-rasboras/tetra-red-belly-aphyocharax-rathbuni,peixe_ou_camarao,Tetra Red Belly Green Fire,Aphyocharax rathbuni,,,,,,5.5 e 7.2,5.5,7.2,24ºC e 28ºC,24.0,28.0,,,,,,,,,https://images.tcdn.com.br/img/img_prod/749804/tetra_red_belly_green_fire_2_a_3_cm_aphyocharax_rathbuni_1677_1_fa7b5c3b80aaa80e9955af4d74251d0d.jpg,,"O Tetra Red Belly Green Fire é um peixe ornamental de aquário de água-doce, pacífico. Espécie rara no aquarismo, apresenta comportamento e beleza bastante chamativas, principalmente quando mantidos em aquário densamente plantado.
Viverá muito bem em um aquário com PH levemente ácido a neutro (PH entre 5.5 e 7.2).
Quer saber mais sobre o
Tetra Red Belly
e os cuidados veterinários da Kauar? E como funciona a entrega até a sua casa? Aprender tudo sobre aclimatação de um novo peixe ornamental em seu aquário? Continue com a Kauar!
ORIGEM, COMPORTAMENTO E CONVÍVIO DO TETRA RED BELLY
O
Tetra Red Bell"
https://www.kauar.com.br/peixes-agua-doce/tetras-e-rasboras/tetra-red-cherry-2-cm-a-3-cm-hyphessobrycon-sp-muzuel,peixe_ou_camarao,Tetra Red Cherry,,,,,,,"6,0 a 7,2",6.0,7.2,15,15.0,15.0,,,,,,,,,https://images.tcdn.com.br/img/img_prod/749804/tetra_red_cherry_4_cm_a_5_cm_hyphessobrycon_sp_muzuel_1809_1_e51acdc8b6b4ed9468d4a222c1e7ffff.jpg,,"Tetra Red Cherry, um peixe super colorido para seu aquário de água doce
O Tetra Red Cherry é muito parecido com o Tetra Foguinho, porém, ele alcança o dobro do tamanho do seu ""primo"", chegando a medir entre 4 cm e 5 cm. É um peixe ornamental de origem amazônica e ficará muito bem ambientando em seu aquário, seja ele um biótopo amazônico ou um aquário comunitário com peixes igualmente pacíficos.
É um peixe, como outros tetras, cardumeiro, por isso, não tenha apenas somente um peixe Tetra Red Cherry em seu aquário.  Possui uma cor avermelhada intensa e vibrante, que se destaca também em aguários"
https://www.kauar.com.br/peixes-agua-doce/tetras-e-rasboras/tetra-red-laser-hemmigramus-coeruleus,peixe_ou_camarao,Tetra Red Laser,Hemmigramus coeruleus,,,,,,5.5 e 7.2,5.5,7.2,24ºC e 28ºC,24.0,28.0,,,,,,,,,https://images.tcdn.com.br/img/img_prod/749804/tetra_red_laser_3_a_4_cm_hemmigramus_coeruleus_raridade_1675_1_cbe92514159da3d5e63c2920c3964b60.jpg,,"O Tetra Red Laser (Hemmigramus coeruleus) vai te encantar pela beleza e personalidade
O Tetra Red Laser ou Tetra Pink é um peixe ornamental de aquário de água doce, muito pacífico. Espécie rara no aquarismo, apresenta comportamento e beleza bastante chamativas, principalmente quando mantidos em aquário densamente plantado.
Viverá muito bem em um aquário com PH levemente ácido a neutro (PH entre 5.5 e 7.2) e água mole, com dureza mole, até 4 de GH. Comprimento máximo 5,8 cm.
Quer saber mais sobre o
Tetra Red Laser
e os cuidados veterinários da Kauar? E como funciona a entrega até a sua casa? Ap"
https://www.kauar.com.br/peixes-agua-doce/tetras-e-rasboras/tetra-red-phanton-albino-megalamphodus-sweglesi,peixe_ou_camarao,Tetra Red Phanton Albino,Megalamphodus sweglesi,,,,,,"6,0 a 7,5",6.0,7.5,23ºC e 28ºC,23.0,28.0,,,,,,,,,https://images.tcdn.com.br/img/img_prod/749804/tetra_red_phanton_albino_2_a_3_cm_megalamphodus_sweglesi_1769_1_0864481c1aa849740d07198deae622c7.jpg,,"Tetra Red Phanton Albino
Peixes Amazônicos
Tetras
O Tetra Red Phanton  alcança um tamanho máximo de 3,5cm e possui expectativa de vida de 3 a 5 anos. Esse tetra também é um peixe ornamental clássico do aquarismo de água doce.
Quer saber mais sobre o Black Phanton e os cuidados veterinários da Kauar? E como funciona a entrega até a sua casa? Aprender tudo sobre aclimatação de um novo peixe ornamental em seu aquário? Continue com a Kauar!
ORIGEM, COMPORTAMENTO E CONVÍVIO DO TETRA RED BLACK PHANTON ALBINO
O Tetra Red Black Phanton, como outros tetras, é uma espécie de cardume, de comportamento pa"
https://www.kauar.com.br/peixes-agua-doce/tetras-e-rasboras/tetra-rodostomus,peixe_ou_camarao,Tetra Rodostomus,Petitella rhodostoma,,,,,,5.5 e 7.2,5.5,7.2,24ºC e 28ºC,24.0,28.0,,,,,,,,,https://images.tcdn.com.br/img/img_prod/749804/tetra_rodostomus_2_5_a_3_cm_petitella_rhodostoma_1617_1_6b97e8aa58fd8eb956102384eec825bd.jpg,,"O Tetra Rodostomus é um peixe ornamental de aquário de água-doce, pacífico, natural da América do Sul. Espécie bastante comum no aquarismo, apresenta comportamento e beleza bastante chamativas, principalmente quando mantidos em aquário densamente plantado.
Viverá muito bem em um aquário com PH levemente ácido a neutro (PH entre 5.5 e 7.2).
Quer saber mais sobre o
Tetra Rodostomus
e os cuidados veterinários da Kauar? E como funciona a entrega até a sua casa? Aprender tudo sobre aclimatação de um novo peixe ornamental em seu aquário? Continue com a Kauar!
ORIGEM, COMPORTAMENTO E CONVÍVIO DO TETR"
https://www.kauar.com.br/peixes-agua-doce/tetras-e-rasboras/tetra-royal-inpaichthys-kerri,peixe_ou_camarao,Tetra Blue Royal (Puxa Puxa),Inpaichthys Kerri,,,,,,4.0 a 7.0,4.0,7.0,24ºC a 30ºC,24.0,30.0,,,,,,,,,https://images.tcdn.com.br/img/img_prod/749804/tetra_blue_royal_puxa_puxa_3_a_4_cm_inpaichthys_kerri_1891_1_7a326bbb4a30623fd791c20c55724d00.jpg,,"Tetra Blue Royal (Inpaichthys Kerri), o famoso Tetra Puxa-Puxa, para seu aquário de água doce
O Tetra Blue Royal (Inpaichthys Kerri) também conhecido como Tetra Puxa-Puxa alcança um tamanho de 4 cm e possui expectativa de vida de 4 a 6 anos. Em condições ideais no aquário, essas marcações adquirem um brilho intenso.  Ele pode ser encontrado no Brasil, Colômbia e Venezuela (alto do Orinoco e Bacia do Rio Negro), em áreas florestais, de águas lentas nos principais canais dos rios.
É um peixe que também curte águas ricas em taninos, com bastante material orgânico em decomposição. Seja qual for a "
https://www.kauar.com.br/peixes-agua-doce/tetras-e-rasboras/tetra-vela-crenuchus-spilurus,peixe_ou_camarao,Tetra Vela,Crenuchus spilurus,,,,,,5.5,5.5,5.5,24ºC e 28ºC,24.0,28.0,,,,,,,,,https://images.tcdn.com.br/img/img_prod/749804/tetra_vela_4_a_5_cm_crenuchus_spilurus_1711_1_39d67b441fe244cd814f724b637a4f3a.jpg,,"Tetra Vela (Crenuchus spilurus)
O Tetra Vela (Crenuchus spirulus) é um peixe ornamental de aquário de água-doce, pacífico, natural da América do Sul, que pertence à Ordem Characiformes e Família Crenuchidae. Viverá muito bem em um aquário com pH levemente ácido a neutro, entre 5.5 e 7.2, e temperatura de
24°C a 28°C. Indicamos que dureza da água seja menor que 5 (água mole).
O Tetra Vela é uma espécie
de peixe ornamental bastante popular no aquarismo, apresenta comportamento e beleza bastante chamativas, principalmente quando mantida em grupo em um aquário densamente plantado. Como outros peix"
https://www.kauar.com.br/peixes-asiaticos/labeo-bicolor-albino-peixes-de-aquario,peixe_ou_camarao,Labeo Bicolor Albino,Epalzeorynchos bicolor,,,,,,"6,8",6.8,6.8,26ºC,26.0,26.0,,,,,,,,,https://images.tcdn.com.br/img/img_prod/749804/labeo_bicolor_albino_2_a_3_cm_epalzeorynchos_bicolor_199_1_6463ab62580926afbda231d5fdb56520.jpg,,"LABEO BICOLOR ALBINO, UM PEIXE DE ÁGUA DOCE PARA SEU AQUÁRIO
O Labeo Bicolor Albino é um peixe asiático, também conhecido como Redtail Shark, ou por seu nome científico Epalzeorynchos bicolos. É um peixe territorialista com outros da mesma espécie, mas bastante sociável com os demais peixes do aquário. É um espécie muito veloz, com um visual muito bonito. Na versão albina, possui corpo rosado brilhante, com nadadeiras vermelhas.
COMPORTAMENTO
O Labeo Bicolor Albino costuma nadar bastante. É um peixe ornamental de comportamento agitado e costuma nadar até mesmo de cabeça para baixo. Como mencio"
https://www.kauar.com.br/peixes-de-agua-doce/acara-bandeira-e-discos/bandeiras/acara-bandeira-blue-paraiba,peixe_ou_camarao,Acará Bandeira Blue Paraíba,Pterophyllum scalare,,,,,,"6,5 a 8,0",6.5,8.0,18ºC a 30ºC,18.0,30.0,,,,,,,,,https://images.tcdn.com.br/img/img_prod/749804/acara_bandeira_blue_paraiba_3_a_4_cm_2363_1_66a4adf31234c5fe3cf013067c770f43.jpg,,"ACARÁ BANDEIRA BLUE PARAÍBA
O Acará Bandeira Blue Paraíba é uma variedade muito bonita e elegante.
Natural da região amazônica, o Acará Bandeira reúne uma legião de fãs não a toa. Há muito mais curiosidades sobre esse peixe que você pode imaginar. Na natureza, curte águas menos profundas com rica vegetação de várzea. Esta preferência tem, aliás, tudo a ver com o formato do seu corpo angelical. As nadadeiras que parecem asas e o corpo afunilado facilitam a natação rápida entre a densa vegetação.
Podem conviver muito bem com outras espécies, em fauna comunitária ou amazônica.
O Acará Bandeira ta"
https://www.kauar.com.br/peixes-de-agua-doce/acara-bandeira-e-discos/bandeiras/acara-bandeira-marmorato-albino,peixe_ou_camarao,Acará Bandeira Marmorato Albino,Pterophyllum scalare,,,,,,"6,5 a 8,0",6.5,8.0,18ºC a 30ºC,18.0,30.0,,,,,,,,,https://images.tcdn.com.br/img/img_prod/749804/acara_bandeira_marmorato_albino_3_a_4_cm_2361_1_17ccac305edf05d7461411792e275c5e.jpg,,"ACARÁ BANDEIRA MARMORATO ALBINO
O Acará Bandeira Marmorato está entre as variedades mais conhecidas deste que é um peixe clássico do aquarismo. O Acará Bandeira Marmorato Albino é uma variação que se caracteriza pelos olhos vermelhos e marcações despigmentadas.
Natural da região amazônica, o Acará Bandeira reúne uma legião de fãs não a toa. Há muito mais curiosidades sobre esse peixe que você pode imaginar. Na natureza, curte águas menos profundas com rica vegetação de várzea. Esta preferência tem, aliás, tudo a ver com o formato do seu corpo angelical. As nadadeiras que parecem asas e o corpo"
https://www.kauar.com.br/peixes-de-agua-doce/acara-bandeira-e-discos/bandeiras/acara-bandeira-palhaco-koi-6-a-7-cm,peixe_ou_camarao,Acará Bandeira Palhaço Koi,Pterophyllum scalare,,,,,,"6,5 a 8,0",6.5,8.0,18ºC a 30ºC,18.0,30.0,,,,,,,,,https://images.tcdn.com.br/img/img_prod/749804/acara_bandeira_palhaco_koi_6_a_7_cm_1967_1_a1378a4f966e6cac62ec6be0d73cd12a.jpg,,"ACARÁ BANDEIRA PALHAÇO KOI
O Acará Bandeira Palhaço está entre as variedades mais conhecidas deste que é um peixe clássico do aquarismo. O Acará Bandeira Palhaço se caracteriza por marcações pretas distribuídas na face e nadadeiras, além de uma marcação laranja  vibrante e bem delimitada na face. Está entre os Acarás Bandeiras mais coloridos e desejados por suas marcações elegantes.
Natural da região amazônica, o Acará Bandeira reúne uma legião de fãs não a toa. Há muito mais curiosidades sobre esse peixe que você pode imaginar. Na natureza, curte águas menos profundas com rica vegetação de vá"
https://www.kauar.com.br/peixes-de-agua-doce/acara-bandeira-e-discos/bandeiras/acara-bandeira-wild-cross-philippine-blue-silver-4-a-5-cm-pterophyllum-scalare,peixe_ou_camarao,Acará Bandeira  WildCross Philippine Blue Silver,Pterophyllum scalare,,,,,,"6,5 a 8,0",6.5,8.0,18 a 30,18.0,30.0,,,,,,,,,https://images.tcdn.com.br/img/img_prod/749804/acara_bandeira_wildcross_philippine_blue_silver_6_a_8_cm_pterophyllum_scalare_1969_1_2340afb97e02a8b87505c6c819ba1a4f.jpg,,"ACARÁ BANDEIRA WILDCROSS PHILIPPINE BLUE SILVER, UM PEIXE DE ÁGUA DOCE PARA SEU AQUÁRIO
O Acará Bandeira WildCross Philippine Blue Silver é um peixe único, de um cruzamento que une as melhores características de duas
variantes bem conhecidas e valorizadas. Com os 50%  de sangue selvagem dos Altum, com os 50% do sangue de Bandeiras Zebra Azul, ele herdou um porte impressionante, com um corpo elegante e altivo de suas barbatanas em formato perfeito e alongadas, como dos Altum. E dos Zebras azuis veio, além de muito brilho, listras pretas completas e o forte tom azulado, característica marcante d"
https://www.kauar.com.br/peixes-de-agua-doce/acara-bandeira-e-discos/bandeiras/acara-severum-gold-red-spotted-5-a-6-cm-heros-severus,peixe_ou_camarao,Acará Severum Gold Red Spotted,Heros severus,,,,,,5.5 e 7.0,5.5,7.0,20ºC e 30ºC,20.0,30.0,,,,,,,,,https://images.tcdn.com.br/img/img_prod/749804/acara_severum_gold_red_spotted_6_a_7_cm_heros_severus_1945_1_161477aacffaeeda9192d6583ab9bd91.jpg,,"O Acará Severum Gold Red Spotted é um peixe ornamental de aquário de água-doce. Esse peixe é um ciclídeo, mas não se engane, trata-se de um ciclídeo americano e não africano. Entre os peixes ornamentais, é um peixe de fácil aclimatação e cuidados. Viverá muito bem em um aquário com ph levemente ácido a neutro (ph entre 5.5 e 7.0). O acará não é um peixe recomendado para aquários comunitários com peixes pequenos.
Quer saber mais sobre o Acará Severum Gold
Red Spotted
e os cuidados veterinários da Kauar? E como funciona a entrega até a sua casa? Aprender tudo sobre aclimatação de um novo peixe o"
https://www.kauar.com.br/peixes-de-agua-doce/acara-bandeira-e-discos/peixe-folha-da-guiana,peixe_ou_camarao,Peixe Folha da Guiana,Polycentrus schomburgkii,,,,,,"6,5 a 7,5",6.5,7.5,22°C a 28°C,22.0,28.0,,,,,,,,,https://images.tcdn.com.br/img/img_prod/749804/peixe_folha_da_guiana_3_a_4_cm_2463_2_df5a1070f38827d0757975e7d96148fa.jpeg,,"DESCUBRA A BELEZA FASCINANTE DO PEIXE FOLHA DA GUIANA, UMA VERDADEIRA MARAVILHA DA NATUREZA.
Um verdadeiro especialista da camuflagem, esse peixinho exótico possui um corpo achatado e delgado muito parecido com uma folha, dai vem o o seu nome, Peixe Folha da Guiana ou Acará Folha. Pode chegar no máximo a 5,5 cm, é considerado um peixe anão. Possui uma uma coloração que varia entre o cinza e o marrom, com manchas escuras e irregulares ao longo do corpo. Possui barbatanas longas e claras, a dorsal alta e com picos pontiagudos, a calda transparente. Esse peixe é nativo do Planalto das Guianas, re"
https://www.kauar.com.br/peixes-de-agua-doce/aulonocaras-e-mais-ciclideos-africanos/haplochromis-electra,peixe_ou_camarao,Electra Likoma,Placidochromis electra,,,,,,"7,0 a 8,6",7.0,8.6,23ºC e 28ºC,23.0,28.0,,,,,,,,"Haplochromis Rute Island
",https://images.tcdn.com.br/img/img_prod/749804/haplochromis_eelectra_4_a_6_cm_2473_1_967b8fd66fbfffe47d47e280489e63ca.jpg,,"hAPLOCHROMIS Electra, UM CICLÍDEO AFRICANO com um brilho azul QUE VAI TE ENCANTAR
Natural do Lago Malawi, o Haplochromis Electra está entre os ciclídeos africanos mais bonitos. Possui um comportamento ativo e um corpo elegante. Sua coloração é puxada para azul. Gosta de se esconder nas rochas, e como outros ciclídeos, o
Haplochromis Electra apresenta cuidado parental.
AMBIENTAÇÃO DO AQUÁRIO
As construções rochosas são muito apreciadas por esses peixes, que amam tocas
,
cavernas e esconderijos. Além disso, as tocas e esconderijos são importantes para a demarcação de território, além de servirem"
https://www.kauar.com.br/peixes-de-agua-doce/aulonocaras-e-mais-ciclideos-africanos/malawi-aulonocaras/aulonocara-femea-5-a-7-cm-ciclideos-africanos-lago-malawi,peixe_ou_camarao,Aulonocara Fêmea 5 a 7 cm,Ciclídeos Africanos,,,,,,"7,0 a 8,6",7.0,8.6,23ºC e 28ºC,23.0,28.0,,,,,,,,,https://images.tcdn.com.br/img/img_prod/749804/aulonocara_femea_5_a_7_cm_ciclideos_africanos_lago_malawi_1985_1_10c94363ed853f7c73443f2c116f7102.jpg,,"AULONOCARAS FÊMEAS
Dificilmente encontradas à venda no mercado nacional, a Aulonocaras fêmeas irão trazer uma atmosfera nova ao seu aquário ou lago. Além do nascimento de filhotes, claro, elas também ajudarão ajudará a manter os níveis de testosterona dos machos elevados, fazendo com que as cores fiquem mais vibrantes.
SAIBA MAIS SOBRE AS AULONOCARAS
As Aulonocaras são tão coloridas que, muitas vezes, são confundidas com peixes marinhos. Na natureza, são encontradas no Lago Malawi, na África. Só ele abriga mais de 400 espécies de ciclídeos como as Aulonocaras. E isso é apenas uma pequena parte"
https://www.kauar.com.br/peixes-de-agua-doce/aulonocaras-e-mais-ciclideos-africanos/malawi-aulonocaras/aulonocara-kandeense-8-cm-aulonocara-jacobfreiberg-ciclideos-africanos-lago-malawi,peixe_ou_camarao,Aulonocara Kandeense,,,,,,,"7,0 a 8,6",7.0,8.6,23ºC e 28ºC,23.0,28.0,,,,,,,,,https://images.tcdn.com.br/img/img_prod/749804/aulonocara_kandeense_8_cm_novidade_ciclideos_africanos_lago_malawi_2345_1_8a8404ef7d65cc1ac08c686e64ee5ba0.jpg,,"AULONOCARA KADEENSE, UM PEIXE DE AQUÁRIO OU LAGO DE ÁGUA DOCE PARA VOCÊ
A Aulonocara Kandeense possui um azul profundo, com marcações de ares glaciais cheias de mistério. Você vai adorar! Como outras Aulonocaras, ela pode alcançar entre 9 cm e 12 cm quando adulto, com expectativa de vida entre 5 e 8 anos.
SAIBA MAIS SOBRE AS AULONOCARAS
As Aulonocaras são tão coloridas que, muitas vezes, são confundidas com peixes marinhos. Na natureza, são encontradas no Lago Malawi, na África. Só ele abriga mais de 400 espécies de ciclídeos como as Aulonocaras. E isso é apenas uma pequena parte de toda a div"
https://www.kauar.com.br/peixes-de-agua-doce/aulonocaras-e-mais-ciclideos-africanos/malawi-aulonocaras/aulonocara-lwanda-hai-reef-6-a-8-cm-novidade-lago-malawi,peixe_ou_camarao,Aulonocara Lwanda Hai Reef,,,,,,,"7,0 a 8,6",7.0,8.6,23ºC e 28ºC,23.0,28.0,,,,,,,,,https://images.tcdn.com.br/img/img_prod/749804/aulonocara_lwanda_hai_reef_6_a_8_cm_novidade_lago_malawi_2405_1_e8a328330ec3f57a62ca7737dd0154c7.jpg,,"AULONOCARA LWANDA HAI REEF: UM PEIXE DE AQUÁRIO OU LAGO QUE VAI TE ENCANTAR
Com sua coloração amarela e azul, a Aulonocara Lwanda Hai Reef é uma novidade que vai te encantar!
Como outros peixes da família, ela alcança um tamanho médio que varia de 9 cm a 15 cm, sendo ideal para fauna de lagos ornamentais, piscinas naturais ou aquários. Com padrão de cores super vibrantes, as aulonocaras criam uma vista linda, dentro de sua casa, para que você possa celebrar a beleza da natureza todos os dias.
SAIBA MAIS SOBRE AS AULONOCARAS
As Aulonocaras são tão coloridas que, muitas vezes, são confundidas co"
https://www.kauar.com.br/peixes-de-agua-doce/aulonocaras-e-mais-ciclideos-africanos/malawi-aulonocaras/aulonocara-orange-blue-super-red-5-a-7-cm-ciclideos-lago-malawi,peixe_ou_camarao,Aulonocara Orange Blue SUPER RED,,,,,,,"7,0 a 8,6",7.0,8.6,23ºC e 28ºC,23.0,28.0,,,,,,,,,https://images.tcdn.com.br/img/img_prod/749804/aulonocara_orange_blue_super_red_5_a_7_cm_ciclideos_lago_malawi_2111_1_aac248c43511b628e10b56d1993c912e.jpg,,"AULONOCARA ORANGE BLUE SUPER RED, UM PEIXE DE AQUÁRIO OU LAGO QUE VAI TE ENCANTAR
A Aulonocara Orange Blue Super Red é uma variação da Aulonocara Orange Blue, que está entre os ciclídeos africanos mais lindos, como também entre os mais famosos peixes ornamentais. Nesta variação, as manchas vermelhas são ainda mais intensas e, em conjunto com as marcações azuis, explodem ao longo de todo o corpo.
Como outros peixes da família, ele alcança um tamanho médio entre 9 cm e 12 cm.
SAIBA MAIS SOBRE AS AULONOCARAS
As Aulonocaras são tão coloridas que, muitas vezes, são confundidas com peixes marinhos. "
https://www.kauar.com.br/peixes-de-agua-doce/aulonocaras-e-mais-ciclideos-africanos/malawi-aulonocaras/aulonocara-red-ruby-8-a-9-cm-ciclideos-lago-malawi,peixe_ou_camarao,Aulonocara Red Ruby,,,,,,,"7,0 a 8,6",7.0,8.6,23ºC e 28ºC,23.0,28.0,,,,,,,,,https://images.tcdn.com.br/img/img_prod/749804/aulonocara_red_ruby_8_a_9_cm_ciclideos_lago_malawi_1983_1_c6ad2a220e7bfc7c7ec75bd818fd03b2.jpg,,"AULONOCARA RED RUBY, UM CICLÍDEO AFRICANO PARA LAGO OU AQUÁRIO
A Aulonocara Red Ruby está entre os ciclídeos africanos mais famosos. O nome inspirado na pedra preciosa está associado à sua cor vibrante.
Como outros peixes da família, ele alcança um tamanho médio entre 9 cm e 15 cm.
SAIBA MAIS SOBRE AS AULONOCARAS
As Aulonocaras são tão coloridas que, muitas vezes, são confundidas com peixes marinhos. Na natureza, são encontradas no Lago Malawi, na África. Só ele abriga mais de 400 espécies de ciclídeos como as Aulonocaras. E isso é apenas uma pequena parte de toda a diversidade dessa família, "
https://www.kauar.com.br/peixes-de-agua-doce/aulonocaras-e-mais-ciclideos-africanos/malawi-aulonocaras/aulonocara-red-sided-5-a-7-cm-ciclideos-africanos-lago-malawi,peixe_ou_camarao,Aulonocara Red Sided,Ciclídeos Africanos,,,,,,"7,0 a 8,6",7.0,8.6,23ºC e 28ºC,23.0,28.0,,,,,,,,,https://images.tcdn.com.br/img/img_prod/749804/aulonocara_red_sided_6_a_8_cm_ciclideos_africanos_lago_malawi_2135_1_f6a2fe6ab29b50be54109b1946694709.jpg,,"AULONOCARA RED SIDED, UM PEIXE DE AQUÁRIO OU LAGO QUE VAI TE ENCANTAR
Com sua coloração azul vibrante cheia de marcações vermelhas, a Aulonacara
Red Sided está entre as variedades de Aulonocaras que não decepcionam nunca: são pura beleza! Como outros peixes da família, ela alcança um tamanho médio que varia de 9 cm a 15 cm, sendo ideal para fauna de lagos ornamentais, piscinas naturais ou aquários.
SAIBA MAIS SOBRE AS AULONOCARAS
As Aulonocaras são tão coloridas que, muitas vezes, são confundidas com peixes marinhos. Na natureza, são encontradas no Lago Malawi, na África. Só ele abriga mais de"
https://www.kauar.com.br/peixes-de-agua-doce/aulonocaras-e-mais-ciclideos-africanos/malawi-aulonocaras/aulonocara-strawberry-6-a-8-cm-ciclideos-africanos-lago-malawi,peixe_ou_camarao,Aulonocara  Strawberry,Ciclídeos Africanos,,,,,,"7,0 a 8,6",7.0,8.6,23ºC e 28ºC,23.0,28.0,,,,,,,,,https://images.tcdn.com.br/img/img_prod/749804/aulonocara_strawberry_6_a_8_cm_ciclideos_africanos_lago_malawi_2377_1_3b3e0c04cb5f175b83c27db33d0f97e1.jpg,,"AULONOCARA STRAWBERRY, UM PEIXE DE AQUÁRIO OU LAGO MULTICOLORIDO!
Se você é fã das Aulonocaras, prepare-se para se maravilhar com a Aulonocara Strawberry
. Ela tem nuances pink e lindas marcações nas nada
deiras que vão deixar seu aquário muito mais bonito! Ela pode chegar a alcançar um tamanho médio entre 9 cm e 15 cm, com expectativa de vida entre 5 e 8 anos.
SAIBA MAIS SOBRE AS AULONOCARAS
As Aulonocaras são tão coloridas que, muitas vezes, são confundidas com peixes marinhos. Na natureza, são encontradas no Lago Malawi, na África. Só ele abriga mais de 400 espécies de ciclídeos como as Aul"
https://www.kauar.com.br/peixes-de-agua-doce/aulonocaras-e-mais-ciclideos-africanos/malawi-aulonocaras/champs-spi-5-a-6-cm-champsochromis-spilorhynchus-lago-malawi,peixe_ou_camarao,Champs Spi,Champsochromis Spilorhynchus,,,,,,"7.8 a 8,6",7.8,8.6,23ºC e 28ºC,23.0,28.0,,,,,,,,,https://images.tcdn.com.br/img/img_prod/749804/champs_spi_5_a_6_cm_champsochromis_spilorhynchus_lago_malawi_2295_1_9c20f7b69863066a4919dab0907f9baf.jpg,,"CHAMPS SPI, O PEIXE TORPEDO DO LAGO MALAWI
O Champs Spi (Champsochromis Spilorhynchus) é um peixe muito bonito e elegante que pode chegar até 30 cm de tamanho. Ele habita diferentes áreas dos lagos e é conhecido por viver em águas totalmente abertas.
É um peixe deslumbrante, com nuanças azuis e verdes, além de marcações laranja em suas longas e elegantes nadadeiras. Os machos são mais coloridos. As fêmeas possuem as mesmas tonalidades, porém, em nuances mais leves.
Como outros ciclídeos, é curioso, ativo e de nado confiante. Entre os ciclídeos africanos, não está entre os mais territorialistas"
https://www.kauar.com.br/peixes-de-agua-doce/aulonocaras-e-mais-ciclideos-africanos/malawi-haplochromis/blue-golfinho-albino-5-a-6cm-cyrtocara-moorii,peixe_ou_camarao,Blue Golfinho Albino,Cyrtocara Moorii,,,,,,7.8 a 8.6,7.8,8.6,15 a 20,15.0,20.0,,,,,,,,Cyrtocara Moorii,https://images.tcdn.com.br/img/img_prod/749804/blue_golfinho_albino_5_a_6cm_cyrtocara_moorii_1979_1_80eacfca4eb816a4d577897e926f3d4b.jpg,,"Blue Golfinho Albino| Cyrtocara Moorii
Peixes de Aquário
Peixes Ornamentais
Origem:
África (Lago Malawi)
Características:
São peixes que se movimentam bastante em seu aquário, justamente porque tentam demarcar seu território obstinadamente. Este é o caso do Cyrtocara Moorii, que  pode alcançar um tamanho médio entre 15 cm a 20 cm. Esse ciclídeo africano possui expectativa de vida entre 5 e 8 anos.
Comportamento e coabitação com outras espécies
:
o Cyrtocara Moorii é um peixe territorialista e bastante temperamental. Costuma viver em haréns e o ideal é manter 1 macho com 3 a 6 fêmeas da espécie"
https://www.kauar.com.br/peixes-de-agua-doce/aulonocaras-e-mais-ciclideos-africanos/malawi-haplochromis/haplochromis-yellow-belly-5-a-7-cm-ciclideo-africano-lago-malawi,peixe_ou_camarao,Haplochromis Yellow Belly,Ciclídeo Africano,,,,,,"7.4 a 8,6",7.4,8.6,24ºC a 28ºC,24.0,28.0,,,,,,,,,https://images.tcdn.com.br/img/img_prod/749804/haplochromis_yellow_belly_5_a_7_cm_ciclideo_africano_lago_malawi_2351_1_cb308a9fd05630973c376ced38e6297b.jpg,,"QUE TAL O HAPLOCHROMIS YELLOW BELLY DO LAGO MALAWI PARA SEU AQUÁRIO DE CICLÍDEOS AFRICANOS?
Os ciclídeos africanos são peixes ornamentais de cores vibrantes, com características bastante territorialistas. São peixes que se movimentam bastante em seu aquário, justamente porque tentam demarcar seu território obstinadamente. Mas, apesar desta característica, os ciclídeos africanos podem conviver com outros da mesma espécie, desde que você escolha adequadamente o tamanho do aquário, o tamanho da fauna e os demais companheiros. Este é o caso do Haplochromis Yellow Belly.
CONVIVÊNCIA COM OUTRAS ESPÉ"
https://www.kauar.com.br/peixes-de-agua-doce/aulonocaras-e-mais-ciclideos-africanos/malawi-mbunas/electric-blue-johannii-melanochromis-johannii-novidade,peixe_ou_camarao,Electric Blue Johanni,Pseudotropheus Johannii,,,,,,7.6 a 8.6,7.6,8.6,22ºC e 25ºC,22.0,25.0,,,,,,,,,https://images.tcdn.com.br/img/img_prod/749804/electric_blue_johanni_3_a_4_cm_pseudotropheus_johannii_novidade_2293_1_fe5e034d97a2c270029caf3bc0580298.jpg,,"ELETRIC BLUE JOHANNI
O Eletric Blue Johanni, ou
Pseudotropheus Johannii
, é um Mbuna endêmico do Lago Malawi. Ele é encontrado em áreas rochosas, em profundidade de até 5 metros. Ele pode chegar até 10cm e tem uma longa expectativa de vida, de até 12 anos.
Como outros ciclídeos, são territorialistas. São peixes que se movimentam bastante em seu aquário, justamente porque tentam demarcar seu território. Mas, entre os Melanochromis, o Johanni, pode ser considerado mais tranquilo.
AMBIENTAÇÃO DO AQUÁRIO
As construções rochosas são muito apreciadas por esses peixes, que amam tocas
,
cavernas e esc"
https://www.kauar.com.br/peixes-de-agua-doce/aulonocaras-e-mais-ciclideos-africanos/malawi-mbunas/labidochromis-hongi-sweden-2-a-4-cm-lago-malawi,peixe_ou_camarao,Labidochromis Hongi Sweden,Lago Malawi,,,,,,"7.4 a 8,6",7.4,8.6,24ºC a 28ºC,24.0,28.0,,,,,,,,,https://images.tcdn.com.br/img/img_prod/749804/labidochromis_hongi_sweden_2_a_4_cm_lago_malawi_2349_1_cfdc6a04376ee7c08f6cf6621a7cff47.jpg,,"QUE TAL O LABIDOCHROMIS HONGI SWEDEN DO LAGO MALAWI PARA SEU AQUÁRIO DE CICLÍDEOS AFRICANOS?
Os ciclídeos africanos são peixes ornamentais de cores vibrantes, com características bastante territorialistas. São peixes que se movimentam bastante em seu aquário, justamente porque tentam demarcar seu território obstinadamente. Mas, apesar desta característica, os ciclídeos africanos podem conviver com outros da mesma espécie, desde que você escolha adequadamente o tamanho do aquário, o tamanho da fauna e os demais companheiros. Este é o caso do Labidochromis Hongi Sweden, que pode atingir até 11 c"
https://www.kauar.com.br/peixes-de-agua-doce/aulonocaras-e-mais-ciclideos-africanos/malawi-mbunas/pseudotropheus-elongatus-3-a-5-cm-lago-malawi,peixe_ou_camarao,Pseudotropheus Elongatus,Lago Malawi,,,,,,7.8 a 8.6,7.8,8.6,23ºC a 28ºC,23.0,28.0,,,,,,,,Aulonocaras,https://images.tcdn.com.br/img/img_prod/749804/pseudotropheus_elongatus_3_a_5_cm_lago_malawi_2445_1_fd3da8ccfef96ab3c2eec90d9782dc9e.jpg,,"PSEUDOTROPHEUS ELONGATUS, UM CICLÍDEO AFRICANO DO GRUPO MBUNA
Pseudotropheus Elongatus
é um ciclídeo do Lago Malawi, do grupo dos Mbunas, nome popular que significa “peixe das rochas” (na linguagem do povo africano Tonga, que habita as margens do Lago, pronuncia-se Mmm-boo-nah). Os Mbunas vivem especialmente nas áreas mais rochosas do biótopo, em fendas, cavernas e grutas subaquáticas localizadas próximas às margens do Lago.
É o grupo mais comum de ciclídeos desse lago africano. Este grande volume populacional de Mbunas na natureza também é responsável por parte do seu territorialismo acentuad"
https://www.kauar.com.br/peixes-de-agua-doce/aulonocaras-e-mais-ciclideos-africanos/malawi-mbunas/pseudotropheus-ndumbi-3-a-5-cm-lago-malawi,peixe_ou_camarao,Pseudotropheus Ndumbi Red Top,Lago Malawi,,,,,,7.8 a 8.6,7.8,8.6,23ºC a 28ºC,23.0,28.0,,,,,,,,Aulonocaras,https://images.tcdn.com.br/img/img_prod/749804/pseudotropheus_ndumbi_3_a_5_cm_lago_malawi_2447_1_322237d1da3d163ce2c56b94f61fcddd.jpg,,"PSEUDOTROPHEUS NDUMBI, UM CICLÍDEO AFRICANO DO GRUPO MBUNA
Pseudotropheus Ndumbi
é um ciclídeo do Lago Malawi, do grupo dos Mbunas, nome popular que significa “peixe das rochas” (na linguagem do povo africano Tonga, que habita as margens do Lago, pronuncia-se Mmm-boo-nah). Os Mbunas vivem especialmente nas áreas mais rochosas do biótopo, em fendas, cavernas e grutas subaquáticas localizadas próximas às margens do Lago.
É o grupo mais comum de ciclídeos desse lago africano. Este grande volume populacional de Mbunas na natureza também é responsável por parte do seu territorialismo acentuado, já "
https://www.kauar.com.br/peixes-de-agua-doce/aulonocaras-e-mais-ciclideos-africanos/vitoria/haplochromis-ruti-island-haplochromis-nyererei-4-a-6-cm,peixe_ou_camarao,Haplochromis Ruti Island,Haplochromis nyererei,,,,,,"7,0 a 8,6",7.0,8.6,23ºC e 28ºC,23.0,28.0,,,,,,,,"Haplochromis Rute Island
",https://images.tcdn.com.br/img/img_prod/749804/haplochromis_ruti_island_haplochromis_nyererei_4_a_6_cm_2375_1_698330a7f772f9b21009b61f72f201a5.jpg,,"hAPLOCHROMIS rUTI iSLAND, UM CICLÍDEO AFRICANO MULTI COLORIDO QUE VAI TE ENCANTAR
Natural do Lago Vitória, maior lago do continente africano, o Haplochromis Rute Island está entre os ciclídeos africanos mais coloridos que existem. O Golfo do Lago Vitória possui várias ilhas, entre elas, a Ruti Island, região em que o Halocromis Rute Island é endêmico. Como outros ciclídeos, o
Haplochromis Rute Island apresenta cuidado parental e
AMBIENTAÇÃO DO AQUÁRIO
As construções rochosas são muito apreciadas por esses peixes, que amam tocas
,
cavernas e esconderijos. Além disso, as tocas e esconderijos são"
https://www.kauar.com.br/peixes-de-agua-doce/barbos-e-danios/barbo-arulius-2-a-3-cm-dawkinsia-arulius,peixe_ou_camarao,Barbo Arulius,Dawkinsia arulius,,,"Bacia de Cauvery, Índia",,,"6,0 a 7,0",6.0,7.0,19ºC e 25ºC,19.0,25.0,,,,,,,,Barbo,https://images.tcdn.com.br/img/img_prod/749804/barbo_arulius_2_a_3_cm_dawkinsia_arulius_2057_1_38600054cf47e20927690dcdc6c25980.jpg,,"Barbo Arulios
Dawkinsia arulius
Origem; Bacia de Cauvery, Índia
O Barbo Arulios
é um dócil e pacifico peixe da familia dos ciprinídeos, natural da India, bacia do rio Cauvery. Por sua beleza ornamental e resistência, se espalhou rapidamente por aquarios do mundo todo. Ideal para aquários plantados e comunitários, o Barbo Aurulios pode chegar aos 12 cm quando adulto
.
Quer saber mais sobre o Barbo Arulius
e os cuidados veterinários da Kauar? E como funciona a entrega até a sua casa? Aprender tudo sobre aclimatação de um novo peixe ornamental em seu aquário? Continue com a Kauar!
ORIGEM, COMPORT"
https://www.kauar.com.br/peixes-de-agua-doce/barbos-e-danios/barbo-odessa-pethia-padamya,peixe_ou_camarao,Barbo Odessa,,,,,,,"6,0 a 8,0",6.0,8.0,21ºC e 25ºC,21.0,25.0,,,,,,,,,https://images.tcdn.com.br/img/img_prod/749804/barbo_odessa_pethia_padamya_2435_1_74186094733eb23850b4ea6e02952e9a.jpg,,"BARBO ODESSA
Muito pacífico e colorido, esse é o Barbo Odessa, ideal para aquários plantados e aquários comunitários. É
um peixinho muito simpático , ele se destaca pelo seu colorido intenso e seu comportamento ativo. De tamanho reduzido, o Barbos Odessa chega a alcançar  4,6 cm, por isso é muito procurado por aquaristas de aquários plantados.
Quer saber mais sobre o Barbo
Odessa
e os cuidados veterinários da Kauar? E como funciona a entrega até a sua casa? Aprender tudo sobre aclimatação de um novo peixe ornamental em seu aquário? Continue com a Kauar!
ORIGEM, COMPORTAMENTO E CONVÍVIO DO BARB"
https://www.kauar.com.br/peixes-de-agua-doce/barbos-e-danios/barbo-oligolepis-2-a-3-cm,peixe_ou_camarao,Barbo Oligolepis 2 a 3 cm,,,,,,,"6,0 a 8,0",6.0,8.0,23ºC e 27ºC,23.0,27.0,,,,,,,,,https://images.tcdn.com.br/img/img_prod/749804/barbo_oligolepis_2_a_3_cm_oliotius_oligolepis_lindo_brilhante_e_alegre_2043_1_735c40dca9043eb56c5717cf5c43780e.jpg,,"BARBO OLIGOLEPIS, ESSE PEIXE DE ÁGUA DOCE VAI TE SURPREENDER
O Barbo Oligolepis, também conhecido como Barbus Xadrez, é um peixe ornamental de aquário de água-doce, pacífico, ideal para aquários plantados e aquários comunitários. É um peixinho muito tranquilo, ele se destaca pelo seu colorido xadrez e seu comportamento ativo. De tamanho reduzido, o Barbo chega a alcançar 5 cm, por isso é muito procurado por aquaristas de aquários plantados.
Quer saber mais sobre o Barbo
Oligolepis
e os cuidados veterinários da Kauar? E como funciona a entrega até a sua casa? Aprender tudo sobre aclimatação de "
https://www.kauar.com.br/peixes-de-agua-doce/barbos-e-danios/barbo-rhomboocellatus-barbo-snakeskin-2-a-3-cm-puntius-rhomboocellatus,peixe_ou_camarao,Barbo Pele de Cobra,Barbo Rhomboocellatus,,,,,,"6,0 a 7,0",6.0,7.0,19ºC e 25ºC,19.0,25.0,,,,,,,,,https://images.tcdn.com.br/img/img_prod/749804/barbo_pele_de_cobra_barbo_rhomboocellatus_reestreia_2_a_3_cm_puntius_rhomboocellatus_2123_1_c6fdd294db262ad794722ce799c3f7b2.jpg,,"BARBO PELE DE COBRA: CONHECÇA O FAMOSO BARBO SNAKESKIN OU BARBO PELE DE COBRA
O Barbo Pele de Cobra é um dócil e pacifico peixe da familia dos ciprinídeos, natural da Indonésia. Por sua beleza ornamental e resistência, se espalhou rapidamente por aquarios do mundo todo. Ideal para aquários plantados e comunitários, o Barbo Rhomboocellatus pode chegar aos 9 cm quando adulto.
Quer saber mais sobre o Barbo
Pele de Cobra
e os cuidados veterinários da Kauar? E como funciona a entrega até a sua casa? Aprender tudo sobre aclimatação de um novo peixe ornamental em seu aquário? Continue com a Kauar!
OR"
https://www.kauar.com.br/peixes-de-agua-doce/barbos-e-danios/barbo-rubi-negro-2-a-3-cm-puntius-nigrofasciatus,peixe_ou_camarao,Barbo Rubi Negro,Puntius Nigrofasciatus,,,,,,"6,0 a 8,0",6.0,8.0,23ºC e 27ºC,23.0,27.0,,,,,,,,Barbu como o Tetra Amandae e com outros de sua espécie,https://images.tcdn.com.br/img/img_prod/749804/barbo_rubi_negro_2_a_3_cm_puntius_nigrofasciatus_2053_1_a54d983b897f82db40246928fc518e81.jpg,,"Puntius Nigrofasciatus
O Barbo Rubi Negro
, também conhecido como Barbus Nigrofaciatus,
é um peixe ornamental de aquário de água doce, pacífico, ideal para aquários plantados e aquários comunitários. É
um peixinho muito tranquilo, ele se destaca pelo seu colorido xadrez e seu comportamento ativo. De tamanho reduzido, o Barbo chega a alcançar 5 cm, por isso é muito procurado por aquaristas de aquários plantados.
Quer saber mais sobre o Barbo Rubi Negro
e os cuidados veterinários da Kauar? E como funciona a entrega até a sua casa? Aprender tudo sobre aclimatação de um novo peixe ornamental em se"
https://www.kauar.com.br/peixes-de-agua-doce/barbos-e-danios/barbus-sumatra-albino-puntius-tetrazona-novidade,peixe_ou_camarao,Barbus Sumatra Albino,Puntius Tetrazona,,,,,,6.0 a 8.0,6.0,8.0,23ºC e 27ºC,23.0,27.0,,,,,,,,,https://images.tcdn.com.br/img/img_prod/749804/barbus_sumatra_albino_puntius_tetrazona_tamanho_matriz_maravilhoso_2333_1_5d620912aa97fcbaae0ced295e91145f.jpg,,"BARBO SUMUTRA ALBINO: UM PEIXE MAGNÍFICO DO SUDESTE ASIÁTICO
O Barbo Sumatra é um peixe deslumbrante. Ele chega a alcançar 5 cm, vive em cardume, sendo muito procurado por aquaristas de plantados. Uma das características mais famosas desse peixe é a sua queda por ""beliscar"" a barbatana de outros peixes. Barbatanas longas são as suas favoritas, por isso Bandeiras e Bettas são suas vítimas prediletas. No exterior é conhecido como Barbo Tigre, em função de suas cores e marcações. Na versão Albina, os rajados ganham tons de vermelho.
COMPORTAMENTO
O Barbo é um peixe moderadamente pacífico, sendo i"
https://www.kauar.com.br/peixes-de-agua-doce/barbos-e-danios/compra-de-cardume-compre-10-e-leve-11-barbus-gema,peixe_ou_camarao,COMPRA DE CARDUME: COMPRE 10 PEIXES E LEVE 11,Barbus Gema,,,,,,"6,0 a 8,0",6.0,8.0,23ºC e 27ºC,23.0,27.0,,,,,,,,,https://images.tcdn.com.br/img/img_prod/749804/compra_de_cardume_compre_10_peixes_e_leve_11_barbus_gema_4_a_5_cm_barbodes_semifasciolatus_2080_1_0ddb8422fecf5fc20c45799bce622662.jpg,,"BARBOS GEMA: UM PEIXINHO SUPER COLORIDO E ALEGRE QUE VAI TE ENCANTAR
O Barbus Gema é um peixe ornamental de aquário de água-doce, pacífico, ideal para aquários plantados e aquários comunitários. É
um peixinho muito tranquilo, ele se destaca pelo seu colorido intenso e seu comportamento ativo. De tamanho reduzido, o Barbus chega a alcançar 5 cm, por isso é muito procurado por aquaristas de aquários plantados.
Quer saber mais sobre o Barbu Gema e os cuidados veterinários da Kauar? E como funciona a entrega até a sua casa? Aprender tudo sobre aclimatação de um novo peixe ornamental em seu aquário"
https://www.kauar.com.br/peixes-de-agua-doce/barbos-e-danios/compra-de-cardume-compre-10-e-leve-11-barbus-ouro,peixe_ou_camarao,COMPRA DE CARDUME: COMPRE 10 PEIXES E LEVE 11,Barbus Ouro,,,,,,6.0 a 8.0,6.0,8.0,23ºC e 27ºC,23.0,27.0,,,,,,,,Barbo como o Tetra Amandae e com outros de sua espécie,https://images.tcdn.com.br/img/img_prod/749804/compra_de_cardume_compre_10_peixes_e_leve_11_barbus_ouro_barbodes_semifasciolatus_2082_1_9f3694083ecdb8bd2e67b2d15b05237e.jpg,,"BARBO OURO: UM CARDUME DESSE PEIXE COLORIDO E ATIVO VAI TER SUPREENDER
O Barbo Ouro, também conhecido como
Barbo Ouro, Gold Barb, Golfinned Barb, Golden Barb,
é um peixinho muito tranquilo, ele se destaca pelo seu colorido intenso e seu comportamento ativo. Pacífico e de tamanho reduzido, o Barbo chega a alcançar 5 cm, por isso é muito procurado por aquaristas de aquários plantados.
COMPORTAMENTO DO BARBO OURO
O Barbo é um peixe muito pacífico, por isso é uma ótima opção para quem tem aquário comunitário, porém podem demonstrar algum comportamento competitivo na briga pela hierarquia e em époc"
https://www.kauar.com.br/peixes-de-agua-doce/barbos-e-danios/copia-barbo-conchonio-cereja,peixe_ou_camarao,Barbo Conchônio Cereja Véu,Pethia conchonius,,,,,,"6,0 a 8,0",6.0,8.0,23ºC e 27ºC,23.0,27.0,,,,,,,,,https://images.tcdn.com.br/img/img_prod/749804/barbo_conchonio_cereja_veu_pethia_conchonius_uau_1943_1_7ec8af231205f75fcdcb3b2084d0d5b6.jpg,,"BARBO CONCHONIO CEREJA VÉU
O Barbo Conchonio Cereja Véu é um peixe ornamental de aquário de água-doce, pacífico, ideal para aquários plantados e aquários comunitários. É
um peixinho muito tranquilo, ele se destaca pelo seu colorido intenso e seu comportamento ativo. De tamanho reduzido, o Barbus chega a alcançar 5 cm, por isso é muito procurado por aquaristas de aquários plantados.
Quer saber mais sobre o Barbo
Conchonio Cereja Véu
e os cuidados veterinários da Kauar? E como funciona a entrega até a sua casa? Aprender tudo sobre aclimatação de um novo peixe ornamental em seu aquário? Continue "
https://www.kauar.com.br/peixes-de-agua-doce/bettas/betta-avatar-i-macho,peixe_ou_camarao,Betta Plakat Blue Ocean,,,,,,,6.6 e 7.2,6.6,7.2,24ºC e 28ºC,24.0,28.0,,,,,,,,,https://images.tcdn.com.br/img/img_prod/749804/betta_avatar_i_macho_2127_1_a93f565667c42502b431213c77987f30.jpeg,,"PEIXE POR ENCOMENDA. ENTREGA EM ATÉ 15 DIAS.
Fotos meramente ilustrativas, peça vídeos em nosso WhatsApp.
O Betta é o peixe ornamental mais famoso do mundo. De aquário de água-doce, pacífico e natural da Ásia
é um peixe de fácil aclimatação e cuidados. Charmoso e encantador irá chamar atenção para o seu aquário com seu movimento fluido e suas lindas cores. O Betta viverá muito bem em um aquário com PH entre 6.6 e 7.2.
Quer saber mais sobre o Betta e os cuidados veterinários da Kauar? E como funciona a entrega até a sua casa? Aprender tudo sobre aclimatação de um novo peixe ornamental em seu aq"
https://www.kauar.com.br/peixes-de-agua-doce/bettas/betta-candy-nemo-plakat-macho,peixe_ou_camarao,Betta Candy Nemo Plakat,,,,,,,6.6 e 7.2,6.6,7.2,24ºC e 28ºC,24.0,28.0,,,,,,,,,https://images.tcdn.com.br/img/img_prod/749804/betta_candy_nemo_plakat_macho_2299_1_10871a4fde263379c1a38de83c0ad0d9.jpg,,"O Betta é o peixe ornamental mais famoso do mundo. De aquário de água-doce, pacífico e natural da Ásia
é um peixe de fácil aclimatação e cuidados. Charmoso e encantador irá chamar atenção para o seu aquário com seu movimento fluido e suas lindas cores. O Betta viverá muito bem em um aquário com PH entre 6.6 e 7.2.
Quer saber mais sobre o Betta e os cuidados veterinários da Kauar? E como funciona a entrega até a sua casa? Aprender tudo sobre aclimatação de um novo peixe ornamental em seu aquário? Continue com a Kauar!
ORIGEM, COMPORTAMENTO E CONVÍVIO DO BETTA
Os Bettas são peixes ornamentais de"
https://www.kauar.com.br/peixes-de-agua-doce/bettas/betta-koi-candy-macho,peixe_ou_camarao,Betta Koi Candy,,,,,,,6.6 e 7.2,6.6,7.2,24ºC e 28ºC,24.0,28.0,,,,,,,,,https://images.tcdn.com.br/img/img_prod/749804/betta_koi_candy_macho_1949_1_da2fafd5f14bd07970d7aef05796907d.jpg,,"EXEMPLAR POR ENCOMENDA. PRAZO ATÉ 15 DIAS PARA ENTREGA.
IMAGEM ILUSTRATIVA.
O Betta é o peixe ornamental mais famoso do mundo. De aquário de água-doce, pacífico e natural da Ásia
é um peixe de fácil aclimatação e cuidados. Charmoso e encantador irá chamar atenção para o seu aquário com seu movimento fluido e suas lindas cores. O Betta viverá muito bem em um aquário com PH entre 6.6 e 7.2.
Quer saber mais sobre o Betta e os cuidados veterinários da Kauar? E como funciona a entrega até a sua casa? Aprender tudo sobre aclimatação de um novo peixe ornamental em seu aquário? Continue com a Kauar!
O"
https://www.kauar.com.br/peixes-de-agua-doce/bettas/betta-samurai-macho,peixe_ou_camarao,Betta Samurai Black,,,,,,,6.6 e 7.2,6.6,7.2,24ºC e 28ºC,24.0,28.0,,,,,,,,,https://images.tcdn.com.br/img/img_prod/749804/betta_black_samurai_macho_2086_1_9e8ebf82518e16d25c7337f5a09bcd5d.jpg,,"O Betta é o peixe ornamental mais famoso do mundo. De aquário de água-doce, pacífico e natural da Ásia
é um peixe de fácil aclimatação e cuidados. Charmoso e encantador irá chamar atenção para o seu aquário com seu movimento fluido e suas lindas cores. O Betta viverá muito bem em um aquário com PH entre 6.6 e 7.2.
Quer saber mais sobre o Betta e os cuidados veterinários da Kauar? E como funciona a entrega até a sua casa? Aprender tudo sobre aclimatação de um novo peixe ornamental em seu aquário? Continue com a Kauar!
ORIGEM, COMPORTAMENTO E CONVÍVIO DO BETTA
Os Bettas são peixes ornamentais de"
https://www.kauar.com.br/peixes-de-agua-doce/botias/botia-tigre-6-a-8-cm-syncrossus-helodes,peixe_ou_camarao,Botia Tigre,Syncrossus Helodes,,,,,,"6,8",6.8,6.8,25 e 30ºC,25.0,30.0,,,,,,,,,https://images.tcdn.com.br/img/img_prod/749804/botia_tigre_6_a_8_cm_syncrossus_helodes_2051_1_78ce694af929180e79aa60065c32ae37.jpg,,"BOTIA Tigre
Peixes de água doce
Peixes Ornamentais
Origem:
Encontradas no Sul da Ásia mais propriamente nas correntes da Malásia, Tailândia e Vietname.
Características:
A Botia Tigre quando juvenil é bronzeada com listras pretas, mas desenvolve uma tonalidade corporal esverdeada  brilhantes conforme amadurece. É um peixe muito ativo, curioso e gregário por natureza.
Comportamento:
O
Botia
Tigre
é um peixe que deve ser mantido em grupos da mesma espécie.  Esse peixe é altamente territorial, e muitas disputas serão observadas. Durante essas interações e nas horas de alimentação, essa espécie pod"
https://www.kauar.com.br/peixes-de-agua-doce/camaroes-e-lagostas/camarao-snowball-1-a-2-cm-neocaridina-davidi,peixe_ou_camarao,Camarão Wild Type,Neocaridina davidi,,,,,,"6,5",6.5,6.5,21ºC e 27ºC,21.0,27.0,,,,,,,,,https://images.tcdn.com.br/img/img_prod/749804/neocaridina_tipo_selvagem_wild_type_1_a_2_cm_2165_1_e7dc57d68dfbf53f69de48d8aef754ed.jpg,,"CAMARÃO WILD TYPE
As neocaridinas, como o camarão wild type, recebem diversos nomes populares dependendo da cor. As variedades coloridas foram criadas em cativeiro pois, no habitat de origem, as neocaridinas possuem cores mais neutras e menos vibrantes. O wild type é uma versão muito parecida com a selvagem, são individuos selecionados e separados, para manter a coloração parecida com a original, dos animais selvagens, devido a isso, as cores podem sofrer pequenas variações. Medem cerca de 2,5 cm até 3 cm com expectativa de vida de até 2 anos. As cores dos camarões neocaridinas se tornam mais "
https://www.kauar.com.br/peixes-de-agua-doce/camaroes-e-lagostas/lagosta-filtradora-tigre-atya-scabra,peixe_ou_camarao,Lagosta Filtradora Tigre,Atya Scabra,,,,,,"6,5 a 7,5",6.5,7.5,23ºC a 28ºC,23.0,28.0,,,,,,,,,https://images.tcdn.com.br/img/img_prod/749804/lagosta_filtradora_tigre_2_a_4_cm_atya_scabra_2479_1_53c19ba61a71338a9dbc31aba60f03dd.jpg,,"LAGOSTA FILTRADORA
Atya Scabra
PEIXES DE ÁGUA DOCE
Origem:
África, América do Sul.
Características:
Chamada também de Camarão-Africano Filtrador, Camarão Negro e outros nomes regionais a Lagosta Filtradora, que na verdade é um camarão  recebe este nome pela sua aparência. Filtradora, pois come matéria orgânica em suspensão, filtrando com suas patas e com isso ajudando na limpeza do seu aquário. Ela é bastante encontrada na América do Sul e na África.
Comportamento e coabitação com outras espécies:
Pacífico e sociável. Perfeito para aquários comunitários de grande porte. É um animal bem tranqui"
https://www.kauar.com.br/peixes-de-agua-doce/cascudos-e-coridoras/aspidora-raimundi,peixe_ou_camarao,Aspidora Raimundi,Aspidoras raimundi,,,,,,"6,5 a 7,5",6.5,7.5,20°C a 24°C,20.0,24.0,,,,,,,,,https://images.tcdn.com.br/img/img_prod/749804/aspidora_raimundi_aspidoras_rochai_2_5_cm_a_3_cm_2465_1_d8274769c89e85749462efbe7f198435.jpg,,"VENHA DESCOBRIR E SE ENCANTAR PELA ASPIDORA RAIMUNDI, UM PEIXINHO MUITO CARISMATICO E ALEGRE, IDEAL PARA SEU AQUÁRIO.
Um peixinho muito animado, que vai nadar por todo seu aquário. A Aspidora Raimundi pode chegar no máximo aos 3,3 cm, é nativa do Brasil, pode ser encontrado na bacia do Rio Parnaíba.
Viverá bem em PH levemente acido. Escolha uma faixa entre 5.8 e 6.5. A temperatura da água ser mantida entre 20°C a 24°C. Aqui na Kauar você também encontra condicionadores de água e tamponadores para seu aquário. Quer aprender mais sobre PH?
Comece aqui!
COMPORTAMENTO E CONVIVÊNCIA COM OUTRAS ESPÉ"
https://www.kauar.com.br/peixes-de-agua-doce/cascudos-e-coridoras/cascudo-l183,peixe_ou_camarao,Cascudo Starlight,Ancistrus dolichopterus,,,,,,7.,7.0,7.0,18ºC e 26ºC,18.0,26.0,,,,,,,,,https://images.tcdn.com.br/img/img_prod/749804/cascudo_starlight_ancistrus_dolichopterus_cascudo_l183_2407_1_632c002895ccae31d08600fa1fb2b5dc.jpg,,"CASCUDO STARLIGHT  PARA UM FUNDO DE AQUÁRIO CHEIO DE MISTÉRIO
O Cascudo Starlight alcança, no máximo, a 12
cm quando adulto. Seu corpo preto é cheio de pintinhas brancas que inspiraram seu nome popular. Ele também é conhecido pelas marcações brancas que contornam as nadadeiras dorsal e caudal sendo, por isso, também chamado de Cascudo Negro Aba Branca.
Os cascudos são peixes ornamentais de aquário muito dóceis e úteis, pois removem incansavelmente algas dos cascalhos, plantas, troncos  e vidros. Existem muitas variações de cascudos e, claro,  todos possuem características em comuns.
Recobrindo"
https://www.kauar.com.br/peixes-de-agua-doce/cascudos-e-coridoras/cascudo-l398,peixe_ou_camarao,Cascudo Panaqolus Tankei,Panaqolus clausterllifer,,,,,,7.,7.0,7.0,18ºC e 26ºC,18.0,26.0,,,,,,,,,https://images.tcdn.com.br/img/img_prod/749804/cascudo_tankei_panagolus_tankei_cascudo_l398_2411_1_0fade11d0da35a7b695d9af0cb446315.jpg,,"CASCUDO TANKEY  PARA UM FUNDO DE AQUÁRIO CHEIO DE MISTÉRIO
O Cascudo Tankey alcança, no máximo, a 12 cm quando adulto.  Possui uma linda camuflagem castanha marcada por rajadas douradas, perfeita para se refugiar entre folhas secas, troncos e galhos.
Os cascudos são peixes ornamentais de aquário muito dóceis e úteis, pois removem incansavelmente algas dos cascalhos, plantas, troncos  e vidros. Existem muitas variações de cascudos e, claro,  todos possuem características em comuns.
Recobrindo a pupila, por exemplo, os cascudos possuem um apêndice que se expande ou contrai, controlando a entrada"
https://www.kauar.com.br/peixes-de-agua-doce/cascudos-e-coridoras/cascudo-nano-doceanus-2-5-a-3cm-parotocinclus-doceanus,peixe_ou_camarao,Nano Cascudo Doceanus,Parotocinclus doceanus,,,,,,"6,8 a 7,4",6.8,7.4,22ºC e 25ºC,22.0,25.0,,,,,,,,,https://images.tcdn.com.br/img/img_prod/749804/nano_cascudo_gold_25_a_3_parotocinclus_sp_super_1_20260702145347_ad5226f54ce4.jpg,,"Nano Cascudo Doceanus
O Parotocinclus doceanus, também conhecido como Nano Cascudo Doceanus, é uma espécie de peixe da família Loricariidae, que incluí todos os
Cascudos
. Esse peixinho é nativo da Mata Atlântica, encontrado principalmente na bacia do Rio Doce, entre Minas Gerais e Espírito Santo. Ele tem uma característica mimetizadora forte, alternando a aparência entre totalmente amarelo ou somente a parte ventral amarela e a superior marrom esverdeada, a espécie possui uma grande habilidade de mimetismo, vai se adaptar as cores do seu aquário.
ORIGEM, COMPORTAMENTO E CONVÍVIO NANO CASCUDO "
https://www.kauar.com.br/peixes-de-agua-doce/cascudos-e-coridoras/cascudo-rineloricaria-lanceolata-7-cm-a-8-cm,peixe_ou_camarao,Cascudo Rineloricaria Lanceolata,,,,,,,7.,7.0,7.0,18ºC e 26ºC,18.0,26.0,,,,,,,,,https://images.tcdn.com.br/img/img_prod/749804/cascudo_rineloricaria_lanceolata_15_a_20_cm_2341_1_ab0816ba5d29412e3bfee1fd8f75ecd3.jpg,,"CASCUDO RINELORICARIA LANCEOLATA
Os cascudos são peixes extremamente pacíficos. Aqui na Kauar você encontra várias espécies de
peixes amazônicos
que são ótimas companheiras de aquário para os cascudos. A docilidade do cascudo também é resultado de um sistema de defesa eficiente. O seu revestimento ósseo dorsal, por exemplo, o protege do ataques de peixes mais agressivos, pois funciona quase como uma carapaça, muito difícil de romper em caso de lutas, sendo assim evitado por predadores.
AMBIENTAÇÃO DO AQUÁRIO
Os cascudos possuem hábitos noturnos e adora se refugiar em tocas e outros locais escu"
https://www.kauar.com.br/peixes-de-agua-doce/cascudos-e-coridoras/cascudo-rineloricaria-meline-15-a-20-cm,peixe_ou_camarao,Rineloricaria Melini,,,,,,,7.,7.0,7.0,18ºC e 26ºC,18.0,26.0,,,,,,,,,https://images.tcdn.com.br/img/img_prod/749804/cascudo_rineloricaria_meline_15_a_20_cm_2343_1_186407529ce45acda1eecc281987f024.jpg,,"RINELORICARIA MELINI
Os cascudos são peixes extremamente pacíficos. Aqui na Kauar você encontra várias espécies de
peixes amazônico
s
que são ótimas companheiras de aquário para os cascudos. A docilidade do cascudo também é resultado de um sistema de defesa eficiente. O seu revestimento ósseo dorsal, por exemplo, o protege do ataques de peixes mais agressivos, pois funciona quase como uma carapaça, muito difícil de romper em caso de lutas, sendo assim evitado por predadores.
AMBIENTAÇÃO DO AQUÁRIO
Os cascudos possuem hábitos noturnos e adora se refugiar em tocas e outros locais escuros. Aqui n"
https://www.kauar.com.br/peixes-de-agua-doce/cascudos-e-coridoras/cascudo-titanic-6-a-8-cm-l273,peixe_ou_camarao,Cascudo Titanic Vermelho,,,,,,,"6,0 a 7,0",6.0,7.0,23ºC e 28ºC,23.0,28.0,,,,,,,,,https://images.tcdn.com.br/img/img_prod/749804/cascudo_titanic_6_a_8_cm_l273_2055_1_ae54e02fa0ba73eda4eaa9fc02d58dd6.jpg,,"Fotos; Planet Catfish
Cascudo
Titanic Vermelho | Cascudo L273
Origem:
Natural do Rio Tapajós, no estado do Pará.
O Cascudo Titanic, L273, também conhecido como Cascudo Titanicus, devido ao seu tamanho e imponência, já que quando adulto pode chegar aos 30 cm. Sua beleza e elegância o torna muito apreciado e utilizado em lagos e aquários. Possuí uma grande resistência a diversas variações de parâmetros de água e temperatura. Como todos os cascudos, irá auxiliar na limpeza e manutenção de tanques aquários.
Características:
Os cascudos, como o Cascudo Titanic, são peixes ornamentais de aquário, e "
https://www.kauar.com.br/peixes-de-agua-doce/cascudos-e-coridoras/coridora-meline-corydoras-meline,peixe_ou_camarao,Coridora Melini,Corydoras melini,,,,,,6 a 8,6.0,8.0,24°C - 30°C,24.0,30.0,,,,,,,,Tetras; Cascudos; Rásboras; Nano Cascudos; Peixes Comedores de Alga e muitos outros,https://images.tcdn.com.br/img/img_prod/749804/coridora_melini_3_a_4_cm_corydoras_melini_2461_1_1c57687f6381802dea986b32ff08b533.jpeg,,"CORIDORA MELINE (
Corydoras meline
)
A Coridora Sterbai não desaponta quando o assunto é popularidade. Está entre as coridoras mais conhecida e, também, entre as preferidas dos aquaristas que curtem peixes amazônicos. Seu corpo cheio de pintinhas, suas barbatanas cor de laranja e sua barriguinha branca tornam seu visual único. Como outras espécies de coridora, Coridora Sterbai é conhecida também por sua capacidade de respirar e rastejar fora d´água por distâncias curtas.
Isso ocorre porque as várias espécies de coridoras, e isto inclui a
Coridora Sterbai
, podem respirar ar de forma facultativ"
https://www.kauar.com.br/peixes-de-agua-doce/cascudos-e-coridoras/coridora-xinguensis-corydoras-xinguensis-2-a-3-cm,peixe_ou_camarao,Coridora Xinguensis,Corydoras xinguensis,,Callichthyidae,,,,"6.0 a 7,8",6.0,7.8,22ºC a 26ºC,22.0,26.0,,,"3,7",,,,,,https://images.tcdn.com.br/img/img_prod/749804/coridora_xinguensis_corydoras_xinguensis_2_a_3_cm_2469_1_a34703f4dcc125f6696966e36a665ab7.jpg,,"Coridora Xinguensis(Corydoras Xinguensis)
Nome popular: Coridora Xinguensis, Coridora Xingu
Espécie:
Corydoras Xinguensis
Família: Callichthyidae
Distribuição: Bacia do Rio Xingu, na América do Sul
pH: 6.0 a 7,8
Tamanho Adulto; 3,7
Dureza da água: Mole
Temperatura: 22ºC a 26ºC
Essa pequena Coridora da bacia do Rio Xingu chega no máximo aos 3,7 cm. Como todas as Coridoras, são muito pacíficas, peixes dóceis que convivem bem com outras espécies.
Aqui na Kauar você encontra várias espécies de peixes  que são ótimas companheiras de aquário para as
coridoras.
Na natureza, preferem nadar em cardumes"
https://www.kauar.com.br/peixes-de-agua-doce/cascudos-e-coridoras/corydora-orange-venezuela-2-a-3-cm-corydoras-aeneus,peixe_ou_camarao,Corydora Orange Venezuela,Corydoras aeneus,,,,,,6.0 a  7.6,6.0,7.6,4 a 7 c,4.0,7.0,,,,,,,,Tetras; Cascudos; Rásboras; Nano Cascudos; Peixes Comedores de Alga e muitos outros,https://images.tcdn.com.br/img/img_prod/749804/corydora_orange_venezuela_2_a_3_cm_lindaaa_2149_1_52262b84c6db6b2fdc2e246488a5f4ef.jpg,,"CORYDORA ORANGE VENEZUELA, UM PEIXE DE FUNDO PARA SEU AQUÁRIO
A Corydora Orange Venezuela está entre as coridoras mais lindas e inesquecíveis que existem. Suas marcações laranja, contrastando com seu corpo azulado, fazem dela um peixe que de fundo chama atenção como poucos. O nome, Corydora Orange Venezuela, tem inspiração, claro, em sua cor, e também pela região de origem, tendo sua ocorrência registrada desde os Andes, em países como Venezuela e Colômbia, e também na Bacia Amazônica até o sul do Rio Prata, entre as fronteiras do Uruguai e da Argentina.
Como outras espécies de coridora, Coryd"
https://www.kauar.com.br/peixes-de-agua-doce/cascudos-e-coridoras/peixe-cachimbo,peixe_ou_camarao,Peixe Cachimbo,Microphis lineatus,,,,,,7.2 a 8.,7.2,8.0,24ºC a 28ºC,24.0,28.0,,,,,,,,,https://images.tcdn.com.br/img/img_prod/749804/peixe_cachimbo_2227_1_46831a79019fe026b6244f7f4f3b81c7.jpg,,"PEIXE CACHIMBO, UM PEIXE DE ÁGUA DOCE PARA QUEM GOSTA DE TODAS AS SURPRESAS DA NATUREZA
O PEIXE CACHIMBO, ACREDITE SE QUISER, É UM PARENTE DO CAVALO MARINHO
, DA FAMÍLIA DOS SIGNATÍDEOS. É UM PEIXE  PACÍFICO, DE NADO LENTO E VISUAL SUPER EXÓTICO. POSSUI A BOCA, BEM PEQUENA, VIRADA PARA CIMA. O CORPO É LONGILÍNEO, COM UMA TAMBÉM PEQUENA NADADEIRA DORSAL. NÃO POSSUI NADADEIRA PÉLVICA E A SUA NADADEIRA CAUDAL TEM UMA FORMA DE LEQUE.
A REPRODUÇÃO OCORRE COMO NOS CAVALOS MARINHOS, AS FÊMEAS DEPOSITAM OS OVOS NO MACHO, QUE TEM UM ESPÉCIE DE BOLSA, ONDE OS OVOS SÃO FERTILIZADOS E INCUBADOS.
É UM PEIX"
https://www.kauar.com.br/peixes-de-agua-doce/cascudos-e-coridoras/sinodontis-petricola-gold-4-a-5-cm-synodontis-vaillanti,peixe_ou_camarao,Sinodontis Petricola Gold,Synodontis petricola,,,,,,8.8 a 9.3,8.8,9.3,24ºC a 26ºC,24.0,26.0,,,,,,,,,https://images.tcdn.com.br/img/img_prod/749804/sinodontis_petricola_gold_4_a_5_cm_synodontis_vaillanti_2359_1_eb4d87731cb55970461a60755ca5df7f.jpg,,"SYNODONTIS PETRICOLA, UM CATFISH QUE VAI TE ENCANTAR
O Synodontis Petricola
é um tipo de bagre, também chamado de peixe gato invertido por sua capacidade de nadar até de barriga para cima. Ele tem uma aparência inconfundível, com seu corpo coberto de pintinhas
﻿
pretas e seus três barbilhões. Possui crescimento lento e, na natureza, pode chegar até 10 cm, sendo comum 8cm.
O Synodontis  Petricola se dará bem em vários tipos de aquário comunitário, com peixes amazônicos, asiáticos e até mesmo de ciclídeos africanos (sim, os ciclídeos africanos não se incomodam). No seu aquário, vc vai ver esse p"
https://www.kauar.com.br/peixes-de-agua-doce/cascudos-e-coridoras/tamboata,peixe_ou_camarao,Tamboatá Anão Albino,Lepthoplosternum pectorale,,,,,,6 e 7,6.0,7.0,6 e 7.6,6.0,7.6,,,,,,,,,https://images.tcdn.com.br/img/img_prod/749804/tamboata_2383_1_e3d5b0a6fff383534c4adabc28a79e7d.jpg,,"Tamboatá Anão Albino, mais um catfish que vai te deixar maravilhado
O Tamboatá Anão Albino é uma espécie de catfish que chega, no máximo, a 8 cm, sendo muito mais comum, apenas 6 cm.  O Tamboatá Anão Albino é um peixe de fundo, com comportamento pacífico e hábitos noturnos. Os machos desenvolvem espinhos espessados na barbatana peitoral, por isso, e também pelos barbilhões, esses simpáticos ""bigodinhos"" que a espécie apresenta,  o substrato arenoso e macio será muito bom para garantir o conforto do seu Tamboatá Anão Albino. Apreciarão aquários plantados com zonas de luz e sombra, além de tronc"
https://www.kauar.com.br/peixes-de-agua-doce/coridora-hastatus,peixe_ou_camarao,Coridora Anã,Corydoras hastatus,,,,,,6.0,6.0,6.0,20°C,20.0,20.0,,,,,,,,,https://images.tcdn.com.br/img/img_prod/749804/coridora_ana_0_5_a_1_5_cm_corydoras_hastatus_2094_1_12d201861f2c0d6a40e1ffef64ff85e0.jpg,,"CORIDORA ANÃ (CORYDORA HASTATUS)
Todo mundo, em algum momento, já ouviu falar desse famoso peixinho, conhecido por ser uma das menores Coridoras do mundo.
A Coridora Anã (Coryodoras hastatus) pode chegar, no máximo, aos 2,4, cm. Ideal para o seu aquários nanos, plantados, de camarões ou biótopos amazônicos, também em comunitários, desde que seja mantida com peixes igualmente de pequenos e porte.
Por seu tamanho pequeno, e sua beleza, conquistou muitos aquaristas mundo afora, nativa da América do Sul, é encontrada no comercio de peixes ornamental do mundo todo. Nos parâmetros, o ideal para a Co"
https://www.kauar.com.br/peixes-de-agua-doce/coridora-julii,peixe_ou_camarao,Coridora Julii,Coridora Leopardo,,,,,,6.0 - 8.0,6.0,8.0,23°C - 26°C,23.0,26.0,,,,,,,,Tetras; Cascudos; Rásboras; Nano Cascudos; Peixes Comedores de Alga e muitos outros,https://images.tcdn.com.br/img/img_prod/749804/coridora_julii_3_a_4_cm_corydoras_juliis_2102_1_e2043a379e28fa693a7d6fdf0daf1636.jpg,,"CORIDORA JULII (CORYDORAS JULII)
A Coridora Julli está entre os peixes ornamentais de aquário mais famosos e procurados do mundo.  Como outras da sua espécie, a Coridora Julii é conhecida também por sua capacidade de respirar e rastejar fora d´água por distâncias curtas.
Isso ocorre porque as várias espécies de coridoras, e isto inclui a Coridora Julii podem respirar ar de forma facultativa por meio do intestino. O órgão é altamente vascularizado e evoluiu para facilitar a absorção de oxigênio atmosférico. Isso também facilita que a Coridora Julii possa sobreviver em águas de baixo nível de ox"
https://www.kauar.com.br/peixes-de-agua-doce/coridora-pigmeu,peixe_ou_camarao,Coridora Pigmeu,Corydoras pygmaeus,,,,,,6,6.0,6.0,22°C - 26°C,22.0,26.0,,,,,,,,Tetras; Cascudos; Rásboras; Nano Cascudos; Peixes Comedores de Alga e muitos outros,https://images.tcdn.com.br/img/img_prod/749804/coridora_ana_pigmeu_0_5_a_1_5_cm_menor_coridora_do_mundo_1989_2_7efe7701f9d52571c5e7acae6388d029.jpg,,"CORIDORA PIGMEU (CORYDORAS PYGMAEUS)
Quer saber um pouquinho mais sobre esse charmoso peixinho? Então vamos lá! A Coridora Pigmeu, o nome já diz tudo, é considerada a menor Coridora do mundo, menor até que a Coridora Hastatus, chegando no máximo aos 2,1 cm, sendo comum ficarem entre 1,5 a 2 cm de tamanho máximo, ideal para aquários nanos, plantados, de camarões ou biótopos amazônicos, ou em comunitários, desde que mantida com peixes igualmente pequenos e pacíficos. Ela é nativa do Rio Madeira.
Como outras da sua espécie, a Coridora Pigmeu é conhecida também por sua capacidade de respirar e ras"
https://www.kauar.com.br/peixes-de-agua-doce/coridora-serratus,peixe_ou_camarao,Coridora Serratus,Corydoras serratus,,,,,,6 a 8,6.0,8.0,22°C - 26°C,22.0,26.0,,,,,,,,Tetras; Cascudos; Rásboras; Nano Cascudos; Peixes Comedores de Alga e muitos outros,https://images.tcdn.com.br/img/img_prod/749804/coridora_serratus_5_a_6_cm_corydora_serratus_2100_1_7e1b1fc8169c30e629a6cc7bdcb93b1f.jpg,,"CORIDORA SERRATUS (CORYDORAS SERRATUS)
A Coridora Serratus também possui marcas clássicas pretas e laranjas, contrastando com o corpo bem claro. Como outras da sua espécie, a Coridora Serratus é conhecida também por sua capacidade de respirar e rastejar fora d´água por distâncias curtas.
Isso ocorre porque as várias espécies de coridoras, e isto inclui a Coridora Serratus, podem respirar ar de forma facultativa por meio do intestino. O órgão é altamente vascularizado e evoluiu para facilitar a absorção de oxigênio atmosférico. Isso também facilita que a Coridora Serratus possa sobreviver em ág"
https://www.kauar.com.br/peixes-de-agua-doce/coridora-verde,peixe_ou_camarao,Coridora Verde,Corydoras splendens,,,,,,5.8 a 8,5.8,8.0,20°C a 28°C,20.0,28.0,,,,,,,,Tetras; Cascudos; Rásboras; Nano Cascudos; Peixes Comedores de Alga e muitos outros,https://images.tcdn.com.br/img/img_prod/749804/coridora_verde_2_a_3_cm_corydoras_splendens_2098_1_1ffb7e45817a870fef30cbeb36288e39.jpg,,"CORIDORA VERDE (CORYDORAS SPLENDENS)
A Coridora Verde está entre os peixes ornamentais de aquário mais bonitos. Com sua cor inconfundível, a Coridora Verde também é conhecida também por sua capacidade de respirar e rastejar fora d´água por distâncias curtas.
Isso ocorre porque as várias espécies de coridoras, e isto inclui a Coridora Verde, podem respirar ar de forma facultativa por meio do intestino. O órgão é altamente vascularizado e evoluiu para facilitar a absorção de oxigênio atmosférico. Isso também facilita que a Coridora Verde possa sobreviver em águas de baixo nível de oxigênio quand"
https://www.kauar.com.br/peixes-de-agua-doce/guppys-especiais/comedor-de-alga-brasileiro-apareiodon-machrisi,peixe_ou_camarao,Comedor de Algas Brasileiro,Apareiodon machrisi,,,,,,"6,5 a 7,5",6.5,7.5,15 a 20,15.0,20.0,,,,,,,,,https://images.tcdn.com.br/img/img_prod/749804/comedor_de_alga_brasileiro_3cm_a_4cm_apareiodon_machrisi_2317_1_52869cbfce23109d4240803a02f2fad7.jpg,,"COMEDOR DE ALGA BRASILEIRO, APAREIDON MACHRISI, UM PEIXE FANTÁSTICO PARA SUA FAUNA
Este peixinho pode chegar no máximo a 7.4 cm e é algueiro como ele só. Faz parte de uma grande família, com mais de 32 espécies distribuídas na América do Sul e Panamá, sendo o Apareidon
machrisi
encontrado, especificamente, na bacia do Tocantins-Araguaia. Esta espécie foi identificada pela primeira vez em 1957. É um peixe de fundo a meio do aquário, habituado a área de fortes correntezas. Suas nadadeiras peitorais os mantém próximos ao substrato, onde se alimentam de vários microrganismos, entre eles, a alga pe"
https://www.kauar.com.br/peixes-de-agua-doce/guppys-especiais/guppy-endler-blue-star-2cm-a-4-cm-selecao-especial-kauar,peixe_ou_camarao,Guppy Endler Blue Star,,,,,,,"7,0 a 7,2",7.0,7.2,25ºC e 30ºC,25.0,30.0,,,,,,,,,https://images.tcdn.com.br/img/img_prod/749804/guppy_endler_blue_star_1_a_3_cm_selecao_especial_kauar_2399_1_a90326e4e6d61d59b9e0c5db4ca671a7.jpg,,"GUPPY ENDLER BLUE STAR, UM PEIXE LINDO PARA SEU AQUÁRIO DE ÁGUA DOCE
O Guppy Endler Blue Star é um peixe ornamental de de água-doce, pacífico, ideal para aquários comunitários. Suas cores geram contrastes incríveis, seu nado ágil e seu temperamento ativo transformam o aquário em um verdadeiro show de cores e movimento. Com uma turminha de Guppy Endler Cobra todos os dias tem festa em casa!
São peixes que encantam as crianças e também adultos! O Guppy é o peixe escolhido por muitos aquaristas experientes que levam o hobby bem a sério. Existem diversos campeonatos nacionais e mundiais que avalia"
https://www.kauar.com.br/peixes-de-agua-doce/guppys-especiais/guppy-endler-cobra-2cm-a-4-cm-selecao-especial-kauar,peixe_ou_camarao,Guppy  Endler Cobra,,,,,,,"7,0 a 7,2",7.0,7.2,25ºC e 30ºC,25.0,30.0,,,,,,,,,https://images.tcdn.com.br/img/img_prod/749804/guppy_endler_cobra_2cm_a_4_cm_selecao_especial_kauar_2395_1_696eb1fa7d6fbb0f9790baa6bd02ed57.jpg,,"GUPPY ENDLER COBRA, UM PEIXE LINDO PARA SEU AQUÁRIO DE ÁGUA DOCE
O Guppy Endler é um peixe ornamental de de água-doce, pacífico, ideal para aquários comunitários. Suas cores geram contrastes incríveis, seu nado ágil e seu temperamento ativo transformam o aquário em um verdadeiro show de cores e movimento. Com uma turminha de Guppy Endler Cobra todos os dias tem festa em casa!
São peixes que encantam as crianças e também adultos! O Guppy é o peixe escolhido por muitos aquaristas experientes que levam o hobby bem a sério. Existem diversos campeonatos nacionais e mundiais que avaliam os peixes ma"
https://www.kauar.com.br/peixes-de-agua-doce/guppys-especiais/guppy-endler-el-tigre-2cm-a-4-cm-selecao-especial-kauar,peixe_ou_camarao,Guppy  Endler El Tigre,,,,,,,"7,0 a 7,2",7.0,7.2,25ºC e 30ºC,25.0,30.0,,,,,,,,,https://images.tcdn.com.br/img/img_prod/749804/guppy_endler_el_tigre_2cm_a_4_cm_selecao_especial_kauar_2397_1_fd268ccbf390eaf2e7527b553e933687.jpg,,"GUPPY ENDLER EL TIGRE, UM PEIXE LINDO PARA SEU AQUÁRIO DE ÁGUA DOCE
O Guppy Endler El Tigre é um peixe ornamental de de água-doce, pacífico, ideal para aquários comunitários. Suas cores geram contrastes incríveis, seu nado ágil e seu temperamento ativo transformam o aquário em um verdadeiro show de cores e movimento. Com uma turminha de Guppy Endler Cobra todos os dias tem festa em casa!
São peixes que encantam as crianças e também adultos! O Guppy é o peixe escolhido por muitos aquaristas experientes que levam o hobby bem a sério. Existem diversos campeonatos nacionais e mundiais que avaliam "
https://www.kauar.com.br/peixes-de-agua-doce/guppys-especiais/guppy-endler-magenta-1-5-cm-a-3-cm-selecao-especial-kauar,peixe_ou_camarao,Guppy  Endler Magenta,,,,,,,"7,0 a 7,2",7.0,7.2,25ºC e 30ºC,25.0,30.0,,,,,,,,,https://images.tcdn.com.br/img/img_prod/749804/guppy_endler_magenta_1_5_cm_a_3_cm_selecao_especial_kauar_2401_1_8cb8b5465baae4b267681187295b3a5c.jpg,,"GUPPY ENDLER MAGENTA, UM PEIXE LINDO PARA SEU AQUÁRIO DE ÁGUA DOCE
O Guppy Endler Magenta é um peixe ornamental de de água-doce, pacífico, ideal para aquários comunitários. Suas cores geram contrastes incríveis, seu nado ágil e seu temperamento ativo transformam o aquário em um verdadeiro show de cores e movimento. Com uma turminha de Guppy Endler Magenta todos os dias tem festa em casa!
São peixes que encantam as crianças e também adultos! O Guppy é o peixe escolhido por muitos aquaristas experientes que levam o hobby bem a sério. Existem diversos campeonatos nacionais e mundiais que avaliam "
https://www.kauar.com.br/peixes-de-agua-doce/guppys-especiais/guppy-endler-rainbow-black-bar-casal-1cm-a-2cm-selecao-especial-kauar,peixe_ou_camarao,Guppy Endler Rainbow Black Bar,,,,,,,"7,0 a 7,2",7.0,7.2,25ºC e 30ºC,25.0,30.0,,,,,,,,,https://images.tcdn.com.br/img/img_prod/749804/guppy_endler_rainbow_black_bar_casal_1cm_a_2cm_selecao_especial_kauar_2161_1_6986c91be1a4e67c6dad130026a91ac9.jpg,,"GUPPY ENDLER RAINBOW BLACK BAR, UM PEIXE LINDO PARA SEU AQUÁRIO DE ÁGUA DOCE
O Guppy
é um peixe ornamental de aquário de água-doce, pacífico, ideal para aquários comunitários, suas cores geram contrastes incríveis para aquários plantados e a sua personalidade é perfeita para as crianças, pois se movimenta por todo o aquário, as crianças adoram vê-los se alimentando. Isso não quer dizer que seja somente para crianças, o Guppy é muito escolhido entre aquaristas experientes que levam o hobby bem a sério, existem diversos campeonatos ao longo do mundo no qual aquaristas experientes disputam o títu"
https://www.kauar.com.br/peixes-de-agua-doce/guppys-platis-mollys-e-espadas/espada-kohaku-albina-2-xiphophorus-helleri-poecilideos,peixe_ou_camarao,Espada Kohaku Albina Super Color,Xiphophorus helleri,,,,,,"7 a 7,4",7.0,7.4,22 e 26ºC,22.0,26.0,,,,,,,,,https://images.tcdn.com.br/img/img_prod/749804/espada_kohaku_albina_xiphophorus_helleri_poecilideos_1971_1_326065c4b4376eca8e998b6c7ee2171a.jpg,,"ESPADA KOHAKU ALBINA: UM PEIXE REALMENTE LINDO PARA SEU LAGO OU AQUÁRIO
A Espada Kohaku Albina é um peixe super popular! Praticamente todo mundo conhece este peixinho lindo de fácil manutenção e criação. Ela é super indicada para lagos também, porque oferece uma linda visão de cima, lembrando mini carpas.
COABITAÇÃO COM OUTRAS ESPÉCIES E AMBIENTAÇÃO DO AQUÁRIO
Esta é uma espécie de cardumes pequenos, geralmente pacíficos, porém, os machos podem ser agressivos entre si, principalmente em época de reprodução.
PARÂMETROS DA ÁGUA
Mantenha a temperatura ente 22 e 26ºC e o pH em torno de 7 a 7,4.
NU"
https://www.kauar.com.br/peixes-de-agua-doce/guppys-platis-mollys-e-espadas/guppy-black-metal-casal-poecilideos,peixe_ou_camarao,Guppy Black Metal,Poecilia Reticulata,,,,,,"7,0 a 7,2",7.0,7.2,25ºC e 30ºC,25.0,30.0,,,,,,,,,https://images.tcdn.com.br/img/img_prod/749804/guppy_black_metal_casal_2_a_4_cm_selecao_especial_kaua_2045_1_f60afee4fff3efc9a6158d1d64477a8d.jpg,,"GUPPY BLACK METAL, UM PEIXE LINDO PARA SEU AQUÁRIO DE ÁGUA DOCE
O Guppy Black Metal é um peixe ornamental de de água-doce, pacífico, ideal para aquários comunitários. Suas cores geram contrastes incríveis, seu nado ágil e seu temperamento ativo transformam o aquário em um verdadeiro show de cores e movimento.
São peixes que encantam as crianças e também adultos! O Guppy é o peixe escolhido por muitos aquaristas experientes que levam o hobby bem a sério. Existem diversos campeonatos nacionais e mundiais que avaliam os peixes mais representativos dos padrões da espécie nas suas diversas variedad"
https://www.kauar.com.br/peixes-de-agua-doce/guppys-platis-mollys-e-espadas/guppy-red-dragon-casal-poecilideos,peixe_ou_camarao,Guppy Red Mosaico casal,,,,,,,"7,0 a 7,2",7.0,7.2,25ºC e 30ºC,25.0,30.0,,,,,,,,,https://images.tcdn.com.br/img/img_prod/749804/guppy_red_mosaico_casal_poecilideos_2088_1_492c803abfb708a53efa27b984b64b37.jpg,,"GUPPY RED MOSAICO, UM PEIXE LINDO PARA SEU AQUÁRIO DE ÁGUA DOCE
O Guppy Red Mosaico é um peixe ornamental de de água-doce, pacífico, ideal para aquários comunitários. Suas cores geram contrastes incríveis, seu nado ágil e seu temperamento ativo transformam o aquário em um verdadeiro show de cores e movimento.
São peixes que encantam as crianças e também adultos! O Guppy é o peixe escolhido por muitos aquaristas experientes que levam o hobby bem a sério. Existem diversos campeonatos nacionais e mundiais que avaliam os peixes mais representativos dos padrões da espécie nas suas diversas variedad"
https://www.kauar.com.br/peixes-de-agua-doce/guppys-platis-mollys-e-espadas/plati-sunset-poecilideos,peixe_ou_camarao,Plati Sunset,Xiphophorus maculatus,,,,,,"7,0 a 7,5",7.0,7.5,24ºC e 27ºC,24.0,27.0,,,,,,,,,https://images.tcdn.com.br/img/img_prod/749804/plati_sunset_seta_xiphophorus_maculatus_poecilideos_2001_1_7a74075a2d37eb59a0b9f5e7be113db1.jpg,,"QUE TAL O PLATI SUNSET SETA PARA DEIXAR SEU AQUÁRIO MAIS LINDO?
Os Platis são peixes alegres e nem um pouco tímidos. São inúmeras as variedades de cores e de formatos de nadadeiras dos platis.  É um dos peixes mais populares entre os aquaristas. O nome popular foi dado devido à sua classificação inicial, que era Platypoecilus maculatus, em grego, plati é chato, que se relaciona com seu corpo levemente alto e fino.
Quer saber mais sobre o Plati Sunset Seta e os cuidados veterinários da Kauar? E como funciona a entrega até a sua casa? Aprender tudo sobre aclimatação de um novo peixe ornamental e"
https://www.kauar.com.br/peixes-de-agua-doce/killifish-killifish-balzanii-trigonectes-balzanii,peixe_ou_camarao,Killifish Balzanii Casal,Trigonectes balzanii,,,,,,6.8 a 7.4,6.8,7.4,22ºC a 28ºC,22.0,28.0,,,,,,,,,https://images.tcdn.com.br/img/img_prod/749804/seachem_amguard_condicionador_de_gua_1_20260605111633_43dbe9ebe5dd.jpg,,"APRESENTAMOS O KILLIFISH BALZANII, TRIGONECTES BALZANII, UM RARO KILLI ANUAL NATIVO DE AREAS ALAGADAS DO PANTANAL E RIO PARAGUAI. SUAS CORRES VIBRANTES, ROBUSTES E RESISTENCIA IMPRESSINAM ATÉ OS AQUARISTAS MAIS EXPERIENTES
De porte pequeno e comportamento pacifico o Killifish Balzanii é um daqueles peixes que raramente encontramos a venda nos mercados brasileiros, apenas o vemos em sites e revistas sobre a biodiversidade do Pantanal. Um peixe que combina beleza, elegância e raridade, ele possui cores super chamativas, que o tornam um pequeno arco-íris nadando pelo aquário. As cores vão do verd"
https://www.kauar.com.br/peixes-de-agua-doce/killifish/aphyosemion-australe-chocolate-aphyosemion-australe,peixe_ou_camarao,Killifish Cauda de Lira Chocolate,Aphyosemion australe,,,,,,,,,21°C a 28°C,21.0,28.0,,,,,,,,,https://images.tcdn.com.br/img/img_prod/749804/aphyosemion_australe_chocolate_aphyosemion_australe_2269_1_5d7d0b00cafcd812d0d0181221dabbac.jpg,,"VEM CONHECER O KILLIFISH CAUDA DE LIRA CHOCOLATE (APHYOSEMION AUSTRALE)
Se você é apaixonado por Killifish e está procurando por uma nova variedade para seu aquário, dá uma olhada no Killifish Cauda de Lira Chocolate. Com nuances vermelhas e douradas sobre corpo marrom, esse Killifish é imponente e vai te maravilhar. Na natureza é encontrados nos países Angola, Gabão, Camarões e Congo, em águas lentas de riachos do Rio Ogooué. Quer saber mais? Continue com a gente!
PARÂMETROS DA ÁGUA
Ele é um peixe que viverá bem em u PH levemente ácido a neutro, entre 6 e 7. Se adapta bem a uma ampla faixa de"
https://www.kauar.com.br/peixes-de-agua-doce/killifish/killifish-cauda-de-lira-orange-aphyosemion-australe,peixe_ou_camarao,Killifish Cauda de Lira Orange,Aphyosemion australe,,,,,,"6,5 a 7,5",6.5,7.5,21°C a 28°C,21.0,28.0,,,,,,,,,https://images.tcdn.com.br/img/img_prod/749804/killifish_cauda_de_lira_orange_3_a_4_cm_aphyosemion_australe_2271_1_f21bd9763c1a3157318205104516efb6.png,,"VEM CONHECER O KILLIFISH CAUDA DE LIRA ORGANGE (APHYOSEMION AUSTRALE)
Se você é apaixonado por Killifish e está procurando por uma nova variedade para seu aquário, dá uma olhada no
Killifish Cauda de Lira Orange
. Com nuances vermelhas e douradas sobre corpo marrom, esse Killifish é imponente e vai te maravilhar. Na natureza é encontrados nos países Angola, Gabão, Camarões e Congo, em águas lentas de riachos do Rio Ogooué. Quer saber mais? Continue com a gente!
PARÂMETROS DA ÁGUA
Ele é um peixe que viverá bem em u PH levemente ácido a neutro, entre 6 e 7. Se adapta bem a uma ampla faixa de tem"
https://www.kauar.com.br/peixes-de-agua-doce/killifish/redchin-panchax-killifish-queixo-vermelho-epiplatys-dageti,peixe_ou_camarao,Killifish Redchin Panchax,Epiplatys dageti,,,,,,5 e 7.,5.0,7.0,20°C a 30°C,20.0,30.0,,,,,,,,,https://images.tcdn.com.br/img/img_prod/749804/redchin_panchax_killifish_queixo_vermelho_epiplatys_dageti_2273_1_215c605a87934b744e68459de369d9f4.jpg,,"VEM CONHECER O KILLIFISH REDCHIN PANCHAX (EPIPLATYS DAGETI)
Se você é apaixonado por Killifish e está procurando por uma nova variedade para seu aquário, dá uma olhada no
Killifish
Redchin Panchax
. Essa carinha amarrada é só pose. Esse Killifish, além de lindo, é muito pacífico. Natural das regiões de Costa do Marfim, Gana e Libéria, o
Killifish
Redchin Panchax habita água-doce pantanosa, mas também é encontrado, em menor proporção, em regiões de água salobra. Quer saber mais? Continue com a gente!
PARÂMETROS DA ÁGUA
Ele é um peixe que viverá bem em um PH ácido a neutro, entre 5 e 7.  A tempe"
https://www.kauar.com.br/peixes-de-agua-doce/kit-jumbo,peixe_ou_camarao,Kit Jumbo,,,,,,,,,,15 a 20,15.0,20.0,,,,,,,,,https://images.tcdn.com.br/img/img_prod/749804/kit_jumbo_2305_1_050f94c65271d27948180a8a9549fd1b.jpg,,"KIT JUMBO
2 unidades de Suncatfish / Tamanho: 3 cm a 5 cm
1
unidade de Polypterus endlicheri / Tamanho: de 5 cm a 7 cm
DA KAUAR ATÉ A SUA CASA COM TODA A SEGURANÇA
Quando você compra um peixe ornamental, você está comprando um ser vivo. Para que ele possa chegar com saúde até você, a Kauar segue protocolos bem rígidos que garantem a sobrevivência dos animais ao  longo de todo o trânsito.
Todos os itens de nossa embalagem foram cuidadosamente escolhidos para garantir total segurança. Água e oxigênio são fornecidos na medida certa, caixa de isopor térmica sem taxa adicional e clip de vedação pre"
https://www.kauar.com.br/peixes-de-agua-doce/peixes-asiaticos/badis-badis-e-3-cm-a-4-cm-parosphromenus-deissneri-um-gourami-nano-para-voce,peixe_ou_camarao,Badis Azul,Badis badis,,,,,,"6,5 a 7,5",6.5,7.5,18°C e 26°C,18.0,26.0,,,,,,,,,https://images.tcdn.com.br/img/img_prod/749804/badis_badis_3_cm_a_4_cm_badis_badis_um_peixe_cheio_de_surpresas_2263_1_b55e9ce9997c01ec0c11c9a470e7ea73.jpg,,"BADIS AZUL (BADIS BADIS), CONHEÇA O FAMOSO PEIXE CAMALEÃO
O Babis Azul (Badis badis) é um peixe muito famoso por sua capacidade de mudar de cor rapidamente, sendo, por isso, conhecido em todo mundo como peixe camaleão. Em fase de reprodução, os machos ficam com várias nuances de azuis cintilantes. Fora deste período, eles são marrons-avermelhados, com barras pretas.
Eles podem chegar no máximo a 5 cm e possui um temperamento muito pacífico. Quer saber mais? Continue com a gente!
PARÂMETROS DA ÁGUA
Badis Azul (Badis badis) são super adaptáveis à temperatura da água, que pode se situar entre os "
https://www.kauar.com.br/peixes-de-agua-doce/peixes-asiaticos/badis-escarlate-dario-dario-um-peixe-nano-super-colorido,peixe_ou_camarao,Badis Escarlate,Dario dario,,,,,,"6,5 a 7,5",6.5,7.5,18°C e 26°C,18.0,26.0,,,,,,,,"Cobrinha Kuhli
e outros",https://images.tcdn.com.br/img/img_prod/749804/badis_escarlate_dario_dario_um_peixe_nano_super_colorido_2287_1_253521cbd4339478e4a48a8a6ff154d7.jpg,,"BADIS ESCARLATE (DARIO DARIO), UM PEIXE DIFERENTE DE TUDO QUE VOCÊ JÁ VIU!
O Badis Escarlate é um peixe nano, que pode chegar no máximo a 2 cm, super famoso por sua cor intensa. Ele pode viver com outros machos da mesma espécie, desde que o aquário tenha espaço suficiente para que cada um demarque um pedacinho do território para chamar de seu. São pacíficos com as fêmeas da mesma espécie e com peixes de outras espécies, sendo ideal para aquários comunitários e nanos.
😄
O Badis Escarlate é natural da Índia e costuma viver em águas rasas e limpas, com muito vegetação. Plantas como
Hygrophilia, L"
https://www.kauar.com.br/peixes-de-agua-doce/peixes-asiaticos/baiacu-anao-baiacu-malabar-carinotetraodon-travancoricus,peixe_ou_camarao,Baiacu Anão,Mini Baiacu,,,,,,7.0 a 8.0,7.0,8.0,22ºC e 28ºC,22.0,28.0,,,,,,,,,https://images.tcdn.com.br/img/img_prod/749804/baiacu_anao_baiacu_malabar_0_5_a_1_5_cm_carinotetraodon_travancoricus_1991_1_634ce494d478747a66b01d93018dd841.jpg,,"BAIACU ANÃO, O MENOR BAIACU DO MUNDO ESTÁ AQUI
Se você gosta de peixes pequenos já deve ter ouvido falar nesse carinha, o Baiacu Anão, ou Baiacu Malabar. Nativo do Sudoeste da Índia, ele atinge o
tamanho máximo de 2,5 cm
, por isso, é considerado o menor baiacu do mundo, e um dos menores peixes para aquários de água-doce que existem.
Possui um corpo arredondado, como é comum nos Tetrasdontídeos, com coloração verde amarelado, manchas pretas arredondadas e barbatanas transparente. Possui a boca característica dos baiacus, em formato de bico, formada pela junção de dois dentes em cada mandíbula."
https://www.kauar.com.br/peixes-de-agua-doce/peixes-asiaticos/clown-killifish-2-5-a-3-5-cm-epiplatys-annulatus-novidade,peixe_ou_camarao,Clown Killifish Casal,Epiplatys annulatus,,,,,,"6,5 a 7,5",6.5,7.5,19°C a 26°C,19.0,26.0,,,,,,,,,https://images.tcdn.com.br/img/img_prod/749804/clown_killifish_2_5_a_3_5_cm_epiplatys_annulatus_novidade_2261_1_ec7094ba6974965c89cf763340e161f7.jpg,,"VEM CONHECER O CLOWN KILLIFISH, UM KILI NANO QUE VAI FAZER VOCÊ SE APAIXONAR!
Se você está procurando por um peixinho super colorido, ativo e surpreendente, você chegou ao lugar certo! Saudações ao Clown Killifish, também conhecido como Killifish Foguete. Os nomes são inspirados nas faixas verticais de seu corpo, que alteram as cores amarela e marrom escuro. O visual intensamente colorido se completa com a cauda em forma de chama dos machos! É ou não é um show? Ele podem chegar até 3,5cm e convivem bem em aquários comunitários com outros peixes pequenos.  Que saber mais? Continue com a gente!
"
https://www.kauar.com.br/peixes-de-agua-doce/peixes-asiaticos/cobrinha-kuhli-gold-6-a-7-cm,peixe_ou_camarao,Cobrinha Kuhli  Gold,,,,,,,,,,24 à 30ºC,24.0,30.0,,,,,,,,Cobrinhas,https://images.tcdn.com.br/img/img_prod/749804/cobrinha_kuhli_gold_6_a_7_cm_2415_1_570ff5efd62bf03edee9a833bbd33ebe.jpg,,"COBRINHA KUHLI GOLD: UM PEIXE LINDO PARA O FUNDO DO SEU AQUÁRIO
A Cobrinha Kuhli Gold é encontrada no sudeste da Ásia.  É
um peixe muito tranquilo, adora ficar no fundo do aquário, escavar na areia e explorar possíveis esconderijos. De coloração dourada, o corpo desse peixe ornamental é semelhante ao de uma enguia, daí o motivo de seu nome popular.
COMPORTAMENTO E COABITAÇÃO COM OUTRAS ESPÉCIES
Pacífica, a Cobrinha Kuhli Gold costuma passar várias semanas sem ser vista, uma vez que possui hábito noturno e passa a maior parte de seu tempo enterrada no substrato, aparecendo apenas para se alimen"
https://www.kauar.com.br/peixes-de-agua-doce/peixes-asiaticos/goby-neon-blue-stiphodon-atropurpureus-2-a-3-cm-sensacional,peixe_ou_camarao,Goby Blue Neon,Stiphodon Atropurpureus,,,,,,"6,5 a 7,5",6.5,7.5,18ºC e 24 ºC,18.0,24.0,,,,,,,,,https://images.tcdn.com.br/img/img_prod/749804/goby_blue_neon_stiphodon_atropurpureus_2_a_3_cm_sensacional_2303_1_87d3d1d9fcf93d8e3c5fcb2e8887be4a.jpg,,"GOBY BLUE NEON, UM PEIXE FANTÁSTICO PARA SEU AQUÁRIO DE ÁGUA DOCE
O Goby Neon Blue está entre as 37 espécies existente do gênero Stiphodon, que podem crescer até 7 cm, sendo, contudo, mais comum que permaneçam bem menores. É um peixinho asiático, encontrado na natureza em riachos costeiros de ilhas de países como Japão, Taiwan, Malásia, Filipinas e sul da China.
E a razão para preferirem águas costeiras é bem simples.
Embora o Stiphodon adulto viva exclusivamente em água doce pura, as larvas só podem se desenvolver no mar. O Goby Neon Blue desova sob as pedras, o macho guarda os ovos. As minús"
https://www.kauar.com.br/peixes-de-agua-doce/peixes-asiaticos/goby-pavao-2-a-3-cm-brachygobius-doriae,peixe_ou_camarao,Goby Pavão,Peacock Goby,,,,,,"6,0 a 7,0",6.0,7.0,22ºC e 26 ºC,22.0,26.0,,,,,,,,,https://images.tcdn.com.br/img/img_prod/749804/goby_pavao_peacock_goby_2_a_3_cm_tateurndina_ocellicauda_2119_1_f405b8e5c2af44e9e6e629faa170a7ad.jpeg,,"Goby Pavão, Peacock Goby
|
Tateurndina ocellicauda
Goby Pavão, também conhecido como Goby Peacock, é um peixe muito bonito e bastante colorido, um parente distante do
Peixe Abelhinha
, pois, a pesar do nome, o Goby Pavão não é de fato um Gobiidae, pertence a família dos Eleotridae,
já que, diferentes desses, o Goby pavão não possui a tão característica barbatanas pélvicas, além de possuir um comportamento mais tranquilo. Viverá muito bem em aquário água doce, ou levemente salobra. Quando adulto pode de atingir até 7,5 cm.
Quer saber mais sobre o Goby Pavão e os cuidados veterinários da Kauar? "
https://www.kauar.com.br/peixes-de-agua-doce/peixes-asiaticos/gourami-chocolate-4-cm-a-6-cm-sphaerichthys-osphromenoides,peixe_ou_camarao,Gourami Chocolate,Sphaerichthys osphromenoides,,,,,,"6,0 a 7,4",6.0,7.4,23ºC e 26ºC,23.0,26.0,,,,,,,,,https://images.tcdn.com.br/img/img_prod/749804/gourami_chocolate_4_cm_a_6_cm_sphaerichthys_osphromenoides_2153_1_8e2f58cceec9050e8f1f9b1379aa96bc.jpg,,"GOURAMI CHOCOLATE, UM PEIXE COM VISUAL ÚNICO PARA SEU AQUÁRIO
O Gourami Chocolate (
Sphaerichthys osphromenoides
),
é de origem asiática, sendo encontrado com em grande parte da Malásia, Sumatra e Bornéo. Atinge cerca de 6cm quando adulto, sendo um peixe pacífico de PH ácido. Tanto que sua ocorrência se dá principalmente em regiões de águas negras, ricas em taninos.
O Gourami Chocolate é um peixe muito bonito e diferente. Suas marcações são únicas, formando diferentes padrões bastante característicos dessa espécie. Outra característica deste peixinho é a sua capacidade de respirar oxigênio atm"
https://www.kauar.com.br/peixes-de-agua-doce/peixes-asiaticos/gourami-croaking-3-cm-a-4-cm-trichopsis-vittata,peixe_ou_camarao,Gourami Croaking,Trichopsis vittata,,,,,,"6,5 a 7,5",6.5,7.5,24°C a 28°C,24.0,28.0,,,,,,,,,https://images.tcdn.com.br/img/img_prod/749804/gourami_croaking_3_a_4_cm_trichopsis_vittata_2451_1_e4723a54ff14123f9121d0606226a79b.jpeg,,"QUE TAL CONHECER UM POQUINHO MAIS O GOURAMI CROAKING, UM PEIXE LINDO PARA SEU AQUÁRIO DE ÁGUA-DOCE
Esse peixinho lindo, que pode chegar no máximo a 4 cm, é nativo de países asiáticos como Sumatra, Bornéu e Java, onde pode ser encontrado em pequenos riachos, pântanos e regiões alagadas. Essas águas são geralmente ricas em tanino, por isso, o Gourami Croaking é um peixe que vai viver extremamente bem em águas mais ácidas, exibindo gosto por uma ambiência muito próxima à de peixes naturais do Rio Negro, no Brasil, por exemplo, mas também vive bem em um PH mais neutro.
Uma das características mais"
https://www.kauar.com.br/peixes-de-agua-doce/peixes-asiaticos/gourami-leopardo-4-cm-a-6-cm-ctenopoma-acutirostre,peixe_ou_camarao,Gourami Leopardo,Ctenopoma acutirostre,,,,,,6.0 e 7.5,6.0,7.5,20° a 25°,20.0,25.0,,,,,,,,,https://images.tcdn.com.br/img/img_prod/749804/gourami_leopardo_4_cm_a_6_cm_ctenopoma_acutirostre_2047_1_e41be4056f1bd7604963dd832e772ede.jpg,,"Gourami Leopardo,
Ctenopoma acutirostre, um peixe super diferente para seu aquário ou lago
O Gourami Leopardo (
Ctenopoma acutirostre
), também conhecido como peixe folha africano, por causa do formato do seu corpo, é versátil e está entre aqueles que podem fazer parte da sua fauna de peixes para aquário ou de peixes para lagos.  Peixe
de água doce
muito querido no aquarismo brasileiro e mundial, possui parentesco com o famosos peixe Betta, pertencente à família dos Anabantídeos.
Natural da Bacia do Rio Congo, o Gourami Leopardo pode alcançar até 15 cm, devendo ser mantido com outros peixes de"
https://www.kauar.com.br/peixes-de-agua-doce/peixes-asiaticos/gourami-licorice-3-cm-a-4-cm-parosphromenus-deissneri,peixe_ou_camarao,Gourami Licorice,Parosphromenus deissneri,,,,,,"6,5 a 7,5",6.5,7.5,24°C a 28°C,24.0,28.0,,,,,,,,,https://images.tcdn.com.br/img/img_prod/749804/gourami_licorice_3_cm_a_4_cm_parosphromenus_deissneri_um_gourami_nano_para_voce_2253_1_4ca736b138056af9618d0221b5fdbb2a.jpg,,"VEM CONHECER O GOURAMI LICORICE, UM PEIXE LINDO PARA SEU AQUÁRIO DE ÁGUA-DOCE
Esse peixinho lindo, que pode chegar no máximo a 4 cm, é nativo de países asiáticos como Sumatra, Malásia e Tailândia, onde pode ser encontrado em pequenos riachos, pântanos e regiões alagadas. Essas águas são geralmente ricas em tanino, por isso, o Gourami Licorice é um peixe que vai viver extremamente bem em águas mais ácidas, exibindo gosto por uma ambiência muito próxima à de peixes naturais do Rio Negro, no Brasil, por exemplo.
Uma das características mais marcantes do Gourami Licorice é o seu tamanho. Com um co"
https://www.kauar.com.br/peixes-de-agua-doce/peixes-asiaticos/gourami-samurai-3-cm-a-4-cm,peixe_ou_camarao,Gourami Samurai,Sphaerichthys vaillanti,,,,,,"6,5 a 7,5",6.5,7.5,22°C a 28°C,22.0,28.0,,,,,,,,,https://images.tcdn.com.br/img/img_prod/749804/gourami_samurai_3_cm_a_4_cm_sphaerichthys_vaillanti_2347_1_1ffa986cb0395c5f6eef0f3d072f9b68.jpg,,"VEM CONHECER O GOURAMI SAMURAI, UM PEIXE LINDO E EXÓTICO PARA SEU AQUÁRIO DE ÁGUA-DOCE
Esse peixinho lindo, que pode chegar no máximo a 5 cm, sendo mais comum 4 cm,  é nativo da Indonésia. Eles são peixes tímidos e pacíficos, que curtem aquários plantados, com raízes submersas, proporcionando sombras e zonas de refúgio.
O Gourami Samurai é capaz de respirar oxigênio da atmosfera por meio de um orgão conhecido como labirinto. Esse peixe a
presenta lindas marcações que rajadas, e um corpo cheio de cores, com nuances pretas, vermelhas, azuis, cinzas e brancas.
PARÂMETROS DA ÁGUA
Ele é um peixe qu"
https://www.kauar.com.br/peixes-de-agua-doce/peixes-asiaticos/labeo-frenatus-fuul-silver-2-a-3-cm-epalzeorhynchos-frenatus,peixe_ou_camarao,Labeo Frenatus Full Silver,Epalzeorhynchos frenatus,,,,,,"6,8 a 7,4",6.8,7.4,24ºC e 28ºC,24.0,28.0,,,,,,,,,https://images.tcdn.com.br/img/img_prod/749804/labeo_frenatus_full_silver_2_a_3_cm_epalzeorhynchos_frenatus_2137_1_05e66d7126af0f9087f2e47dd6f261bc.jpeg,,"Labeo Frenatus Fuul Silver
Peixes de Aquário
Origem:
Ásia
O Labeo Frenatus Full Silver é um peixe um pouco territorialista com outros de sua especie, mas bastante sociável com outras espécies. Raramente ataca os companheiros de aquário e é muito brincalhão. É um espécie muito veloz, com um visual muito bonito. Na versão Full Silver, possui corpo completamente acinzentado, inclusive nas nadadeiras.
Quer saber mais sobre o  Labeo Labeo Frenatus Full Silver  e os cuidados veterinários da Kauar? E como funciona a entrega até a sua casa? Aprender tudo sobre aclimatação de um novo peixe ornamental e"
https://www.kauar.com.br/peixes-de-agua-doce/peixes-asiaticos/melanotaenia-boesemani,peixe_ou_camarao,Melanotaenia Boesemani,Melanotaenia Boesemani,,,,,,"6,6 a 7,4",6.6,7.4,22 a 30,22.0,30.0,,,,,,,,,https://images.tcdn.com.br/img/img_prod/749804/melanotaenia_boesemani_2013_1_c31328b33ef75f3a045634ce97968213.jpg,,"Melanotaenia  Boesemani
Peixe ornamental
Peixe de aquário
Imagens Ilustrativas de um peixe adulto e aclimatado: @betta.solutions
Origem:
encontrado nas regiões da Ásia.
Características:
O Melanotaenia Boesemani é um peixe ornamental que se destaca pela sua coloração bastante, daí vem o motivo de seu nome. Apesar de seu tamanho reduzido, possui um corpo robusto que se destaca, uma característica normal das Boelsemani é que suas cores somente se intensificam após a maturidade sexual, sendo os machos parecidos com as fêmeas até que estejam em tamanho suficiente para competição reprodutiva.
Compor"
https://www.kauar.com.br/peixes-de-agua-doce/peixes-asiaticos/peixe-arco-iris-de-madagascar-bedotia-geavy-4-cm,peixe_ou_camarao,Bedotia geavy,,,,,,,7 a 8,7.0,8.0,20 a 26,20.0,26.0,,,,,,,,,https://images.tcdn.com.br/img/img_prod/749804/peixe_arco_iris_de_madagascar_bedotia_geavy_4_cm_super_novidade_2327_1_6bc3c85651e141607ecdd9282eb40241.jpg,,"QUE TAL A BEDOTIA GEAVY EM QUE TAL UM EM SEU AQUÁRIO?
Vem conhecer a Bedotia geavy, ou Peixe Arco-Íris de Madagascar! Na natureza, habita riachos de águas claras e lentas, com vegetação densa e bem sombreados, em altitudes de até 30 metros acima do nível do mar. Crescem, no máximo, até 8.6 cm.
Os peixes mais juvenis habitam água mais rasas e, os adultos, mais profundas. A Bedotia Geavy possui um nado maravilhoso, suas nadadeiras abrem e fecham como se estivem pulsando.
Preferem águas neutras a alcalinas, com pH de 7 a 8 e temperatura de 20 a 26
o
C. Os machos apresentam cores um pouco mais int"
https://www.kauar.com.br/peixes-de-agua-doce/peixes-asiaticos/peixe-gertrudes-1-a-2-cm-pseudomugil-gertrudae,peixe_ou_camarao,Pseudomugil GERTRUDE,Pseudomugil gertrudae,,,,,,"6,5 a 7,0",6.5,7.0,20ºC e 30ºC,20.0,30.0,,,,,,,,,https://images.tcdn.com.br/img/img_prod/749804/peixe_gertrudes_1_a_2_cm_pseudomugil_gertrudae_1981_1_3b610a4c6cbabe2e9080d53e7bbb8e84.jpg,,"O
Pseudomugil gertrudae
,
mais conhecido como Gertrudes, é um peixinho muito simpatico e calmo, não cresce muito
,
não passa dos 4 cm, é nativo da Papua Nova Guiné , norte da Austrália, e outras ilhas menores nas proximidade
s.
Por seu comportamento tranquilo, e a beleza de suas cores, ele é muito querido e apreciado no aquarismo mundo a fora.
Quer saber mais sobre o
Pseudomugil gertrudae
e os cuidados veterinários da Kauar? E como funciona a entrega até a sua casa? Aprender tudo sobre aclimatação de um novo peixe ornamental em seu aquário? Continue com a Kauar!
ORIGEM, COMPORTAMENTO
PSEUDOMUG"
https://www.kauar.com.br/peixes-de-agua-doce/peixes-asiaticos/pseudomugil-furcatus-2-a-3-cm-pseudomugil-furcatus,peixe_ou_camarao,Pseudomugil furcatus,Pseudomugil furcatus,,,,,,"6,5 a 7,0",6.5,7.0,20ºC e 30ºC,20.0,30.0,,,,,,,,,https://images.tcdn.com.br/img/img_prod/749804/pseudomugil_furcatus_2_a_3_cm_pseudomugil_furcatus_2387_1_5022b8b3eb66a66b39f0358e73e89e91.jpg,,"PSEUDOMUGIL FURCATUS, UM PEIXINHO LINDO PARA SEU AQUÁRIO
O Pseudomugil furcatos é um peixinho muito simpático e calmo, não cresce muito, não passa dos 4 cm, é nativo da Papua Nova Guiné , norte da Austrália, e outras ilhas menores nas proximidades. Por seu comportamento tranquilo, e a beleza de suas cores, ele é muito querido e apreciado no aquarismo mundo a fora.
PARÂMETROS DA ÁGUA
Mantenha a temperatura por volta de 20ºC e 30ºC e pH em torno de 6,5 a 7,0. Aqui na Kauar você também encontra condicionadores de água e tamponadores para seu aquário.
NUTRIÇÃO
Recomendamos que seja alimentado semp"
https://www.kauar.com.br/peixes-de-agua-doce/peixes-asiaticos/pseudomugil-signifer-2-a-3-cm-pseudomugil-signifer,peixe_ou_camarao,Pseudomugil  Signifer,Pseudomugil signifer,,,,,,"6,5 a 7,0",6.5,7.0,20ºC e 30ºC,20.0,30.0,,,,,,,,,https://images.tcdn.com.br/img/img_prod/749804/pseudomugil_signifer_2_a_3_cm_pseudomugil_signifer_2449_1_325cb84b5f39006f3319b56c5c6bf995.jpg,,"PSEUDOMUGIL SIGNIFE , UM PEIXINHO ANIMADO E COLORIDO PARA SEU AQUÁRIO
O Pseudomugil Signifer é um peixinho muito simpático e calmo, não cresce muito, não passa dos 4 cm, é nativo da Papua Nova Guiné , norte da Austrália, e outras ilhas menores nas proximidades. Por seu comportamento tranquilo, e a beleza de suas cores, ele é muito querido e apreciado no aquarismo mundo a fora.
PARÂMETROS DA ÁGUA
Mantenha a temperatura por volta de 20ºC e 30ºC e pH em torno de 6,5 a 7,0. Aqui na Kauar você também encontra condicionadores de água e tamponadores para seu aquário.
NUTRIÇÃO
Recomendamos que seja al"
https://www.kauar.com.br/peixes-de-agua-doce/peixes-comedores-de-algas/compra-de-cardume-compre-10-e-leve-11-limpa-vidro,peixe_ou_camarao,COMPRA DE CARDUME: COMPRE 10 PEIXES E LEVE 11,Limpa vidro,,,,,,"6,5 a 7,5",6.5,7.5,20 a 24,20.0,24.0,,,,,,,,,https://images.tcdn.com.br/img/img_prod/749804/compra_de_cardume_compre_10_e_leve_11_limpa_vidro_2033_1_d8777f0a30b7fb6614a3f3c631237821.png,,"Limpa-vidro
Peixe ornamental
Peixe de aquário
Origem:
encontrado na região da América do Sul.
Características:
O limpa-vidro é um peixe ornamental longo e fino com placas ósseas que se sobrepõem substituindo as escamas, sua cabeça é plana e termina com uma boca em forma de ventosa. Os raios duros presente em suas nadadeiras peitorais e dorsal servem como defesa contra predadores
Comportamento e Coabitação com outras espécies:
esse peixinho de aquário é tímido e pacífico deve ser mantido em um grupo de pelo menos seis indivíduos para que se sintam mais seguros e mostrem seu comportamento natura"
https://www.kauar.com.br/peixes-de-agua-doce/peixes-comedores-de-algas/curbicula-dark-mystery-novidade-pomacea-bridgesii,peixe_ou_camarao,Curbicula Negra Dark Mystery,Pomacea bridgesii,,,,,,"7,0 a 8,0",7.0,8.0,24 a 28,24.0,28.0,,,,,,,,,https://images.tcdn.com.br/img/img_prod/749804/curbicula_dark_mystery_novidade_pomacea_bridgesii_1987_1_1e63fcced24668a2c554f61876a56a3f.jpg,,"Curbicula Dark Mystery | Pomacea Bridgesii
Peixe ornamental
Peixe de aquário
Origem:
América do Sul.
Características:
Que as Curbicula são os caramujos mais conhecidos e queridos entre os aquaristas mundo a fora você já sabe, mas sabia que as variedades de cores estão aumentando? Trazemos essa novidade para aumentar a sua coleção, e dar ainda mais vida e cores para seu aquário. A Curbicula Dark Mystery,  com cores escuras, e belas listras que adornam todo o seu corpo, não pode faltar em seu aquário.
Comportamento e Coabitação com outras espécies:
As
Pomacea Bridgesii
popularmente conhecido com"
https://www.kauar.com.br/peixes-de-agua-doce/peixes-comedores-de-algas/neritina-0-5-a-1-cm-vitta-virginea,peixe_ou_camarao,Neritina de água doce,,,,,,,"7,2 a 8,5",7.2,8.5,"22º e 28º
C",22.0,28.0,,,,,,,,,https://images.tcdn.com.br/img/img_prod/749804/neritina_de_agua_doce_1_cm_neritina_virginea_1975_1_78ab6aee104eeb6bad81cfb39e0160ed.jpg,,"Neritina virginea (vitta virginea)
As Neritinas, também conhecidas como
aruá-do-mangue, são pequenos caramujos bem comuns em mangues, mas por serem animais bem resistentes, se adaptaram super bem em agua doce, e isso possibilitou a sua criação em aquário. Possui conchas espetaculares, extremamente lindas, com um aspecto que lembra porcelanato, com detalhes e coloridos que podem variar, já que nas Neritinas cada indivíduo é único. cada uma possui seu próprio padrão de cores, dificilmente você encontrará duas iguais, ou com cores parecidas, cada uma possui uma beleza única. Diferente da maioria "
https://www.kauar.com.br/peixes-de-agua-doce/peixes-jumbos/geophagus-heckelli-albino-7cm-a-9cm,peixe_ou_camarao,Geophagus Heckelli Albino,Geophagus Heckelli,,,,,,4.,4.0,4.0,24ºC e 32ºC,24.0,32.0,,,,,,,,,https://images.tcdn.com.br/img/img_prod/749804/geophagus_heckelli_albino_7cm_a_9cm_2319_1_4c04054a57d7ecb4e329a6620e08562c.jpg,,"GEOPHAGUS HECKELLI ALBINO, UM MARAVILHOSO CICLÍDEO AMERICANO PARA SEU AQUÁRIO JUMBO
O Geophagus Heckelli Albino é  original da Bacia do Amazonas. Ele também foi introduzido em reservatórios de usinas elétricas na região sudeste e sul do Brasil na Bacia do Prata (Sub-bacias do Paraná, Paraguai e Uruguai).
É um ciclídeo americano muito bonito e imponente, que pode alcançar até 13cm e possui expectativa de vida de até 8 anos em seu aquário, desde que mantido em condições ideias. Os exemplares selvagens podem apresentar muitas variações na cor e padrão do corpo dependendo da área em que for encont"
https://www.kauar.com.br/peixes-de-agua-doce/peixes-jumbos/oscar-lemon-6-a-8-cm-astronotus-ocellatus,peixe_ou_camarao,Oscar Lemon,Astronotus ocellatus,,,,,,6.0 a 7,6.0,7.0,22 e 28ºC,22.0,28.0,,,,,,,,,https://images.tcdn.com.br/img/img_prod/749804/oscar_lemon_6_a_8_cm_astronotus_ocellatus_2145_1_716012fdf45275add4048763c3e47717.jpg,,"O Peixe Oscar Lemon importado, também conhecido como Astronotus Ocellatus,
é um peixe ornamental surpreendente pelo seu tamanho e inteligência. Cheios de personalidade, os peixões Oscar são habitantes comuns em aquários jumbo, pois são lindos e resistentes. O peixe Oscar tem a habilidade de reconhecer seus cuidadores e podem atingir até 45 cm de comprimento.
PARÂMETROS DA ÁGUA PARA O PEIXE OSCAR LEMON
O Oscar Lemon aprecia a temperatura entre 22 e 28ºC e PH ácido a neutro, entre 6.0 a 7.5. Aqui na Kauar você também encontra
condicionadores de água e tamponadores
para seu aquário.
NUTRIÇÃO DO P"
https://www.kauar.com.br/peixes-de-agua-doce/peixes-jumbos/oscar-red-ruby-albino-astronotus-ocellatus,peixe_ou_camarao,Oscar Red Ruby Albino,Astronotus ocellatus,,,,,,6.0 a 7,6.0,7.0,22 e 28ºC,22.0,28.0,,,,,,,,,https://images.tcdn.com.br/img/img_prod/749804/oscar_red_ruby_albino_6_a_8_cm_astronotus_ocellatus_2133_1_1ea26315fdf8dbeabcee646f24541bb6.jpeg,,"O Peixe Oscar Red Ruby, também conhecido como Astronotus Ocellatus,
é um peixe ornamental surpreendente pelo seu tamanho e inteligência. Cheios de personalidade, os peixões Oscar são habitantes comuns em aquários jumbo, pois são lindos e resistentes. O peixe Oscar tem a habilidade de reconhecer seus cuidadores e podem atingir até 45 cm de comprimento.
ORIGEM, COMPORTAMENTO E CONVÍVIO DO OSCAR RED RUBY
Natura da Bacia Amazônica, o peixe ornamental Oscar Red Ruby é um peixe de características muito marcantes e de personalidade forte, além de ser muito resistente. São peixes capazes de reconhecer"
https://www.kauar.com.br/peixes-de-agua-doce/peixes-jumbos/oscar-red-tiger-albino-padrao-importacao-8-a-9-cm,peixe_ou_camarao,Oscar Red Tiger Albino,Astronotus Ocellatus,,,,,,6.0 a 7,6.0,7.0,22 e 28ºC,22.0,28.0,,,,,,,,,https://images.tcdn.com.br/img/img_prod/749804/oscar_red_tiger_albino_padrao_importacao_8_a_9_cm_2267_1_8df8d84ddd40693e6b0e76408cb95656.jpeg,,"Oscar Red Tiger Albino Importado
Peixes Ornamentais
Peixe de Água Doce
Peixe Oscar
Imagem meramente ilustrativa de peixe aclimatado.
Origem:
natural da Bacia Amazônica.
Características:
o Oscar é um peixe de características muito marcantes e de personalidade forte, além de ser muito resistente. São peixes capazes de reconhecer seu dono, tolerando até mesmo  o contato físico, o que leva eles a serem considerados como petfish. Além dessas características o Oscar tem uma inteligência muito grande, o que permite alguns tipos de truques.
Comportamento e convivência com outras espécies:
é um peixe m"
https://www.kauar.com.br/peixes-de-agua-doce/peixes-jumbos/papagaio-tiger-blue-2-a-2-5-cm,peixe_ou_camarao,Papagaio Tiger Blue Sapphire,Amphilophus citrinellus,,,,,,"6,5 a 7,4",6.5,7.4,25ºC e 28ºC,25.0,28.0,,,,,,,,,https://images.tcdn.com.br/img/img_prod/749804/papagaio_polar_2_a_2_5_cm_1957_2_19cd44e3cda337b3dba5651cca1e07f3.jpg,,"O Peixe Papagaio é um ciclídeo americano, sem dúvida será um dos peixes mais bonitos do seu aquário, ele é um peixe único e carismático. Possui
cores vibrantes e um formato de corpo bem característico, i
deal para aquários de peixes jumbos. O ideal é manter com peixes de tamanho parecido. O Papagaio Tiger Blue pode alcançar 10 cm, e possui expectativa de vida de 10 anos.
Quer saber mais sobre o
Papagaio Tiger Blue
e os cuidados veterinários da Kauar? E como funciona a entrega até a sua casa? Aprender tudo sobre aclimatação de um novo peixe ornamental em seu aquário? Continue com a Kauar!
ORIGE"
https://www.kauar.com.br/peixes-de-agua-doce/peixes-jumbos/papagaio-verde-5-a-7-cm,peixe_ou_camarao,Papagaio Verde,Cichlasoma trimaculatum,,,,,,"6,5 a 7,4",6.5,7.4,25ºC e 28ºC,25.0,28.0,,,,,,,,,https://images.tcdn.com.br/img/img_prod/749804/papagaio_4_a_6_cm_cichlasoma_trimaculatum_1955_1_e5ded698427228167364d0a833ceadc3.jpg,,"O Papagaio
é um ciclídeo americano fantástico para compor seu aquário Jumbo, possuindo um tom vermelho próximo as nadadeiras, em contraste com um tom esverdeado no fundo e três grandes marcas que caracterizam seu nome quando adulto. O Papagaio Verde
pode alcançar 35 cm, em raros casos até 40 cm. Possui expectativa de vida de aproximadamente 10 anos. É natural da américa central, sendo mais endêmico da região do México e El Salvador. Possui comportamento territorialista como a maioria dos Ciclídeos Jumbos e deve ser mantido com outros peixes de mesmo porte.
Quer saber mais sobre o Papagaio Verd"
https://www.kauar.com.br/peixes-de-agua-doce/peixes-jumbos/papagaio-white-amphilophus-citrinellus-4-a-6-cm,peixe_ou_camarao,Papagaio Polar Snow White,Amphilophus citrinellus,,,,,,"6,5 a 7,4",6.5,7.4,25ºC e 28ºC,25.0,28.0,,,,,,,,,https://images.tcdn.com.br/img/img_prod/749804/papagaio_polar_snow_white_4_a_6_cm_amphilophus_citrinellus_2009_1_c971f5a57e59de78e0b070617901357b.jpeg,,"O Peixe Papagaio é um ciclídeo americano, sem dúvida será um dos peixes mais bonitos do seu aquário, ele é um peixe único e carismático. Possui
cores vibrantes e um formato de corpo bem característico, i
deal para aquários de peixes jumbos. O ideal é manter com peixes de tamanho parecido. O Papagaio Tiger White pode alcançar 15 a 18 cm, e possui expectativa de vida de 10 anos.
Quer saber mais sobre o
Papagaio Tiger White
e os cuidados veterinários da Kauar? E como funciona a entrega até a sua casa? Aprender tudo sobre aclimatação de um novo peixe ornamental em seu aquário? Continue com a Kauar"
https://www.kauar.com.br/peixes-de-agua-doce/peixes-jumbos/red-terror-3-a-5-cm-cichlasoma-festae,peixe_ou_camarao,Ciclídeo Red Terror,Cichlasoma festae,,,Ciclídeo Americano,,,7.0 a 8.0,7.0,8.0,15 a 20,15.0,20.0,,,,,,,,,https://images.tcdn.com.br/img/img_prod/749804/ciclideo_red_terror_3_a_5_cm_cichlasoma_festae_2106_1_1d45bfaab897dcf45ef4f7c2f7556151.jpg,,"Red Terror
Peixes de Aquário
Peixes Ornamentais
Origem: Ciclídeo Americano.
Características:
os ciclídeos são peixes ornamentais de cores vibrantes, com  com características um pouco territorialistas, sobre tudo com animais da mesma coloração. São peixes que se movimentam bastante em seu aquário, justamente porque tentam demarcar eu território obstinadamente. Este é o caso do Red Terror, que pode alcançar um tamanho médio entre 25 cm a 40 cm. Esse ciclídeo possui expectativa de vida de 8 anos.
Comportamento e c
oabitação com outras espécies
:
o Red Terror é um peixe territorialista e que pode "
https://www.kauar.com.br/peixes-de-agua-doce/platis-espadas-e-molinesias/plati-bleeding-heart-xiphophorus-maculatus-poecilideos,peixe_ou_camarao,Plati Bleeding Heart,Xiphophorus maculatus,,,,,,"7,0 a 7,5",7.0,7.5,24ºC e 27ºC,24.0,27.0,,,,,,,,,https://images.tcdn.com.br/img/img_prod/749804/plati_bleeding_heart_xiphophorus_maculatus_poecilideos_2393_1_aeb18f95de6bfd6765ab52240c0b7b9b.jpg,,"QUE TAL O PLATI BLEEDING HEART PARA DEIXAR SEU AQUÁRIO MAIS EXUBERANTE?
Os Platis Bleeding Heart são peixes alegres e nem um pouco tímidos. São inúmeras as variedades de cores e de formatos de nadadeiras dos platis. Os platis estão entre os peixes mais populares do aquarismo.
O nome popular foi dado devido à sua classificação inicial, que era Platypoecilus maculatus, em grego, plati é chato, que se relaciona com seu corpo levemente alto e fino.
Quer saber mais sobre o Plati
Bleeding Heart
e e os cuidados veterinários da Kauar? E como funciona a entrega até a sua casa? Aprender tudo sobre aclim"
https://www.kauar.com.br/peixes-de-agua-doce/platis-espadas-e-molinesias/plati-ouro-xiphophorus-maculatus-poecilideos,peixe_ou_camarao,Plati Ouro,Xiphophorus maculatus,,,,,,6.08 a 8.0,6.08,8.0,18ºC a 28ºC,18.0,28.0,,,,,,,,,https://images.tcdn.com.br/img/img_prod/749804/plati_ouro_3_a_4_cm_xiphophorus_maculatus_poeci_1_20250911161811_0c3bf9a31f06.jpg,,"QUE BELEZA ESSE PLATI OURO. UM PEIXE DIFERENCIADO PARA QUEM BUSCA BELEZA E RESISTENCIA, TUDO EM UM SÓ PEIXE
Os Platis são peixes alegres e nem um pouco tímidos. São inúmeras as variedades de cores e de formatos de nadadeiras dos platis.  O Plati Ouro é um dos platis mais bonitos, possui uma coloração amarela bem intensa. Um peixe muito tranquilo, seja na companhia de peixes de outras espécies ou em um aquário monoespécie.
Quer saber mais sobre o Plati Ouro e os cuidados veterinários da Kauar? E como funciona a entrega até a sua casa? Aprender tudo sobre aclimatação de um novo peixe ornamental "
https://www.kauar.com.br/peixes-de-agua-doce/ramirezi-apistogramma-e-mais-ciclideos-anoes/apistogramma-azul-apistogramma-trifasciata,peixe_ou_camarao,Apistograma Azul,Apistogramma trifasciata,,,,,,5.5 a 7.2,5.5,7.2,24°C a 29°C,24.0,29.0,,,,,,,,,https://images.tcdn.com.br/img/img_prod/749804/apistogramma_azul_apistogramma_trifasciata_2331_1_fa4b2b297b07f4d801223244f3b62f54.jpg,,"APISTOGRAMMA AZUL, UM CICLÍDEO ANÃO MARAVILHOSO QUE ESPERA POR VOCÊ
Os Apistogrammas, como o Apistogramma Azul, são popularmente conhecidos como Ciclídeos Anões Sul-Americanos. Podem ser encontrados em vários países da América do Sul. Eles podem chegar a 6 cm, possuem padrões de cores super diversificados e marcantes, que dão a ele  um visual realmente estiloso que sempre surpreende e encanta. A vibe punk rock fica por conta, principalmente, das nadadeiras dorsais que lembram um moicano.
Os apistogrammas, como todo ciclídeo, possuem um perfil mais territorialista, porém, não são agressivos. Se"
https://www.kauar.com.br/peixes-de-agua-doce/ramirezi-apistogramma-e-mais-ciclideos-anoes/apistogramma-mendezi,peixe_ou_camarao,Apistogramma Mendezi,,,,,,,"5,5 a 6,8",5.5,6.8,24°C a 29°C,24.0,29.0,,,,,,,,,https://images.tcdn.com.br/img/img_prod/749804/apistogramma_mendezi_3_a_4_cm_2084_1_20cd8dca23a54eb655aebe1425a31c91.jpg,,"APISTOGRAMMA MENDEZI, UM CICLÍDEO ANÃO MARAVILHOSO QUE ESPERA POR VOCÊ
OS APISTOGRAMMAS, COMO O APISTOGRAMMA mendezi, SÃO POPULARMENTE CONHECIDOS COMO CICLÍDEOS ANÕES SUL-AMERICANOS. PODEM SER ENCONTRADOS EM VÁRIOS PAÍSES DA AMÉRICA DO SUL. ELES PODEM CHEGAR A 6 CM, POSSUEM PADRÕES DE CORES SUPER DIVERSIFICADOS E MARCANTES, QUE DÃO A ELE  UM VISUAL REALMENTE ESTILOSO QUE SEMPRE SURPREENDE E ENCANTA. A VIBE PUNK ROCK FICA POR CONTA, PRINCIPALMENTE, DAS NADADEIRAS DORSAIS, QUE PARECEM UM MOICANO.
Os apistogrammas, como todo ciclídeo, possuem um perfil mais territorialista, porém, não são agressi"
https://www.kauar.com.br/peixes-de-agua-doce/ramirezi-apistogramma-e-mais-ciclideos-anoes/apistogramma-panduro-novidade,peixe_ou_camarao,Apistogramma Panduro,,,,,,,"5,5 a 7",5.5,7.0,24°C a 29°C,24.0,29.0,,,,,,,,,https://images.tcdn.com.br/img/img_prod/749804/apistogramma_panduro_novidade_2259_1_9f12e3e3ddb92073baf4764ae4e9dd75.jpg,,"APISTOGRAMA PANDURO, UM CICLÍDEO ANÃO PARA SEU AQUÁRIO DE ÁGUA- DOCE
Os Apistogrammas, como o Apistogramma Panduro,  são popularmente conhecidos como Ciclídeos Anões Sul-Americanos. Espécie reservada, tende a eleger seus pontos favoritos do aquário e defende-lo de outros peixes. Mas, apesar da característica mais territorialistas, os Apistogrammas podem conviver muito bem em aquários comunitários ou amazônicos, convivendo com outros peixes como tetras, coridoras, cascudos.
Existem muitas variedades de Apistogrammas que tem em comum um grande festival de cores e marcações. O Apistogramma Pandur"
https://www.kauar.com.br/peixes-de-agua-doce/ramirezi-apistogramma-e-mais-ciclideos-anoes/kribensis-albino-pelvicachromis-pulcher,peixe_ou_camarao,Kribensis Albino,Pelvicachromis pulcher,,,,,,6.,6.0,6.0,22°C a 28°C,22.0,28.0,,,,,,,,,https://images.tcdn.com.br/img/img_prod/749804/kribensis_albino_pelvicachromis_pulcher_2109_2_7a50a26e1aa6e3c238e47df5267441aa.jpg,,"KRIBENSIS
PEIXES DE ÁGUA DOCE
PEIXES DE AQUÁRIO
Origem
:
África.
Características:
o Kribensis é um ciclídeo anão muito pacífico, sendo um dos ciclídeos mais comuns e populares do aquarismo. De apelido ""Krib"" este peixinho é uma ótima opção para aquaristas iniciantes.
Comportamento e convivência com outras espécies:
o Kribensis é um ciclídeo anão muito pacífico com outras espécies de peixes, mas que pode se tornar territorial e agressivo frente a outros ciclídeos de mesmo porte. Esta situação pode ser facilmente contornada os mantendo em aquário de grande porte onde cada um poderá demarcar seu "
https://www.kauar.com.br/peixes-de-agua-doce/ramirezi-apistogramma-e-mais-ciclideos-anoes/ramirezi-blue-german-black-balao-microgeophagus-ramirezi,peixe_ou_camarao,Ramirezi Blue German Black Balão,Microgeophagus Ramirezi,,,,,,"4.5 a 7,",4.5,7.0,24°C,24.0,24.0,,,,,,,,,https://images.tcdn.com.br/img/img_prod/749804/ramirezi_blue_german_black_balao_microgeophagus_ramirezi_2483_1_9e59020a7059ceadeb4846d57c1cfc92.jpeg,,"Ramirezi  Blue German Black Balão, um ciclídeo anão maravilhoso e raro espera por você
O Ramirezi Blue German Black Balão é uma variação linda e rara dos lindos e populares Papiliochromis Ramirezi ou Microgeophagus Ramirezi. São encontrados em toda a América do Sul, na Bacia do Rio Orinoco, em países como Venezuela e Colômbia, e no Rio Purus, Brasil, afluente do Rio Amazonas.
Curtem águas lentas, com bastante vegetação submersa, ricas em raízes. Eles podem chegar até 4 cm, apresentam cuidados parentais e são extremamente bonitos, podendo conviver bem com uma grande variedade de espécies.
Ambie"
https://www.kauar.com.br/peixes-de-agua-doce/ramirezi-apistogramma-e-mais-ciclideos-anoes/ramirezi-blue-german-black-microgeophagus-ramirezi,peixe_ou_camarao,Ramirezi Blue German Black,Microgeophagus Ramirezi,,,,,,"4.5 a 7,",4.5,7.0,24°C,24.0,24.0,,,,,,,,,https://images.tcdn.com.br/img/img_prod/749804/ramirezi_blue_german_black_microgeophagus_ramirezi_linhagem_importada_2423_1_ad04a152845d3bbe7fcc7846159c18ed.jpg,,"Ramirezi Blue German Black, um ciclídeo anão maravilhoso e raro espera por você
O Ramirezi Blue German Black é uma variação linda e rara dos lindos e populares Papiliochromis Ramirezi ou Microgeophagus Ramirezi. São encontrados em toda a América do Sul, na Bacia do Rio Orinoco, em países como Venezuela e Colômbia, e Rio Purus, Brasil, afluente do Rio Amazonas.
Curtem águas lentas, com bastante vegetação submersa, ricas em raízes. Eles podem chegar até 4 cm, apresentam cuidados parentais e são extremamente bonitos, podendo conviver bem com uma grande variedade de espécies.
Ambientação do Aquári"
https://www.kauar.com.br/peixes-de-agua-doce/ramirezi-apistogramma-e-mais-ciclideos-anoes/ramirezi-dark-night-balao-microgeophagus-ramirezi,peixe_ou_camarao,Ramirezi Super Dark Knight Balão,Microgeophagus Ramirezi,,,,,,"4.5 a 7,",4.5,7.0,24°C,24.0,24.0,,,,,,,,,https://images.tcdn.com.br/img/img_prod/749804/ramirezi_super_dark_knight_balao_microgeophagus_ramirezi_2421_1_525d5cd77d419e1f92db69d2c6a40794.jpg,,"Ramirezi Super Dark Knight Balão, um ciclídeo anão maravilhoso e raro espera por você
O Ramirezi Super Dark Knight Balão é uma variação linda e rara dos lindos e populares Papiliochromis Ramirezi ou Microgeophagus Ramirezi. São encontrados em toda a América do Sul, na Bacia do Rio Orinoco, em países como Venezuela e Colômbia, e no Rio Purus, Brasil, afluente do Rio Amazonas.
Curtem águas lentas, com bastante vegetação submersa, ricas em raízes. Eles podem chegar até 4 cm, apresentam cuidados parentais e são extremamente bonitos, podendo conviver bem com uma grande variedade de espécies.
Ambien"
https://www.kauar.com.br/peixes-de-agua-doce/ramirezi-apistogramma-e-mais-ciclideos-anoes/ramirezi-dark-night-microgeophagus-ramirezi,peixe_ou_camarao,Ramirezi Super Dark Knight,Microgeophagus Ramirezi,,,,,,"4.5 a 7,",4.5,7.0,24°C,24.0,24.0,,,,,,,,,https://images.tcdn.com.br/img/img_prod/749804/ramirezi_super_dark_knight_microgeophagus_ramirezi_linhagem_importada_2419_1_fc8ff6c98c11127ea185a4d2ced7ebea.jpg,,"Ramirezi Super Dark Knight, um ciclídeo anão maravilhoso e raro espera por você
O Ramirezi Super Dark Knight é uma variação linda e rara dos lindos e populares Papiliochromis Ramirezi ou Microgeophagus Ramirezi. São encontrados em toda a América do Sul, na Bacia do Rio Orinoco, em países como Venezuela e Colômbia, e também no Rio Purus, Brasil, afluente do Rio Amazonas.
Curtem águas lentas, com bastante vegetação submersa, ricas em raízes. Eles podem chegar até 4 cm, apresentam cuidados parentais e são extremamente bonitos, podendo conviver bem com uma grande variedade de espécies.
Ambientação"
https://www.kauar.com.br/peixes-de-agua-doce/ramirezi-apistogramma-e-mais-ciclideos-anoes/ramirezi-eletric-blue-koi-balao-ciclideo-anao,peixe_ou_camarao,Ramirezi Eletric Blue Koi Balão,Ciclídeo Anão,,,,,,5.0 e 7.0,5.0,7.0,26ºC e 29 C,26.0,29.0,,,,,,,,"Tetras
",https://images.tcdn.com.br/img/img_prod/749804/ramirezi_eletric_blue_koi_balao_ciclideo_anao_2003_1_e80b91362f3c8a8d93aec46d7a715d3e.jpg,,"Ramirezi Koi Balão
Peixes de água doce
Peixes Ornamentais
Origem:
América do Sul.
Características:
o Ramirezi Koi é encontrado em regiões com vasta vegetação submersa e raízes na América do Sul, podendo chegar a viver por 6 anos. São peixes ornamentais pacíficos e tímidos, que vivem bem acompanhando de outros peixes em aquários. Quando juvenis tem comportamento agregário e quando adultos se agrupam em casais e se tornam mais territorialistas com peixes da mesma espécie. Os Ramirezi Koi machos são mais coloridos e ligeiramente maiores e tem os raios iniciais da nadadeira dorsal levemente maior "
https://www.kauar.com.br/peixes-de-agua-doce/ramirezi-apistogramma-e-mais-ciclideos-anoes/ramirezi-ouro-balao-3-a-4-cm-ciclideo-anao,peixe_ou_camarao,Ramirezi Ouro Balão,Ciclídeo Anão,,,,,,5.0 e 7.0,5.0,7.0,26ºC e 29 C,26.0,29.0,,,,,,,,"Tetras
",https://images.tcdn.com.br/img/img_prod/749804/ramirezi_ouro_balao_3_a_4_cm_ciclideo_anao_2005_2_8ec33dac033db7f5b887a776de69b4af.jpg,,"Ramirezi Ouro balão
Peixes de água doce
Peixes Ornamentais
Imagens ilustrativas.
Origem:
América do Sul
Características:
o Ramirezi, também conhecido como Papiliochromis Ramirezi, Apistogramma Ramirezi ou Microgeophagus Ramirezi,  é encontrado em regiões com vasta vegetação submersa e raízes na América do Sul, podendo chegar a viver por 6 anos. São peixes ornamentais pacíficos e tímidos, que vivem bem acompanhando de outros peixes em aquários. Quando juvenis tem comportamento agregário e quando adultos se agrupam em casais e se tornam mais territorialistas com peixes da mesma espécie. Os Ramir"
https://www.kauar.com.br/peixes-de-agua-doce/tetras-e-rasboras/blue-deyse-2-5-a-3-cm-oryzias-woworae,peixe_ou_camarao,Blue Daisy Ricefish,,,,,,,"6,5 a 7,5",6.5,7.5,23ºC a 27ºC,23.0,27.0,,,,,,,,,https://images.tcdn.com.br/img/img_prod/749804/blue_daisy_2_5_a_3_cm_oryzias_woworae_2289_1_3c99860f194c072ac3715e63ab93d7e2.png,,"Blue Daisy Ricefish: um peixe que vai te encantar!
O Blue Daisy Ricefish é um peixe nano importado que chega no máximo a 2.8 cm. É um peixe cardumeiro com uma particularidade super interessante: ele pode habitar todas as salinidades da água, desde água doce até água totalmente marinha. Esse peixinho com nuances azuis curte a parte média superior do aquário e pode conviver com vários tipos de peixes nano. Curte aquários plantados e vai ficar muito bem na companhia também de camarões.  É um peixe muito extrovertido e alegre que você vai adorar ter como companhia. Que saber mais? Fique com a gent"
https://www.kauar.com.br/peixes-de-agua-doce/tetras-e-rasboras/compra-de-cardume-compre-10-e-leve-11-neon-innesi,peixe_ou_camarao,COMPRA DE CARDUME: COMPRE 10 E LEVE 11 PEIXES,Paracheirodon innesi,,,,,,5.0 a 8.0,5.0,8.0,24ºC a 30ºC,24.0,30.0,,,,,,,,,https://images.tcdn.com.br/img/img_prod/749804/compra_de_cardume_compre_10_e_leve_11_neon_innesi_2147_1_ab7303006fcc24fb12802aebf2b45cfb.png,,"Tetra Neon Innesi (criado em aquários)
Peixes de Aquário
Peixe Neon
Tamanho: 2,5 a 4 cm
Origem da espécie:
Brasil, Colômbia e Venezuela ( alto do Orinoco e Bacia do Rio Negro)
Características:
o Tetra Neon Innesi  alcança um tamanho máximo de 4cm e possui expectativa de vida de 3 a 5 anos. É muito parecido com o Tetra Neon Cardinal, também possui cores vermelhas e azuis, porém em menor extensão do corpo. Em condições ideais no aquário, essas marcações adquirem um brilho intenso.
Comportamento e convivência com outras espécies:
como outros tetras, é uma espécie de cardume, de comportamento pací"
https://www.kauar.com.br/peixes-de-agua-doce/tetras-e-rasboras/compra-de-cardume-compre-10-peixes-e-leve-11-rasbora-green-neon,peixe_ou_camarao,COMPRA DE CARDUME: COMPRE 10 PEIXES E LEVE 11,,,,,,,6,6.0,6.0,22°C a 28°C,22.0,28.0,,,,,,,,,https://images.tcdn.com.br/img/img_prod/749804/compra_de_cardume_compre_10_peixes_e_leve_11_rasbora_green_neon_rara_e_deslumbrante_2275_7_864c0cef25e144bcb5b1bdd19e77501c.jpg,,"RÁSBORA GREEN NEON (NEON VERDE): ESSA MICRORÁSBORA CHEGA A APENAS 1,9 CM QUANDO ADULTA
A Rásbora Green Neon (Rásbora Neon Verde), ou Microrásbora Kubotai, está entre as menores do mundo, podendo alcançar, no máximo, 1,9 cm quando adulta. Sua cor verde neon é intensa e brilhante! Como outros microrásboras, curte aquários plantados que mesclem áreas abertas para natação. É cardumeira e ativa, por isso, você poderá apreciá-la várias vezes por dia!
Quer saber mais? Continua com a gente!
COMPORTAMENTO E COABITAÇÃO COM OUTRAS ESPÉCIES
A Rásbora Green Neon é um peixe de cardume, então é importante qu"
https://www.kauar.com.br/peixes-de-agua-doce/tetras-e-rasboras/compra-de-cardume-compre-10-peixes-e-leve-11-tetra-black-phanton-2-5-a-3-5-cm-hyphessobrycon-megalopterus,peixe_ou_camarao,COMPRA DE CARDUME: COMPRE 10 PEIXES E LEVE 11,Hyphessobrycon megalopterus,,,,,,"6,0 a 7,5",6.0,7.5,23ºC e 28ºC,23.0,28.0,,,,,,,,,https://images.tcdn.com.br/img/img_prod/749804/compra_de_cardume_compre_10_peixes_e_leve_11_tetra_black_phanton_2_5_a_3_5_cm_hyphessobrycon_megalop_2279_1_76e3233b885594ff334c23f8ac68e54e.jpg,,"Tetra Black Phanton alcança um tamanho máximo de 3,5cm e possui expectativa de vida de 3 a 5 anos. Esse tetra também é um peixe ornamental clássico do aquarismo de água doce.
Quer saber mais sobre o Black Phanton e os cuidados veterinários da Kauar? E como funciona a entrega até a sua casa? Aprender tudo sobre aclimatação de um novo peixe ornamental em seu aquário? Continue com a Kauar!
ORIGEM, COMPORTAMENTO E CONVÍVIO DO BLACK PHANTON
O Black Phanton possui uma marcação negra na lateral do corpo, contornada por marcações mais claras de brilho intenso. Esses espécie possui um claro dimorfismo "
https://www.kauar.com.br/peixes-de-agua-doce/tetras-e-rasboras/copia-rasbora-merah-1cm-a-1-5-cm-boraras-merah-novidade,peixe_ou_camarao,Rásbora Merah,Boraras merah,,,,,,,,,"20
ºC  a 28
ºC",20.0,28.0,,,,,,,,,https://images.tcdn.com.br/img/img_prod/749804/rasbora_merah_1cm_a_1_5_cm_boraras_merah_novidade_2437_1_14cd28533ac72c8bea289f1399a970f2.jpg,,"RÁSBORA MERAH
A Rásbora Merah, ou Boraras Merah, está entre as menores do mundo, podendo alcançar, no máximo, 2.5 cm quando adulta. Seu corpo alongado, de coloração vermelha intensa, com pequeninas manchas pretas é encantador.  Esse peixinho nano é pacífico e cardumeiro, excelente para aquários plantados, e boa companhia para outros peixes nanos e para aquário de camarões.
Na natureza, a Rásbora Merah vive em áreas de densa vegetação, com galhos, folhas e águas ricas em tanino. Por isso, se adapta muito bem a uma ampla faixa de PH ácido até neutro.
São peixes super ativos, que gostam de nadar "
https://www.kauar.com.br/peixes-de-agua-doce/tetras-e-rasboras/copia-tetra-red-eyes-bahia-2-5-a-3-cm-novidade,peixe_ou_camarao,Tetra Red Eyes Bahia,,,,,,,6.0 a 7.5,6.0,7.5,23ºC a 28ºC,23.0,28.0,,,,,,,,,https://images.tcdn.com.br/img/img_prod/749804/tetra_red_eyes_bahia_2_5_a_3_cm_novidade_2355_1_63d368da643d0449c089df2a063441b2.jpg,,"Tetra Red Eyes Bahia, um peixe de água doce para seu aquário
O Tetra Red Eyes Bahia é da América do Sul e alcança um tamanho máximo de 3,5 cm e possui expectativa de vida de 3 a 5 anos. Em condições ideias, apresenta um brilho intenso, especialmente, na linha vermelha que cobre toda a extensão central de seu corpo. Esse brilho característico inspirou seu nome popular.
COMPORTAMENTO E CONVIVÊNCIA COM OUTRAS ESPÉCIES
Como outros tetras, é uma espécie de cardume, de comportamento pacífico que, que convive muito bem em aquário comunitários, especialmente, com outros peixes de mesmo porte e tempera"
https://www.kauar.com.br/peixes-de-agua-doce/tetras-e-rasboras/danio-glowlight-danio-choprae,peixe_ou_camarao,Danio Glowlight,Danio choprae,,,,,,PH ligeiramente ácido a alcalino (entre 6.0 a 8.8). E,6.0,8.8,"20
ºC  a 26
ºC",20.0,26.0,,,,,,,,,https://images.tcdn.com.br/img/img_prod/749804/danio_glowlight_2_a_2_5_cm_danio_choprae_2508_3_a9c6e874473595034781ded05688f633.jpg,,"Venha descobrir os encantos do danio Glowlight, cores maravilhoras para seu aquario.
O Danio Glowligt, também conhecido como Danio Choprae é um peixinho pequeno e maravilhoso, com cores bem brilhantes e chamativas, que vão do azul cobalto, vermelho e laranja. Um peixe muito tranquilo e gregário, viverá muito bem com outros peixes menores. Por ser um peixe de cardume é importante que seja mantido com outros de sua espécie. Muito resistente esse peixinho é relativamente fácil de cuidar.
Em disputa por fêmeas, as cores dos machos ficam extremamente vibrantes. As fêmeas, por sua vez, possuem nuanc"
https://www.kauar.com.br/peixes-de-agua-doce/tetras-e-rasboras/rainbow-shiner-notropis-chrosomusi,peixe_ou_camarao,Rainbow shiner,Notropis chrosomusi,,,,,,6.6 a 7.6,6.6,7.6,22ºC a 28ºC,22.0,28.0,,,,,,,,,https://images.tcdn.com.br/img/img_prod/749804/rainbow_shiner_3_a_5_cm_notropis_chrosomusi_2502_1_071de128a325d612317268ed3b07ae69.jpg,,"CONHAÇA O RAINBOW SHINER, ESSE PEIXINHOS É CONHECIDO POR SUA COLORAÇÃO VIBRANTE E IRIDESCENTE, QUE PODE MUDAR AS CORRES, DEPENDENDO DO ÂNGULO DA LUZ.
Pacífico e ágil o Rainbow Shiner é uma excelente escolha para o seu aquário comunitário. Com um corpo alongado e uma coloração exuberante é uma verdadeira joia da natureza. Possui cores que variam do purpura, rosa, azul e dourado, com uma faixa dourada e negra ao longo do seu corpo. Seu tamanho médio vai dos 3 aos 5 cm, mais alguns indivíduos podem alcançar os 8 cm, e possui expectativa de vida de 3 a 5 anos. O Rainbow Shiner é um peixe ornamenta"
https://www.kauar.com.br/peixes-de-agua-doce/tetras-e-rasboras/rasbora-ana-1-5-a-2-cm-boraras-maculatus,peixe_ou_camarao,Rásbora Anã,Boraras Maculatus,,,,,,,,,"20
ºC  a 28
ºC",20.0,28.0,,,,,,,,,https://images.tcdn.com.br/img/img_prod/749804/rasbora_ana_1_5_a_2_cm_boraras_maculatus_2255_1_6cef4439d1caaad6292ad5a5b5930dfe.jpg,,"RÁSBORA ANÃ: OLHA QUE PEIXE MAIS LINDO E CHEIO DE GRAÇA!
A Rásbora Anã, ou Boraras Maculatus, está entre as menores do mundo, podendo alcançar, no máximo, 2.5 cm quando adulta. Seu corpo alongado, de coloração vermelha intensa, com pequeninas manchas pretas é encantador.  Esse peixinho nano é pacífico e cardumeiro, excelente companhia para outros peixes nanos e para aquário de camarões.
Na natureza, a Rásbora Anã ou Boraras Maculatus vive em áreas de densa vegetação, com galhos, folhas e águas ricas em tanino. Por isso, se adapta muito bem a uma ampla faixa de PH ácido até neutro.
São peixes s"
https://www.kauar.com.br/peixes-de-agua-doce/tetras-e-rasboras/rasbora-espei-red-cooper-1-5-a-2-cm-trigonostigma-espei,peixe_ou_camarao,Rasbora Espei Red Cooper,,,,,,,,,,22ºC  a 28ºC,22.0,28.0,,,,,,,,,https://images.tcdn.com.br/img/img_prod/749804/rasbora_espei_red_cooper_1_5_a_2_cm_trigonostigma_espei_2433_1_c86e58c69396415929f0c3ebf1faa80a.jpeg,,"rÁSBORA Espei, um peixe maravilhoso para seu aquário de água doce
A Rásbora Espei é um peixe asiático nano, encontrado na Tailândia, Sumatra e Indonésia. Adulta, pode chegar, no máximo a 3cm.
O tamanho é inversamente proporcional à beleza da Rásbora Espei, que se destaca pelas marcações elegantes
nas cores
pretas e laranjadas nas laterais do corpo, lembrando duas asas angelicais.
COMPORTAMENTO E CONVIVÊNCIA COM OUTRAS ESPÉCIES
Rásbora Espei é um peixe ornamental de cardume, então é importante que você tenha em seu aquário pelo menos 6 a 10 indivíduos. A vida em grupo deixará esse peixinho mais"
https://www.kauar.com.br/peixes-de-agua-doce/tetras-e-rasboras/rasbora-green-neon-1-cm-a-1-5-cm-microrasbora-kubotai-deslumbrante,peixe_ou_camarao,Rásbora Green Neon Verde,Microdevario Kubotai,,,,,,6,6.0,6.0,22°C a 28°C,22.0,28.0,,,,,,,,,https://images.tcdn.com.br/img/img_prod/749804/rasbora_green_neon_1_cm_a_1_5_cm_microdevarios_kubotai_deslumbrante_2265_1_fd4b3fbb2ff766acf328abd69436b43b.jpg,,"RÁSBORA NEON VERDE (MICRODEVARIO KUBOTAI)
A Rásbora Neon Verde (Microdevario Kubotai) está entre as menores do mundo, podendo alcançar, no máximo, 1,9 cm quando adulta. Sua cor verde neon é intensa e brilhante! Como outros microrásboras, curte aquários plantados que mesclem áreas abertas para natação. É cardumeira e ativa, por isso, você poderá apreciá-la várias vezes por dia! A Rásbora Neon Verde  (Microdevario Kubotai)  é um peixe importado, por isso, nem sempre você consegue encontrar um cardume dessas belezas com facilidade. Em seu aquário, você poderá escolher como companheiros muitas esp"
https://www.kauar.com.br/peixes-de-agua-doce/tetras-e-rasboras/rasbora-least-boraras-urophthalmoides,peixe_ou_camarao,Rásbora Least,Boraras urophthalmoides,,,,,,,,,"20
ºC  a 28
ºC",20.0,28.0,,,,,,,,,https://images.tcdn.com.br/img/img_prod/749804/sera_marin_component_7_iodine_suplemento_para_aqu_1_20260516113149_40061f27e0ed.jpg,,"A Rásbora Least é um peixe incrível e tranquilo, é um peixe de cardume, então é importante que você tenha em seu aquário pelo menos 5 delas em seu aquário. A vida em grupo deixará esse peixinho mais feliz e com as suas cores mais realçadas, especialmente, a dos machos.  São peixes pacíficos, ótimas espécies para  aquários comunitários, mas escolha companheiros de pequeno porte
AMBIENTAÇÃO DO AQUÁRIO
A Rásbora
Least
irá apreciar um aquário plantado, que combine zonas de sombra e refúgio, com áreas livres para nado. Por ser um peixe que aprecia um PH levemente mais ácido, uma outra opção para a "
https://www.kauar.com.br/peixes-de-agua-doce/tetras-e-rasboras/rasbora-mosquito-1cm-a-1-5-cm-boraras-brigittae-novidade,peixe_ou_camarao,Rásbora Mosquito,Boraras brigittae,,,,,,,,,"20
ºC  a 28
ºC",20.0,28.0,,,,,,,,,https://images.tcdn.com.br/img/img_prod/749804/rasbora_mosquito_1cm_a_1_5_cm_boraras_brigittae_novidade_2439_1_120c039f43490c468e2ca6538ac219a0.jpg,,"RÁSBORA MOSQUITO
A Rásbora Mosquito, ou Boraras brigittae
, um peixinho bem diminuto, está entre os menores do mundo, podendo alcançar, no máximo, 3.5 cm quando adulto. Seu corpo alongado, de coloração vermelha intensa, com pequeninas manchas pretas é encantador.  Esse peixinho nano é pacífico e cardumeiro, excelente para aquários plantados, e boa companhia para outros peixes nanos e para aquário de camarões.
Na natureza, a Rásbora Mosquito vive em áreas de densa vegetação, com galhos, folhas e águas ricas em tanino. Por isso, se adapta muito bem a uma ampla faixa de PH ácido até neutro.
São p"
https://www.kauar.com.br/peixes-de-agua-doce/tetras-e-rasboras/tetra-asa-delta-orthospinus-franciscensis,peixe_ou_camarao,Tetra Asa Delta,Orthospinus franciscensis,,,,,,"6,0 a 7.50",6.0,7.5,22°C a 28°C,22.0,28.0,,,,,,,,,https://images.tcdn.com.br/img/img_prod/749804/tetra_asa_delta_orthospinus_franciscensis_4_a_5_cm_2506_1_750a034cc78509be3a4ad9c8af7e629b.jpg,,"IMPONENTE E MAJESTOSO, VENHA SE ENCANTAR COM O TETRA ASA DELTA. ELEGANCIA E MOVIMENTO EM SEU AQUÁRIO
Tetra Asa Delta é um peixe de aquário muito ativo e curioso. Endêmico do Rio São Francisco, é uma especie muito especial, principalmente por ser a única espécie do gênero Orthospinus conhecida. Seu
corpo chama muito a atenção, sobretudo por ser bem comprido verticalmente, e pela barbatanas pontiagudas, amareladas contrastando com sua coloração prateada, com um brilho metálico que reflete a luz. Ele também é conhecido como Tetra Facão. Esse peixe ornamental possui um porte imponente para um tetr"
https://www.kauar.com.br/peixes-de-agua-doce/tetras-e-rasboras/tetra-bentosi-whitefin-2-5-a-3-cm-whitefin-hyphessobrycon-bentosi,peixe_ou_camarao,Tetra Bentosi Whitefin,Hyphessobrycon bentosi,,,,,,5.8 a 7.5,5.8,7.5,24°C a 28°C,24.0,28.0,,,,,,,,,https://images.tcdn.com.br/img/img_prod/749804/tetra_bentosi_whitefin_2_5_a_3_cm_whitefin_hyphessobrycon_bentosi_2117_1_463352544823f65bbb5f3911e727e1ae.jpg,,"TETRA BENTOSI WHITFIN (TETRA ASA BRANCA): UM PEIXE DE AQUÁRIO LINDO E CARDUMEIRO
O Tetra Bentosi Whitefin é um peixe de aquário muito ativo e curioso. Seu
corpo que chama muito a atenção, sobretudo pela barbatanas com um tom avermelhado, contrastando com as marcações brancas localizadas na ponta. Por esta razão, ele também é conhecido como Tetra Asa Branca. Esse peixe ornamental possui um porte imponente para um tetra, podendo alcançar um tamanho máximo de 4,3 cm. Evoluem lindamente em cardume e possuem expectativa de vida de 3 a 5 anos.
Quer saber mais sobre o Tetra Asa Branca e os cuidados v"
https://www.kauar.com.br/peixes-de-agua-doce/tetras-e-rasboras/tetra-blue-steel-3-a-4-cm-hyphessobrycon-weitzmanorum,peixe_ou_camarao,Tetra Blue Steel,Hyphessobrycon weitzmanorum,,,,,,4.0 a 7.0,4.0,7.0,24ºC a 30ºC,24.0,30.0,,,,,,,,,https://images.tcdn.com.br/img/img_prod/749804/tetra_blue_steel_3_a_4_cm_hyphessobrycon_weitzmanorum_2441_1_29e529d7b4b6c8e5859f2ece401438cb.jpeg,,"Tetra Blue Steel , um peixe de água doce para seu aquário
O
Tetra Blue Steel recebeu este nome devido sua exuberante coloração azul metálico.
O
Tetra Blue Steel, também é conhecido como Tetra Weitznan, alcança um tamanho de 5 cm e possui expectativa de vida de 3 anos. Na natureza é encontrado, principalmente, nas bacias do Rio Negro e do Orinoco. Em condições ideais no aquário, sua coloração chamará bastante a atenção. Os machos machos possuem cores mais intensas e barbartanas mais alongadas.
Comportamento e convivência com outras espécies
Como outros tetras, é uma espécie de cardume, de compo"
https://www.kauar.com.br/peixes-de-agua-doce/tetras-e-rasboras/tetra-cyanotaenia-4-a-5-cm-hyphessobrycon-cyanotaenia,peixe_ou_camarao,Tetra Cyanotaenia,Hyphessobrycon cyanotaenia,,,,,,5.0 a 7.6,5.0,7.6,22ºC a 28ºC,22.0,28.0,,,,,,,,,https://images.tcdn.com.br/img/img_prod/749804/tetra_cyanotaenia_4_a_5_cm_hyphessobrycon_cyanotaenia_2471_1_4b4d2e197c70b42fe24ce62f08a90363.jpg,,"O TETRA CYANOTAENIA, UM PEIXE MARAVILHOSO PARA SEU AQUÁRIO DE ÁGUA DOCE
O Tetra Cyanotaenia alcança um tamanho de até 3.7 cm e possui expectativa de vida de 3 a 5 anos. O Tetra Cyanotaenia é um peixe novo no universo do aquarismo, já que foi catalogado apenas em 2006. Possui um corpo robusto, com cores cinzas e um tom azulado e uma faixa negra que vai da cabeça até a calda, envolto por uma  faixa íris que o deixa ainda mais bonito. Em condições ideais, o apresenta um brilho intenso, ainda mais realçado em aquários de águas ácidas.
COMPORTAMENTO E CONVIVÊNCIA COM OUTRAS ESPÉCIES
Como outros tet"
https://www.kauar.com.br/peixes-de-agua-doce/tetras-e-rasboras/tetra-diamante-2cm-a-3cm-radiante,peixe_ou_camarao,Tetra Diamante,Moenkhausia pittieri,,,,,,6.0 a 7.5,6.0,7.5,23ºC a 28ºC,23.0,28.0,,,,,,,,,https://images.tcdn.com.br/img/img_prod/749804/tetra_diamante_2cm_a_3cm_moenkhausia_pittieri_radiante_2453_1_bcd16b2bbb1441078f476672673e13d6.jpeg,,"Tetra Diamante, um peixe de água doce para seu aquário
O Tetra Diamante é nativo da América do Sul, mas precisamente da Venezuela, ele alcança um tamanho máximo de 6 cm e possui expectativa de vida de 3 a 5 anos. O Tetra Diamante é um peixe ornamental clássico do aquarismo de água doce. Em condições ideias, apresenta um brilho intenso, em todo seu corpo. Esse brilho característico inspirou seu nome popular, Tetra Diamante.
COMPORTAMENTO E CONVIVÊNCIA COM OUTRAS ESPÉCIES
Como outros tetras, o Tetra Diamante é uma espécie de cardume, de comportamento pacífico que, que convive muito bem em aquári"
https://www.kauar.com.br/peixes-de-agua-doce/tetras-e-rasboras/tetra-eilyos-3-a-4-cm-hyphessobrycon-eilyos,peixe_ou_camarao,Tetra Eilyos,Hyphessobrycon eilyos,,,,,,4.0 a 7.0,4.0,7.0,24ºC a 30ºC,24.0,30.0,,,,,,,,,https://images.tcdn.com.br/img/img_prod/749804/tetra_eilyos_3_a_4_cm_hyphessobrycon_eilyos_2457_1_f78e90a8f4fa87a341519e3c158eb5f8.png,,"Tetra Eilyos, um peixe de água doce para seu aquário
Venha conhecer um pouquinho mais sobre esse maravilhoso Tetra, endêmico do Brasil, o tetra Eilyos, que pode atingir o tamanho máximo de 2,5 cm, e possui um padrão de cor único, entre os tetras, o corpo negro, com barbatanas avermelhadas. Ele é ótimo para aquários nanos, além de comunitários e amazônicos. P
ossui expectativa de vida de 3 anos. Na natureza é encontrado, apenas no Brasil. Em condições ideais no aquário, sua coloração chamará bastante a atenção. Os machos machos possuem cores mais intensas.
Comportamento e convivência com outras"
https://www.kauar.com.br/peixes-de-agua-doce/tetras-e-rasboras/tetra-fenix-hemigrammus-filamentosusi-2-a-3-cm,peixe_ou_camarao,Tetra Fênix,Hemigrammus filamentosus,,,,,,5.0 a 7,5.0,7.0,24ºC a 28ºC,24.0,28.0,,,,,,,,Coridoras e Rásboras,https://images.tcdn.com.br/img/img_prod/749804/tetra_fenix_hemigrammus_filamentosusi_2_a_3_cm_2455_1_288aaf223f5ad251a0e111a03973ef92.jpg,,"Tetra Fênix (Hemigrammus filamentosusi)
O Tetra Fênix, recebe esse nome por sua exuberante coloração que se assemelha ao fogo, lembrando a mitológica ave grega. Esse peixinho tetra de água doce, que pertence à ordem Characiforme e à família dos Caracídeos, pode viver em seu aquário por cerca de 3 a 5 anos. É um espécie cardumeira, que convive muito bem com outros peixes tetras, além de rásboras, coridoras e camarões. O Tetra Fénix é endêmico do Brasil, encontrado bacia do Rio Araguaia. Você pode mantê-lo em seu aquário de água doce em pH de 6 a 7, temperatura de
24°C a 28°C e dureza da água ma"
https://www.kauar.com.br/peixes-de-agua-doce/tetras-e-rasboras/tetra-glowlight-neon-vermelho-2-5-a-3-cm-hemigrammus-erythrozonus,peixe_ou_camarao,Tetra Glowlight Albino (Neon Vermelho Albino),Hemigrammus erythrozonus,,,,,,6.0 a 7.5,6.0,7.5,23ºC a 28ºC,23.0,28.0,,,,,,,,,https://images.tcdn.com.br/img/img_prod/749804/neon_vermelho_albino_2_5_a_3_cm_hemigrammus_erythrozonus_2281_1_8766b11b851d3821d9599f8585dd22f0.jpg,,"Tetra Glowlight Albino, um peixe de água doce para seu aquário
O Tetra Glowlight Albino é da América do Sul e alcança um tamanho máximo de 3,5 cm e possui expectativa de vida de 3 a 5 anos. O Tetra Glowlight Albino é um peixe ornamental clássico do aquarismo de água doce. Em condições ideias, apresenta um brilho intenso, especialmente, na linha vermelha que cobre toda a extensão central de seu corpo. Esse brilho característico inspirou seu nome popular.
COMPORTAMENTO E CONVIVÊNCIA COM OUTRAS ESPÉCIES
Como outros tetras, é uma espécie de cardume, de comportamento pacífico que, que convive muito"
https://www.kauar.com.br/peixes-de-agua-doce/tetras-e-rasboras/tetra-heliacus-2-cm-a-3-cm-hyphessobrycon-heliacus,peixe_ou_camarao,Tetra Heliacus,Hyphessobrycon heliacus,,,,,,"6,0 a 7,2",6.0,7.2,15 a 20,15.0,20.0,,,,,,,,,https://images.tcdn.com.br/img/img_prod/749804/tetra_heliacus_2_cm_a_3_cm_hyphessobrycon_heliacus_2475_1_bd414b4e2f12b4138c104eb203b01e6a.jpg,,"Tetra Heliacus, um peixe de água doce para seu aquário plantado ou comunitário
O Tetra Heliacus é um peixe super exótico e com barbatanas compridas. Como outros tetras, ele é cardumeiro, por isso, não tenha apenas um peixe em seu aquário. Possui coloração dourada e as pontas das barbatanas levemente avermelhadas, o que lhe dá um grande destaque dentro do aquario.
Vem saber mais sobre o Tetra Heliacus e os cuidados médicos veterinários da Kauar. Compre peixes online, a entrega até sua casa é super segura.
Comportamento
Os Tetra Heliacus são peixes ornamentais de cores vibrantes, com característ"
https://www.kauar.com.br/peixes-de-agua-doce/tetras-e-rasboras/tetra-imperador-black-4-cm-nematobrycon-palmeri-raro-e-lindo,peixe_ou_camarao,Tetra Imperador Super Black,Nematobrycon palmeri,,,,,,5.0 a 7.6,5.0,7.6,22ºC a 28ºC,22.0,28.0,,,,,,,,,https://images.tcdn.com.br/img/img_prod/749804/tetra_imperador_black_4_cm_nematobrycon_palmeri_raro_e_lindo_2257_1_6b0edbff7d0f226d401eb7b0c511f70a.jpg,,"TETRA IMPERADOR BLACK, UM PEIXE MARAVILHOSO E RARO PARA SEU AQUÁRIO DE ÁGUA DOCE
O Tetra Imperador Black alcança um tamanho de até 4.2 cm e possui expectativa de vida de 3 a 5 anos. O Tetra Imperador é um peixe ornamental clássico do aquarismo de água doce. Possui nadadeira mais alongadas que outras espécies de tetra, o que lhe confere um visual mais imponente, que inspirou seu nome popular. Em condições ideais, seu corpo prateado apresenta um brilho intenso, ainda mais realçado em aquários de águas ácidas. Outras característica marcante do Tetra Imperador Black é linha preta que cobre toda a "
https://www.kauar.com.br/peixes-de-agua-doce/tetras-e-rasboras/tetra-jalapao-2-5-a-3-cm-hyphessobrycon,peixe_ou_camarao,Tetra Jalapão,Hyphessobrycon sp,,,,,,5.5,5.5,5.5,24ºC a 28ºC,24.0,28.0,,,,,,,,"Ciclídeos Anões
",https://images.tcdn.com.br/img/img_prod/749804/tetra_jalapao_2_5_a_3_cm_hyphessobrycon_sp_2481_1_b2fa76d4e608da5812d74d75fe34234d.jpg,,"Tetra Jalapão, um peixe cheio de brilho para seu aquário
O Tetra Jalapão é um peixinho endémico do Brasil, do estado do Tocantins. Muito bonita, com características única entre os Tetras. Possui um corpo com cores azuladas e acinzentadas, barbatanas superiores e inferiores com as bordas brancas, e a calda avermelhada, o que o torna especial. Em seu habitat natural, nada em águas com densa vegetação de folhas, troncos e raízes.  O macho é ligeiramente menor que a fêmea e mais retilíneo. Em seu aquário, a expectativa de vida é de até 3 anos e tamanho máximo de cerca de 3cm.
Comportamento e convi"
https://www.kauar.com.br/peixes-de-agua-doce/tetras-e-rasboras/tetra-lipstick-3-a-4-cm-moenkhausia-cosmops,peixe_ou_camarao,Tetra Red Lipstick Blue Eye,Moenkhausia cosmops,,,,,,6.0 a 7.4,6.0,7.4,24°C a 28°C,24.0,28.0,,,,,,,,,https://images.tcdn.com.br/img/img_prod/749804/tetra_lipstick_3_a_4_cm_moenkhausia_cosmops_2283_3_f70b5bf327de13694060d15bce4d7ba2.jpg,,"TETRA TETRA LIPSTICK: VEM CONHECER ESSE PEIXINHO!
O Tetra Listick é uma espécie cardumeira, identificada pela característica linha vermelha sobre o lábio superior. Além disso, possui íris extremamente azul na parte inferior e um pouco mais esverdeada na parte superior. São peixes bem ativos, de hierarquia livre, com machos que a todo tempo disputam a atenção das fêmeas. Ocorre em águas mais claras, com correnteza moderada. Adultos, podem chegar a 5,4 cm. Na natureza, vivem em grandes cardumes, de até 50 indivíduos.
AMBIENTAÇÃO DO AQUÁRIO
Vão curtir ambientes plantados e, neste caso, quanto mai"
https://www.kauar.com.br/peixes-de-agua-doce/tetras-e-rasboras/tetra-neon-rondonia-hyphessobrycon,peixe_ou_camarao,Tetra Neon Chocolate Red,Hyphessobrycon vilmae,,,,,,6.4 a 7.4,6.4,7.4,23ºC a 30ºC,23.0,30.0,,,,,,,,,https://images.tcdn.com.br/img/img_prod/749804/tetra_neon_chocolate_2_5_a_3_cm_hyphessobrycon_vilmae_2477_1_9163ab6717479260af39dd052bd70715.png,,"Tetra Neon Chocolate, um peixe cheio de brilho para seu aquário
O Tetra Neon Chocolate (
Hyphessobrycon vilmae
), também conhecido como Tetra Neon Rondônia, e
m seu habitat natural, nada em águas negras com densa vegetação de folhas, troncos e raízes. Possui um brilho prata característico e um linha negra que percorre todo seu corpo e um brilho azulado. O macho é ligeiramente menor que a fêmea e mais retilíneo. Em seu aquário, a expectativa de vida é de até 3 anos, fica entre 3 a 4 cm.
Nome popular:
Tetra Neon Chocolate/Tetra Neon Rondônia
Nome científico:
Hyphessobrycon vilmae
Ordem;
Characif"
https://www.kauar.com.br/peixes-de-agua-doce/tetras-e-rasboras/tetra-pinguim-red-tail-thayeria-boehlkei,peixe_ou_camarao,Tetra Pinguim Red Tail,Thaerya obliqua,,,,,,6.0 a 7.6,6.0,7.6,22ºC a 28ºC,22.0,28.0,,,,,,,,,https://images.tcdn.com.br/img/img_prod/749804/tetra_pinguim_da_red_tail_2443_1_eb4afa95ddd2dc3c950583a923b4595a.jpeg,,"Tetra Pinguim Red Tail
Peixes de Aquário
Peixes de Água Doce
Imagens ilustrativas
Origem:
América do Sul.
Características:
O Tetra Pinguim Red Tail é um peixe sociável, e de cardumes, portanto são bons para serem mantidos em aquários comunitários. Esse peixe de água doce pode viver em seu aquário por cerca de 3 a 5 anos.
Comportamento e convivência com outras espécies
: é uma espécie de cardume, de comportamento pacífico que, que convive muito bem em aquário comunitários, especialmente, com outros tetras. Mantenha, pelo menos, cerca de 10 indivíduos em seu aquário, para que as cores dos tetras"
https://www.kauar.com.br/peixes-de-agua-doce/tetras-e-rasboras/tetra-pink-lemon-2-5-a-3-cm-hyphessobrycon-itaparicensis,peixe_ou_camarao,Tetra Pink Lemon,Hyphessobrycon itaparicensis,,,,,,"5,5 a 7,0",5.5,7.0,20ºC e 30ºC,20.0,30.0,,,,,,,,,https://images.tcdn.com.br/img/img_prod/749804/tetra_pink_lemon_2_5_a_3_cm_hyphessobrycon_itaparicensis_2125_1_c37d6564d7058b3cd7fb4c23d5717f69.jpg,,"Tetra Pink Lemon
Hyphessobrycon itaparicensis
Peixes de Água Doce
Características; O Tetra Pink Lemon é um tetra único, uma coloração rosa, que não é muito comum no meio natural, um peixe de cardume, tranquilo e curioso, vai se destacar muito em seu aquário. Ele pode alcançar um tamanho máximo de 3,8 cm, uma expectativa de vida de 3 a 5 anos.
Quer saber mais sobre o Tetra Pink Lemon e os cuidados veterinários da Kauar? E como funciona a entrega até a sua casa? Aprender tudo sobre aclimatação de um novo peixe ornamental em seu aquário? Continue com a Kauar!
ORIGEM, COMPORTAMENTO E CONVÍVIO DO T"
https://www.kauar.com.br/peixes-de-agua-doce/tetras-e-rasboras/tetra-platinum-2cm-a-3cm-hemigrammus-erythrozonus,peixe_ou_camarao,Tetra Platinum LINDO,Hemigrammus erythrozonus,,,,,,6.0 a 7.5,6.0,7.5,23ºC a 28ºC,23.0,28.0,,,,,,,,,https://images.tcdn.com.br/img/img_prod/749804/tetra_platinum_lindo_2cm_a_3cm_hemigrammus_erythrozonus_2223_1_0f4dee079b0839574f2f94b2f895da32.jpeg,,"Tetra Platinum, um peixe de água doce para seu aquário
O Tetra Platinum é da América do Sul e alcança um tamanho máximo de 3,5 cm e possui expectativa de vida de 3 a 5 anos. O Tetra Platinum é um peixe ornamental clássico do aquarismo de água doce. Em condições ideias, apresenta um brilho intenso, especialmente, na linha vermelha que cobre toda a extensão central de seu corpo. Esse brilho característico inspirou seu nome popular.
COMPORTAMENTO E CONVIVÊNCIA COM OUTRAS ESPÉCIES
Como outros tetras, o Tetra Platinum é uma espécie de cardume, de comportamento pacífico que, que convive muito bem em"
https://www.kauar.com.br/peixes-de-agua-doce/tetras-e-rasboras/tetra-raimbow-2-5-a-3-cm-melanostichos-hyphessobrycon-melanostichos,peixe_ou_camarao,Tetra Rainbow,Hyphessobrycon melanostichos,,,,,,"5,5 a 7,0",5.5,7.0,20ºC e 30ºC,20.0,30.0,,,,,,,,,https://images.tcdn.com.br/img/img_prod/749804/tetra_rainbow_2_5_a_3_cm_hyphessobrycon_melanostichos_2115_1_c3f7e082f71ca36da721f76b28eeb2a7.jpg,,"Tetra Rainbow, um peixe maravilhoso e brilhante para seu aquário de água doce
O Tetra Rainbow,
Hyphessobrycon melanostichos,
está entre as mais belas espécies de peixes tetras. Ele p
ossui um corpo que chama muito a atenção, com uma faixa escura percorre todo o seu corpo, contrastando com sua
parte dorsal que é bastante colorida, com nuances azuis e furtacor. Essa variedade de cores inspirou seu nome popular, Rainbow, ou Arco-íris, traduzido ao português. Esse peixe pode alcançar um tamanho máximo de 3,7 cm, uma expectativa de vida de 3 a 5 anos.
Quer saber mais sobre o Tetra Rainbow e os cuid"
https://www.kauar.com.br/peixes-de-agua-doce/tetras-e-rasboras/tetra-red-devil-hyphessobrycon-notidanos-2-a-3-cm,peixe_ou_camarao,Tetra Red Devil,Hyphessobrycon notidanos,,,,,,6.0 a 7.5,6.0,7.5,23ºC a 28ºC,23.0,28.0,,,,,,,,Tetra Nen Innesi; Tetra Red Cherry; Peixe Borboleta; Cascudos e Coridoras,https://images.tcdn.com.br/img/img_prod/749804/tetra_red_devil_hyphessobrycon_notidanos_2_a_3_cm_2391_1_3237724f73f4b1cc69b93b452f6b01e1.jpg,,"TETRA RED DEVIL, UM PEIXE MARAVILHOSO PARA SEU AQUÁRIO DE ÁGUA DOCE
O Tetra Red Devil é encontrado, na natureza, no Rio Tapajós. Essa espécie foi catalogada somente em 2006, sendo, portanto, relativamente nova no aquarismo. Em condições ideais, apresenta um brilho magenta intenso e nuances azuis por todo o corpo. Esse brilho característico inspirou seu nome popular.
COMPORTAMENTO E CONVIVÊNCIA COM OUTRAS ESPÉCIES
Como outros tetras, o Tetra Red Devil é uma espécie de cardume e temperamento pacífico (nada diabólico, como seu nome sugere). Por isso, convive muito bem com outros tetras da mesma e"
https://www.kauar.com.br/peixes-de-agua-doce/tetras-e-rasboras/tetra-takasei-3-a-4-cm-hyphessobrycon,peixe_ou_camarao,Tetra Takasei,Hyphessobrycon takasei,,,,,,4.0 a 7.0,4.0,7.0,24ºC a 30ºC,24.0,30.0,,,,,,,,,https://images.tcdn.com.br/img/img_prod/749804/tetra_takasei_3_a_4_cm_hyphessobrycon_takasei_2459_2_6ec0671e45a9212fb176347512ddf072.jpg,,"Tetra Takasei , um peixe enérgico e elegante para o seu aquário.
O
Tetra Takasei, também conhecido Tetra Coffee Bean(Tetra Grão de Café), devido as suas manchas escuras na parte central do corpo, que lembram grãos de café. O Tetra Takasei possui uma expectativa de vida
de 3 a 4 anos anos. Na natureza é encontrado, nos Rios Oiapoque e Araguari. Em condições ideais no aquário, sua coloração chamará bastante a atenção, possui uma coloração rosada com uma mancha escura na parte central do corpo.
Comportamento e convivência com outras espécies
Como outros tetras, é uma espécie de cardume, de compor"
https://www.kauar.com.br/peixes-de-agua-doce/tetras-e-rasboras/tetra-vinaceus-2-5-a-3-cm,peixe_ou_camarao,Tetra Vinaceus,Hyphessobrycon vinaceus,,,,,,6.0 a 7.6,6.0,7.6,23ºC a 28ºC,23.0,28.0,,,,,,,,,https://images.tcdn.com.br/img/img_prod/749804/tetra_vinaceus_hyphessobrycon_vinaceus_2_5_a_3_cm_2413_1_e99cb2fafda16101f2f88440f1502eb2.jpg,,"TETRA VINACEUS, UM PEIXE DE ÁGUA DOCE PARA SEU AQUÁRIO
O Tetra Vinaceus (Hyphessobrycon vinaceus) é natural da América do Sul e alcança, quando adulto, cerca de 5 cm.  É encontrado, exclusivamente, no Rio São João, um afluente do Rio Pardo. Este rio
possui águas claras, com fluxo rápido, fundo arenosos e uma grande quantidade de vegetação ciliar. O Tetra Vinaceus é encontrado, principalmente, em trechos de águas ágeis, em pequenas cachoeiras.
COMPORTAMENTO E CONVIVÊNCIA COM OUTRAS ESPÉCIES
Como outros tetras, o Tetra Vinaceus é uma espécie de cardume e temperamento pacífico. Por isso, convive "
https://www.kauar.com.br/peixes-de-agua-doce/tetras-e-rasboras/tetra-yellow-2-5-a-3-cm-hyphessobrycon-bifasciatus-novidade,peixe_ou_camarao,Tetra Yellow,Hyphessobrycon bifasciatus,,,,,,5.8 a 7.6,5.8,7.6,23ºC a 28ºC,23.0,28.0,,,,,,,,,https://images.tcdn.com.br/img/img_prod/749804/tetra_yellow_2_5_a_3_cm_hyphessobrycon_bifasciatus_novidade_2337_1_f66c5d6914e5d6de1a5fec3bd54939c0.jpg,,"Tetra Yellow, um peixe de água doce para seu aquário
O Tetra Yellow é encontrado no alto da Bacia do Rio Paraná. Ele alcança um tamanho máximo de 3 cm quando adulto. Na fase juvenil, ele apresenta o corpo acinzentado com as nadadeiras vermelhas, lembrando um Tetra Enfermeirinha. Na fase adulta, assume um tom dourado intenso, sendo os machos ainda mais vibrantes que as as fêmeas.
Comportamento e convivência com outras espécies
Como outros tetras, é uma espécie de cardume, de comportamento pacífico que convive muito bem em aquários comunitários, especialmente, com outros peixes de mesmo porte e "
https://www.kauar.com.br/peixes-de-agua-doce/tetras-neon-tetras-e-rasboras/compra-de-cardume-compre-10-e-leve-11-borboleta,peixe_ou_camarao,COMPRA DE CARDUME: COMPRE 10 PEIXES E LEVE 11,Peixe Borboleta,,,,,,5.0,5.0,5.0,24ºC e 28ºC,24.0,28.0,,,,,,,,,https://images.tcdn.com.br/img/img_prod/749804/compra_de_cardume_compre_10_e_leve_11_borboleta_2037_1_779f29828fd7d6a42ac189838afa5792.jpg,,"Peixe Borboleta
Peixes de Aquário
Peixes Ornamentais
Origem:
Brasil
(Bacia Amazônica), Colômbia, Guiana, Peru e Suriname
Características:
os peixes borboletas estão entre os mais charmosos do aquarismo. São peixinhos de superfície e o nome popular está associado ao formato de seu corpo, que se assemelha à asa de uma borboleta.  Com suas nadadeiras peitorais, que são bastante fortes, os peixes borboletas saltam em busca de insetos que sobrevoam a superfície da água.
Comportamento e convivência com outras espécies:
é uma espécie de cardume e em seu aquário ficará muito mais feliz se estiver na c"
https://www.kauar.com.br/peixes-de-agua-doce/tetras-neon-tetras-e-rasboras/compra-de-cardume-compre-10-e-leve-11-copeina-xadrez,peixe_ou_camarao,COMPRA DE CARDUME: COMPRE 10 PEIXES E LEVE 11,Copeína Xadrez,,,,,,"6,0 a 7,2",6.0,7.2,15 a 20,15.0,20.0,,,,,,,,,https://images.tcdn.com.br/img/img_prod/749804/compra_de_cardume_compre_10_e_leve_11_copeina_xadrez_2027_1_e6c58ead9a76504687c5d2b839fb40b6.jpg,,"Copeína Xadrez
As marcações da Copeína Xadrez são tão lindas que parecem feitas à mão.  É um peixe ornamental de origem amazônica e ficará muito bem ambientando em seu aquário, seja ele um biótopo amazônico ou um aquário comunitário com peixes igualmente pacíficos.
É um peixe, como outros tetras, cardumeiro, por isso, não tenha apenas somente um peixe Copeína Xadrez em seu aquário.  Possui uma cor avermelhada intensa e vibrante, que se destaca também em aguários de águas negras ricas em taninos.
Vem saber mais sobre o Copeína Xadrez e os cuidados médicos veterinários da Kauar. Compre peixes on"
https://www.kauar.com.br/peixes-de-agua-doce/tetras-neon-tetras-e-rasboras/compra-de-cardume-compre-10-e-leve-11-matogrosso,peixe_ou_camarao,Tetra Matogrosso,Hyphessobrycon eques,,,,,,"6,0 a 7,0",6.0,7.0,24ºC e 26ºC,24.0,26.0,,,,,,,,,https://images.tcdn.com.br/img/img_prod/749804/compra_de_cardume_compre_10_e_leve_11_matogrosso_2025_1_19583e241bc14126a99cbefc0878530c.jpg,,"O
Tetra Matogrosso
é um peixe ornamental de aquário de água-doce, pacífico, natural da América do Sul. o Tetra Matogrosso é um peixe pequeno, mas muito resistente. Atingindo apenas 4cm, essa espécie é uma das mais indicadas para decorar qualquer aquário.
Quer saber mais sobre o Tetra Matogroso e os cuidados veterinários da Kauar? E como funciona a entrega até a sua casa? Aprender tudo sobre aclimatação de um novo peixe ornamental em seu aquário? Continue com a Kauar!
ORIGEM, COMPORTAMENTO E CONVÍVIO DO TETRA MATOGROSSO
Pacífico e de fácil adaptação, o mato-grosso é um peixe que vive em cardume"
https://www.kauar.com.br/peixes-de-agua-doce/tetras-neon-tetras-e-rasboras/compra-de-cardume-compre-10-e-leve-11-neon-verde,peixe_ou_camarao,COMPRA DE CARDUME: COMPRE 10 E LEVE 11 PEIXES,Paracheirodons Simulans,,,,,,4.0 a 7.0,4.0,7.0,24ºC a 30ºC,24.0,30.0,,,,,,,,,https://images.tcdn.com.br/img/img_prod/749804/compra_de_cardume_compre_10_e_leve_11_neon_verde_2019_1_28640bb2902896dcd78e56d25834d77e.jpg,,"Tetra Neon Verde
Peixe de Água Doce
Peixe de Aquário
Tamanho:
0,5 a 1 cm
Origem:
Brasil, Colômbia e Venezuela (alto do Orinoco e Bacia do Rio Negro)
Características:
o Tetra Neon Verde alcança um tamanho adulto de aproximadamente 2 cm e possui expectativa de vida de 3 anos. Em condições ideais no aquário, essas marcações adquirem um brilho intenso. Sua cor estrutural é causada pela refração da luz sobre os cristais de guanina que se desenvolvem no interior das células especiais, conhecidas como iridócitos, na camada subcutânea. Dessa forma dependendo do ângulo suas cores podem variar do azul p"
https://www.kauar.com.br/peixes-de-agua-doce/tetras-neon-tetras-e-rasboras/compra-de-cardume-compre-10-e-leve-11-rasbora-esmeralda,peixe_ou_camarao,COMPRA DE CARDUME: COMPRE 10  PEIXES E LEVE 11,Rásbora Esmeralda,,,,,,"6,5 a 7,5",6.5,7.5,20ºC  a 28ºC,20.0,28.0,,,,,,,,,https://images.tcdn.com.br/img/img_prod/749804/compra_de_cardume_compre_10_e_leve_11_rasbora_esmeralda_2041_1_abfd4de052ac76ecee6d7d3e9245b4c4.jpg,,"Rásbora Esmeralda
Peixes de Aquário
Peixes Ornamentais
Tamanho máximo: 3 cm
Origem:
Ásia (Myanmar).
Características:
a
Rásbora Esmeralda
é
um peixe ornamental que alcança no máximo entre 2 a 3 cm
. O tamanho é inversamente proporcional à beleza da Rásbora Esmeralda,
que apresenta um padrão único de cores, . Em disputa por fêmeas, as cores dos machos ficam extremamente vibrantes. As fêmeas, por sua vez, possuem nuances um pouco mais pálidas. O corpo tem um tom mais claro e nadadeiras avermelhadas.
Comportamento e c
oabitação com outras espécies
:
a Rásbora Esmeralda
é um peixe ornamental de car"
https://www.kauar.com.br/peixes-de-agua-doce/tetras-neon-tetras-e-rasboras/compra-de-cardume-compre-10-e-leve-11-rasbora-galaxy,peixe_ou_camarao,COMPRA DE CARDUME: COMPRE 10 PEIXES E LEVE 11,Rásbora Galaxy,,,,,,PH ligeiramente ácido a alcalino (entre 6.4 a 7.6),6.4,7.6,"22
ºC  a 26
ºC",22.0,26.0,,,,,,,,,https://images.tcdn.com.br/img/img_prod/749804/compra_de_cardume_compre_10_peixes_e_leve_11_rasbora_galaxy_1_a_1_5_cm_danio_margaritatus_2039_1_98e0ed20b588189888a06fc657e2c496.jpg,,"RÁSBORA galaxy: esse peixe nano é um show!
A Rásbora Galaxy é um peixe ornamental que alcança no máximo 2 cm, por isso, é considerada uma microrásbora. O tamanho é inversamente proporcional à beleza da Rásbora Galaxy, que apresenta um padrão de pequenas pintas claras sobre o corpo azul escuro, em contraste com nadadeiras vermelhas. Esse padrão de cores e marcações inspirou seu nome popular.
Em disputa por fêmeas, as cores dos machos ficam extremamente vibrantes. As fêmeas, por sua vez, possuem nuances um pouco mais pálidas. O corpo tem um tom mais esverdeado e nadadeiras douradas.
comportament"
https://www.kauar.com.br/peixes-de-agua-doce/tetras-neon-tetras-e-rasboras/compra-de-cardume-compre-10-e-leve-11-rosaceo-prateado,peixe_ou_camarao,COMPRA DE CARDUME: COMPRE 10 PEIXES E LEVE 11,Rosáceo Prateado,,,,,,6.0 a 7.2,6.0,7.2,24ºC e 28ºC,24.0,28.0,,,,,,,,Rosáceos,https://images.tcdn.com.br/img/img_prod/749804/compra_de_cardume_compre_10_peixes_e_leve_11_tanicts_tanichthys_albonubes_2023_1_5edf6fbb282d6512141956dfe9bbc0ea.jpg,,"Rosáceo Prateado, um peixe clássico para seu aquário de água doce
O Rosáceo Prateado,
Hyphessobrycon socolofi, é uma novidade no aquarismo brasileiro. Possui a tradicional mancha avermelhada umeral sobre um corpo em tons de prata, rosa e azul que o torna um espetáculo. Pacífico e gregário, o Rosáceo Prateado, com certeza, vai deixar seu aquário mais colorido e cheio de vida.
Comportamento e convivência com outras espécies
O Rosáceo Prateado é uma espécie de cardume.  Em seu aquário ficará muito mais feliz se estiver na companhia de outros companheiros da mesma espécie. A presença de outros Ros"
https://www.kauar.com.br/peixes-de-agua-doce/tetras-neon-tetras-e-rasboras/compre-10-e-leve-11,peixe_ou_camarao,COMPRA DE CARDUME: COMPRE 10 E LEVE 11 PEIXES,Paracheirodon Axelrodi,,,,,,4.0 a 7,4.0,7.0,23ºC a 30ºC,23.0,30.0,,,,,,,,Cascudos e Coridoras,https://images.tcdn.com.br/img/img_prod/749804/compra_de_cardume_compre_10_e_leve_11_peixes_tetra_neon_cardinal_1_5_a_3_cm_paracheirodon_axelrodi_2015_1_fdf95d55f3a9e2695812dc4331475fef.jpg,,"Tetra Neon Cardinal (Paracheidon Aroldoi) é um peixe amazônico lindo para seu aquário de água doce
O Tetra Neon Cardinal (Paracheidon Aroldoi) é um dos peixes ornamentais mais conhecidos do mundo, pertencente à classe
Actinopterygii, à ordem Characiformes e, finalmente, à família Characidae.
Um verdadeiro clássico do aquarismo de água doce, o peixe Neon Cardinal alcança um tamanho máximo de 4 cm, muito similar ao tamanho de outros peixes tetra, com expectativa de vida de 3 a 5 anos. Em condições ideais, apresenta um brilho intenso no corpo vermelho e na linha azul que cobre toda a extensão sup"
https://www.kauar.com.br/peixes-de-agua-doce/tetras-neon-tetras-e-rasboras/hyphessobrycon-agulha,peixe_ou_camarao,Tetra Agulha,Hyphessobrycon agulha,,,,,,4.0 a 7.2,4.0,7.2,24ºC e 28ºC,24.0,28.0,,,,,,,,,https://images.tcdn.com.br/img/img_prod/749804/tetra_agulha_hyphessobrycon_agulha_3_a_4_5_cm_1963_1_0b49d0b2a1fef560d72e924a2cb79201.jpeg,,"Tetra Agulha (Hyphessobry agulha)
O Tetra Agulha é uma espécie de tetra nativa do Rio Madeira, rio da bacia do rio Amazonas que banha os estados de Rondônia e do Amazonas. Um peixe muito difícil de se encontrar no comércio Brasileiro, já que a grande maioria dos espécimes coletados são exportados. É um peixe com formato de corpo levemente alongado, daí o nome, possui cores avermelhadas, com uma faixa em um tom mais escuro de vermelho, com contornos dourados, que percorre todo seu corpo. A cauda tingida de vermelho, que lhe dá o apelido de agulha Red Tail. É um peixe que vai se destacar muito e"
https://www.kauar.com.br/peixes-de-agua-doce/tetras-neon-tetras-e-rasboras/rosaceo-dourado-hyphessobrycon-paepkei,peixe_ou_camarao,Rosaceo Dourado,Hyphessobrycon paepkei,,,,,,6.0 a 7.2,6.0,7.2,24ºC e 28ºC,24.0,28.0,,,,,,,,Rosáceos,https://images.tcdn.com.br/img/img_prod/749804/rosaceo_dourado_2_a_4_cm_hyphessobrycon_paepkei_raridade_1961_1_2cda1518f805d60088be1c73e0aaba03.jpg,,"Rosáceo Dourado, um peixe lindo para seu aquário de água doce
O Rosáceo dourado, Hyphessobrycon paepkei, é uma novidade no aquarismo brasileiro. Natural da América do Sul, da Bacia do Rio Negro, o Rosáceo é
u
m peixe belíssimo com um nado elegante. Todas as variações de Rosáceos
possuem uma mancha avermelhada umeral. Pacífico e gregário, o Rosáceo Dourado, com certeza, vai deixar seu aquário mais lindo e vibrante!
Comportamento e convivência com outras espécies
O Rosáceo Dourado é uma espécie de cardume.  Em seu aquário ficará muito mais feliz se estiver na companhia de outros companheiros da "
https://www.kauar.com.br/peixes-de-agua-doce/tetras-neon-tetras-e-rasboras/tetra-aruana-3-a-4-cm-gnathocharax-steindachneri,peixe_ou_camarao,Tetra Aruanã  (Raridade!!!),Gnathocharax steindachneri,,,,,,5.5,5.5,5.5,23° a 28° C,23.0,28.0,,,,,,,,,https://images.tcdn.com.br/img/img_prod/749804/tetra_aruana_raridade_3_a_4_cm_gnathocharax_steindachneri_1959_1_bccf4a9cbe32555b02069f830e24fcad.jpg,,"TETRA ARUANÃ (GNATHOCHARAX STEINDACHNERI): UMA RARIDADE PARA SEU AQUÁRIO COMUNITÁRIO OU AMAZÔNICO
Sem espaço para manter uma Aruanã? Este maravilhoso peixinho irá satisfazer sua vontade com apenas 5cm de tamanho máximo!
O tetra Aruanã, é um peixe da família dos Caracídeos, sendo o único representante de seu gênero: Gnathocharax. O  formato do corpo alongado, grandes nadadeiras laterais e a boca que se abre como um alçapão, fazem dele um perfeito peixe de superfície, possuindo características bem parecidas com o do famoso Peixe Aruanã, daí o seu nome!!! É um peixe de cardume e de pequeno porte,"
https://www.kauar.com.br/peixes-de-agua-doce/tetras-neon-tetras-e-rasboras/tetra-pinguim-balao-thayeria-boehlkei,peixe_ou_camarao,Tetra Pinguim Balão,Thayeria Boehlkei,,,,,,6.0 a 7.6,6.0,7.6,22ºC a 28ºC,22.0,28.0,,,,,,,,,https://images.tcdn.com.br/img/img_prod/749804/tetra_pinguim_balao_thayeria_boehlkei_2011_1_6d1a0d0af43fc5128eee805018e5888c.jpg,,"Tetra Pinguim Balão
Peixes de Aquário
Peixes de Água Doce
Imagens ilustrativas : @jjphoto.dk
Origem:
América do Sul.
Características:
O Tetra Pinguim Balão é um peixe sociável, e de cardumes, portanto são bons para serem mantidos em aquários comunitários. Esse peixe de água doce pode viver em seu aquário por cerca de 3 a 5 anos.
Comportamento e convivência com outras espécies
: é uma espécie de cardume, de comportamento pacífico que, que convive muito bem em aquário comunitários, especialmente, com outros tetras. Mantenha, pelo menos, cerca de 10 indivíduos em seu aquário, para que as cores do"
https://www.kauar.com.br/racao-para-peixes/cistos-para-eclosao-de-artemias-5-g,peixe_ou_camarao,Cistos para eclosão de artêmias,,,,,,,,,,,,,,,,,,,,,https://images.tcdn.com.br/img/img_prod/749804/cistos_para_eclosao_de_artemias_5_g_2381_1_737ec8fc99543fdf7a83cfd094aa23c8.jpg,,"CISTOS DE ARTÊMIA PARA ECLOSÃO
Excelente opção de alimento vivo, as artêmias recé-eclodidas são uma excelente fonte de proteínas para seus peixes.
Bora experimentar?
Uma alimentação de qualidade é fundamental para a manutenção da saúde e bem-estar dos seus peixes. Quanto mais nutritiva a alimentação, mais os peixes serão beneficiados com fortalecimento da sua imunidade, vitalidade e força.
Uma nutrição ruim pode acarretar diversos problemas ao seu peixe como: má formação óssea, emagrecimento, cores pálidas, comportamento apático e liberação de matéria orgânica em excesso como amônia e nitrito,"
https://www.kauar.com.br/racao-para-peixes/racao-com-enriquecimento-kauar,peixe_ou_camarao,Ração com enriquecimento Kauar,,,,,,,,,,,,,,,,,,,,,https://images.tcdn.com.br/img/img_prod/749804/racao_com_enriquecimento_kauar_2323_1_d5b424ea1a2b9f6d7cecf3da4dce8c6e.jpg,,"RAÇÃO COM ENRIQUECIMENTO KAUAR
Que tal alimentar seu peixes Kauar com a mesma ração que usamos aqui, em nosso dia a dia de cuidados? A ração com enriquecimento Kauar possui prebióticos, probióticos e vitaminas. Possui
ingredientes balanceados, que vão suprir as necessidades nutricionais de seus peixes, com um ótimo custo benefício. Bora experimentar?
Uma alimentação de qualidade é fundamental para a manutenção da saúde e bem-estar dos seus peixes. Quanto mais nutritiva a alimentação, mais os peixes serão beneficiados com fortalecimento da sua imunidade, vitalidade e força.
Uma nutrição ruim po"
